[31Jul2026 21:19:16.487] [main/INFO] [cpw.mods.modlauncher.Launcher/MODLAUNCHER]: ModLauncher running: args [--launchTarget, forgeserver, --fml.forgeVersion, 47.4.20, --fml.mcVersion, 1.20.1, --fml.forgeGroup, net.minecraftforge, --fml.mcpVersion, 20230612.114412, nogui]
[31Jul2026 21:19:16.490] [main/INFO] [cpw.mods.modlauncher.Launcher/MODLAUNCHER]: ModLauncher 10.0.9+10.0.9+main.dcd20f30 starting: java version 17.0.19 by Ubuntu; OS Linux arch amd64 version 6.8.0-1052-azure
[31Jul2026 21:19:42.405] [main/INFO] [net.minecraftforge.fml.loading.ImmediateWindowHandler/]: ImmediateWindowProvider not loading because launch target is forgeserver
[31Jul2026 21:19:42.537] [main/INFO] [mixin/]: SpongePowered MIXIN Subsystem Version=0.8.5 Source=union:/workspaces/prueba/servidor_minecraft/libraries/org/spongepowered/mixin/0.8.5/mixin-0.8.5.jar%2365!/ Service=ModLauncher Env=SERVER
[31Jul2026 21:19:43.610] [main/WARN] [net.minecraftforge.fml.loading.moddiscovery.ModFileParser/LOADING]: Mod file /workspaces/prueba/servidor_minecraft/libraries/net/minecraftforge/fmlcore/1.20.1-47.4.20/fmlcore-1.20.1-47.4.20.jar is missing mods.toml file
[31Jul2026 21:19:43.613] [main/WARN] [net.minecraftforge.fml.loading.moddiscovery.ModFileParser/LOADING]: Mod file /workspaces/prueba/servidor_minecraft/libraries/net/minecraftforge/javafmllanguage/1.20.1-47.4.20/javafmllanguage-1.20.1-47.4.20.jar is missing mods.toml file
[31Jul2026 21:19:43.614] [main/WARN] [net.minecraftforge.fml.loading.moddiscovery.ModFileParser/LOADING]: Mod file /workspaces/prueba/servidor_minecraft/libraries/net/minecraftforge/lowcodelanguage/1.20.1-47.4.20/lowcodelanguage-1.20.1-47.4.20.jar is missing mods.toml file
[31Jul2026 21:19:43.616] [main/WARN] [net.minecraftforge.fml.loading.moddiscovery.ModFileParser/LOADING]: Mod file /workspaces/prueba/servidor_minecraft/libraries/net/minecraftforge/mclanguage/1.20.1-47.4.20/mclanguage-1.20.1-47.4.20.jar is missing mods.toml file
[31Jul2026 21:19:44.991] [main/WARN] [net.minecraftforge.jarjar.selection.JarSelector/]: Attempted to select a dependency jar for JarJar which was passed in as source: resourcefullib. Using Mod File: /workspaces/prueba/servidor_minecraft/mods/resourcefullib-forge-1.20.1-2.1.29.jar
[31Jul2026 21:19:44.991] [main/INFO] [net.minecraftforge.fml.loading.moddiscovery.JarInJarDependencyLocator/]: Found 37 dependencies adding them to mods collection
[31Jul2026 21:19:45.067] [main/WARN] [net.minecraftforge.fml.loading.moddiscovery.ModFile/]: fdlib-1.0.9-1.20.1.jar contains an invalid 'accessTransformers' TOML entry. Should be e.g. accessTransformers = ["META-INF/accesstransformer.cfg", "META-INF/extra_at.cfg"] or accessTransformers = [] for no ATs. Falling back to default.
[31Jul2026 21:19:45.127] [main/WARN] [net.minecraftforge.fml.loading.moddiscovery.ModFile/]: cinematiccataclysm-1.0.1-1.20.1.jar contains an invalid 'accessTransformers' TOML entry. Should be e.g. accessTransformers = ["META-INF/accesstransformer.cfg", "META-INF/extra_at.cfg"] or accessTransformers = [] for no ATs. Falling back to default.
[31Jul2026 21:19:51.462] [main/INFO] [mixin/]: Compatibility level set to JAVA_17
[31Jul2026 21:19:51.619] [main/ERROR] [mixin/]: Mixin config celestisynth.mixins.json does not specify "minVersion" property
[31Jul2026 21:19:51.665] [main/ERROR] [mixin/]: Mixin config orpheus.mixins.json does not specify "minVersion" property
[31Jul2026 21:19:52.103] [main/ERROR] [mixin/]: Mixin config furniture-common.mixins.json does not specify "minVersion" property
[31Jul2026 21:19:52.474] [main/ERROR] [mixin/]: Mixin config yacl.mixins.json does not specify "minVersion" property
[31Jul2026 21:19:52.566] [main/INFO] [mixin/]: Successfully loaded Mixin Connector [ca.spottedleaf.starlight.mixin.MixinConnector]
[31Jul2026 21:19:52.567] [main/INFO] [mixin/]: Successfully loaded Mixin Connector [com.sonicether.soundphysics.MixinConnector]
[31Jul2026 21:19:52.572] [main/INFO] [cpw.mods.modlauncher.LaunchServiceHandler/MODLAUNCHER]: Launching target 'forgeserver' with arguments [nogui]
[31Jul2026 21:19:52.946] [main/INFO] [ModernFix/]: Loaded configuration file for ModernFix 5.27.66+mc1.20.1: 110 options available, 1 override(s) found
[31Jul2026 21:19:52.947] [main/WARN] [ModernFix/]: Option 'mixin.perf.thread_priorities' overriden (by mods [smoothboot]) to 'false'
[31Jul2026 21:19:52.947] [main/INFO] [ModernFix/]: Applying Nashorn fix
[31Jul2026 21:19:52.964] [main/INFO] [ModernFix/]: Applied Forge config corruption patch
[31Jul2026 21:19:53.010] [main/WARN] [mixin/]: Reference map 'lmft-common-refmap.json' for lmft-common.mixins.json could not be read. If this is a development environment you can ignore this message
[31Jul2026 21:19:53.292] [main/WARN] [mixin/]: Reference map 'puzzlesaccessapi.common.refmap.json' for puzzlesaccessapi.common.mixins.json could not be read. If this is a development environment you can ignore this message
[31Jul2026 21:19:53.384] [main/WARN] [mixin/]: Reference map 'fastpaintings-forge-refmap.json' for fastpaintings-forge.mixins.json could not be read. If this is a development environment you can ignore this message
[31Jul2026 21:19:53.510] [main/INFO] [Puzzles Lib/]: Loading 228 mods:
	- a_good_place 1.20-1.2.8
	- advancementplaques 1.6.9
	- aiimprovements 0.5.2
	- alexscaves 2.0.2
	- alexsmobs 1.22.9
	- alexsmobsnaturalistcompat 1.3.0
	- alltheleaks 1.1.1+1.20.1-forge
	- almanac 1.0.2
	- alternate_current 1.7.0
	- appleskin 2.5.1+mc1.20.1
	- apprenticecodex 0.9.6
	- architectury 9.2.14
	- arkane_domains 1.8.2
	- armageddon_mod 3.0.04
	- attributefix 21.0.5
	- attributeslib 1.3.7
	- azurelib 3.1.12
	- badoptimizations 2.4.1
	- baguettelib 1.1.6
	- balm 7.3.41
		\-- kuma_api 20.1.12
	- bc_particle 0.0.6-forge-1.20.1
	- bclib 20.0.11
	- beachparty 2.0.3
	- betterchunkloading 1.20.1-5.4
	- bettercombat 1.9.0+1.20.1
	- betterdeserttemples 1.20-Forge-3.0.3
	- betterdungeons 1.20-Forge-4.0.4
	- betterendisland 1.20-Forge-2.0.6
	- betterfortresses 1.20-Forge-2.0.6
	- betterjungletemples 1.20-Forge-2.0.5
	- bettermineshafts 1.20-Forge-4.0.4
	- betteroceanmonuments 1.20-Forge-3.0.4
	- bfendcities 1.0
	- block_factorys_bosses 2.1.2
	- bloomingnature 1.0.12
	- blue_skies 1.3.31
	- blueprint 7.1.3
	- born_in_chaos_v1 1.7.5
	- boss_checklist 5.2.0
	- boss_music_mod 1.2.0
	- caravans 3.0.0
	- carbonconfig 1.20-2.0.2.1
	- cataclysm 3.31
	- cataclysm_compat 1.20.1-1.0.2
	- celestisynth 1.20.1-1.3.4
	- chisel 2.0.0+mc1.20.1
	- chococraft 0.9.12
	- chunksending 1.20.1-2.8
	- cinematiccataclysm 1.0.1
	- citadel 2.6.3
	- cloth_config 11.1.136
	- clumps 12.0.0.4
	- collective 8.39
	- combatroll 1.3.3+1.20.1
	- connectivity 1.20.1-7.6
	- corgilib 4.0.3.4
	- coroutil 1.20.1-1.3.7
	- corpse 1.20.1-1.0.23
	- corpsecurioscompat 4.0.1
	- creativecore 2.12.39
	- creeperoverhaul 3.0.2
	- cryonicconfig 1.0.0+mc1.20.1
	- culllessleaves 1.20.1-1.0.5
	- cupboard 1.20.1-3.9
	- curios 5.14.1+1.20.1
	- customnpcs 1.20.1.20260711
	- darkerdepths 2.1.4
	- darksleep 1.0.0
	- dataanchor 1.0.0.20
	- doapi 1.2.15
		\-- terraform 7.0.1
	- droptherock 1.20.1-2.0.1
	- easyanvils 8.0.2
	- easymagic 8.0.1
	- elcamas 0.0NONE
	- elysium_api 1.1.3
	- emi 1.1.24+1.20.1+forge
	- endrem 5.3.3-R-1.20.1
	- enhanced_boss_bars 1.20.1-1.0.0
	- enhancedai 3.3.7.3
	- enhancedcelestials 1.20.1-5.0.3.2
	- enhancedvisuals 1.8.29
	- explosiveenhancement 1.1.0
	- fallingtrees 0.13.2
	- fangs_n_claws 1.2.2
	- fape_compat 0.5
		\-- mixinsquared 0.3.7-beta.1
	- farm_and_charm 1.0.14
	- fastasyncworldsave 1.20.1-2.6
	- fastitemframes 20.1.5
	- fastload 3.4.0
	- fastpaintings 1.20-1.2.7
	- fathomless 1.2.4
	- fdlib 1.0.9
	- ferritecore 6.0.1
	- flerovium 1.2.19
	- forge 47.4.20
	- fragmentum 1.5.2
		\-- yet_another_config_lib_v3 3.6.6+1.20.1-forge
	- furniture 1.0.4
	- fwa 1.2.31
	- fzzy_config 0.7.6+1.20.1+forge
	- gbf 1.0.1
	- geckolib 4.8.4
	- getittogetherdrops 1.3
	- gpumemleakfix 1.20.1-1.8
	- grimoireofgaia 4.0.0-alpha.12
	- gtbcs_spell_lib 1.5.0-1.20.1
	- guardvillagers 1.20.1-1.6.18
	- hardernaturalhealing 46.1.14
	- hazennstuff 1.1.2
	- herbalbrews 1.0.12
	- iceberg 1.1.25
	- illageandspillage 1.2.8
	- immediatelyfast 1.5.5+1.20.4
	- immersive_optimization 0.2.0
	- immersive_paintings 0.6.13+1.20.1
	- improvedmobs 1.20.1-1.13.7
	- incendium 5.3.5
	- insanelib 1.23.4.6
	- irons_lib 1.20.1-2.1.0
	- irons_spellbooks 1.20.1-3.16.2
	- itemphysic 1.8.13
	- kaleidoscope_cookery 1.4.1-forge+mc1.20.1
	- kotlinforforge 4.12.0
	- krypton 0.2.3
	- leaky 1.20.1-2.3
	- legendary_monsters 1.20.1
	- letmedespawn 1.5.0
	- limitedchunks 1.8
	- lionfishapi 3.0
	- lmft 1.0.4+1.20.1
	- locks 1.20.1-1.2.4
	- logbegone 1.0.8
	- majruszlibrary 7.0.8
	- meadow 1.3.25
	- minecraft 1.20.1
	- mobconversion 1.0.1
	- modernfix 5.27.66+mc1.20.1
	- modfixer 0.0.7
	- moonlight 1.20-2.16.34
	- mowziesmobs 1.8.2
	- mr_ati_structuresfabricforge 1.4.5
	- mr_blooming_biosphere 1.1.0
	- mr_dungeons_andtaverns 3.0.3.f
	- mr_limesplatus_ending 1-v1.1.0c
	- mr_lukis_grandcapitals 1.1.3
	- mr_lukis_strongholds 1-v1.0
	- mr_lukis_woodlandmansions 1-v.1.0
	- multimine 1.20.1.4
	- mutantmonsters 8.0.8
	- mutantmore 1.0.0
	- mythsandlegends 0.0.8.8
	- naturalist 5.0pre5
		\-- midnightlib 1.4.2
	- netherexp 2.3.5
	- nexuslayer 1.1.4
	- notreepunching 7.1.0
	- ntrials 2.0.0-HOTFIX
	- obscure_api 18
	- octolib 0.5.0.1
	- orpheus 1.1-1.20.1
	- pandalib 0.5.2
	- paraglider 20.1.3
	- pehkui 3.8.2+1.20.1-forge
	- placebo 8.6.3
	- platform 1.3.4
	- playeranimator 1.0.2-rc1+1.20
	- playerrevive 2.0.31
	- polymorph 0.49.10+1.20.1
		\-- spectrelib 0.13.17+1.20.1
	- primal 1.1.6
	- puzzleslib 8.1.33
		\-- puzzlesaccessapi 20.1.1
	- quickskin 2.6.2.4
	- realmrpg_demons 0.9.0
	- realmrpg_skeletons 1.1.0
	- recipeessentials 1.20.1-4.7
	- regions_unexplored 0.5.6
	- relics 0.8.0.13
	- resourcefulconfig 2.1.3
	- resourcefullib 2.1.29
	- saintsdragons 0.8.2
	- sarosclearlag 1.0.1
	- scalinghealth 8.0.2+9
	- seadwellers 2.9.9
	- securitycraft 1.10.2.1
	- servercore 1.5.2+1.20.1
	- shieldexp 1.3.7
	- silentlib 8.0.0
	- simplyswords 1.56.0-1.20.1
	- smoothboot 0.0.4
	- sodiumoptionsapi 1.0.10
		\-- fabric_api_base 0.4.31+ef105b4977
	- sophisticatedbackpacks 3.24.62.2017
	- sophisticatedcore 1.3.73.2192
	- sound_physics_remastered 1.20.1-1.4.10
	- starlight 1.1.2+forge.1cda73c
	- structure_gel 2.16.2
	- structureessentials 1.20.1-5.0
	- subtle_effects 1.14.3
	- takesapillage 1.0.3
	- tenshilib 1.20.1-1.7.6
	- terrablender 3.0.1.10
	- thirst 1.20.1-1.4.0
	- travelerstitles 1.20-Forge-4.0.2
	- tumbleweed 0.5.5
	- twoplayersonehorse 1.0.3
	- undergarden 0.8.14
	- unified_combat 1.0.0
	- unusual_furniture 1.1.1
	- unusualend 2.3.1.2
	- vanillabackport 1.1.7.10
	- vanillin 1.1.3
		\-- flywheel 1.0.4
	- villagernames 8.5
	- visualworkbench 8.0.1
	- vminus 3.3.1
	- voicechat 1.20.1-2.6.21
		\-- voicechat_api 2.6.20
	- waystones 14.1.20
	- weaponmaster_ydm 4.2.3
	- wither_spawn_animation 1.6.2
	- witherreincarnated 1.0.5
	- wunderlib 20.0.1
	- xaerominimap 26.4.2
		\-- xaerolib 1.7.1
	- yungsapi 1.20-Forge-4.0.6
	- yungsbridges 1.20-Forge-4.0.3
[31Jul2026 21:19:53.741] [main/WARN] [mixin/]: Reference map 'fastitemframes.forge.refmap.json' for fastitemframes.forge.mixins.json could not be read. If this is a development environment you can ignore this message
[31Jul2026 21:19:53.917] [main/WARN] [mixin/]: Reference map 'pandalib-common-common-refmap.json' for pandalib-common.mixins.json could not be read. If this is a development environment you can ignore this message
[31Jul2026 21:19:53.943] [main/WARN] [mixin/]: Reference map 'mixins.armageddon_mod.refmap.json' for mixins.armageddon_mod.json could not be read. If this is a development environment you can ignore this message
[31Jul2026 21:19:53.946] [main/WARN] [mixin/]: Reference map 'limitedchunks.refmap.json' for limitedchunks.mixins.json could not be read. If this is a development environment you can ignore this message
[31Jul2026 21:19:54.082] [main/WARN] [mixin/]: Reference map 'simplyswords-forge-refmap.json' for simplyswords.mixins.json could not be read. If this is a development environment you can ignore this message
[31Jul2026 21:19:54.192] [main/WARN] [mixin/]: Reference map 'coroutil.refmap.json' for coroutil.mixins.json could not be read. If this is a development environment you can ignore this message
[31Jul2026 21:19:55.167] [main/INFO] [net.minecraftforge.coremod.CoreMod.placebo/COREMODLOG]: Patching IForgeItemStack#getEnchantmentLevel
[31Jul2026 21:19:55.200] [main/INFO] [net.minecraftforge.coremod.CoreMod.placebo/COREMODLOG]: Patching IForgeItemStack#getEnchantmentLevel
[31Jul2026 21:19:56.043] [main/ERROR] [net.minecraftforge.fml.loading.RuntimeDistCleaner/DISTXFORM]: Attempted to load class net/minecraft/client/renderer/item/ItemProperties for invalid dist DEDICATED_SERVER
[31Jul2026 21:19:56.044] [main/WARN] [mixin/]: Error loading class: net/minecraft/client/renderer/item/ItemProperties (java.lang.RuntimeException: Attempted to load class net/minecraft/client/renderer/item/ItemProperties for invalid dist DEDICATED_SERVER)
[31Jul2026 21:19:56.044] [main/WARN] [mixin/]: @Mixin target net.minecraft.client.renderer.item.ItemProperties was not found mixins.vminus.json:items.ItemPropertiesMixin
[31Jul2026 21:19:56.085] [main/ERROR] [net.minecraftforge.fml.loading.RuntimeDistCleaner/DISTXFORM]: Attempted to load class net/minecraft/client/renderer/block/BlockRenderDispatcher for invalid dist DEDICATED_SERVER
[31Jul2026 21:19:56.085] [main/WARN] [mixin/]: Error loading class: net/minecraft/client/renderer/block/BlockRenderDispatcher (java.lang.RuntimeException: Attempted to load class net/minecraft/client/renderer/block/BlockRenderDispatcher for invalid dist DEDICATED_SERVER)
[31Jul2026 21:19:56.086] [main/WARN] [mixin/]: @Mixin target net.minecraft.client.renderer.block.BlockRenderDispatcher was not found vanillabackport.mixins.json:access.BlockRenderDispatcherAccessor
[31Jul2026 21:19:56.171] [main/WARN] [mixin/]: Error loading class: net/mehvahdjukaar/stone_zone/api/set/stone/StoneType (java.lang.ClassNotFoundException: net.mehvahdjukaar.stone_zone.api.set.stone.StoneType)
[31Jul2026 21:19:56.179] [main/WARN] [mixin/]: Error loading class: jeresources/api/util/BiomeHelper (java.lang.ClassNotFoundException: jeresources.api.util.BiomeHelper)
[31Jul2026 21:19:56.183] [main/WARN] [mixin/]: Error loading class: yalter/mousetweaks/Main (java.lang.ClassNotFoundException: yalter.mousetweaks.Main)
[31Jul2026 21:19:56.362] [main/WARN] [mixin/]: Error loading class: umpaz/brewinandchewin/common/block/entity/KegBlockEntity (java.lang.ClassNotFoundException: umpaz.brewinandchewin.common.block.entity.KegBlockEntity)
[31Jul2026 21:19:56.363] [main/WARN] [mixin/]: @Mixin target umpaz.brewinandchewin.common.block.entity.KegBlockEntity was not found thirst.mixin.json:accessors.brewinandchewin.KegBlockEntityAccessor
[31Jul2026 21:19:56.366] [main/WARN] [mixin/]: Error loading class: umpaz/brewinandchewin/common/block/entity/KegBlockEntity (java.lang.ClassNotFoundException: umpaz.brewinandchewin.common.block.entity.KegBlockEntity)
[31Jul2026 21:19:56.367] [main/WARN] [mixin/]: @Mixin target umpaz.brewinandchewin.common.block.entity.KegBlockEntity was not found thirst.mixin.json:brewinandchewin.MixinKegBlockEntity
[31Jul2026 21:19:56.371] [main/WARN] [mixin/]: Error loading class: umpaz/brewinandchewin/common/crafting/KegFermentingRecipe (java.lang.ClassNotFoundException: umpaz.brewinandchewin.common.crafting.KegFermentingRecipe)
[31Jul2026 21:19:56.372] [main/WARN] [mixin/]: @Mixin target umpaz.brewinandchewin.common.crafting.KegFermentingRecipe was not found thirst.mixin.json:brewinandchewin.MixinKegFermentingRecipe
[31Jul2026 21:19:56.377] [main/WARN] [mixin/]: Error loading class: com/simibubi/create/content/processing/basin/BasinRecipe (java.lang.ClassNotFoundException: com.simibubi.create.content.processing.basin.BasinRecipe)
[31Jul2026 21:19:56.377] [main/WARN] [mixin/]: @Mixin target com.simibubi.create.content.processing.basin.BasinRecipe was not found thirst.mixin.json:create.MixinBasinRecipe
[31Jul2026 21:19:56.380] [main/WARN] [mixin/]: Error loading class: com/simibubi/create/content/fluids/spout/FillingBySpout (java.lang.ClassNotFoundException: com.simibubi.create.content.fluids.spout.FillingBySpout)
[31Jul2026 21:19:56.380] [main/WARN] [mixin/]: @Mixin target com.simibubi.create.content.fluids.spout.FillingBySpout was not found thirst.mixin.json:create.MixinFillingBySpout
[31Jul2026 21:19:56.384] [main/WARN] [mixin/]: Error loading class: com/simibubi/create/content/fluids/transfer/FluidDrainingBehaviour (java.lang.ClassNotFoundException: com.simibubi.create.content.fluids.transfer.FluidDrainingBehaviour)
[31Jul2026 21:19:56.384] [main/WARN] [mixin/]: @Mixin target com.simibubi.create.content.fluids.transfer.FluidDrainingBehaviour was not found thirst.mixin.json:create.MixinFluidDrainingBehaviour
[31Jul2026 21:19:56.389] [main/WARN] [mixin/]: Error loading class: com/simibubi/create/content/fluids/transfer/GenericItemEmptying (java.lang.ClassNotFoundException: com.simibubi.create.content.fluids.transfer.GenericItemEmptying)
[31Jul2026 21:19:56.389] [main/WARN] [mixin/]: @Mixin target com.simibubi.create.content.fluids.transfer.GenericItemEmptying was not found thirst.mixin.json:create.MixinGenericItemEmptying
[31Jul2026 21:19:56.395] [main/WARN] [mixin/]: Error loading class: com/simibubi/create/content/fluids/transfer/GenericItemFilling (java.lang.ClassNotFoundException: com.simibubi.create.content.fluids.transfer.GenericItemFilling)
[31Jul2026 21:19:56.395] [main/WARN] [mixin/]: @Mixin target com.simibubi.create.content.fluids.transfer.GenericItemFilling was not found thirst.mixin.json:create.MixinGenericItemFilling
[31Jul2026 21:19:56.400] [main/WARN] [mixin/]: Error loading class: com/simibubi/create/api/equipment/goggles/IHaveGoggleInformation (java.lang.ClassNotFoundException: com.simibubi.create.api.equipment.goggles.IHaveGoggleInformation)
[31Jul2026 21:19:56.400] [main/WARN] [mixin/]: @Mixin target com.simibubi.create.api.equipment.goggles.IHaveGoggleInformation was not found thirst.mixin.json:create.MixinIHaveGoggleInformation
[31Jul2026 21:19:56.407] [main/WARN] [mixin/]: Error loading class: com/simibubi/create/content/fluids/OpenEndedPipe (java.lang.ClassNotFoundException: com.simibubi.create.content.fluids.OpenEndedPipe)
[31Jul2026 21:19:56.407] [main/WARN] [mixin/]: @Mixin target com.simibubi.create.content.fluids.OpenEndedPipe was not found thirst.mixin.json:create.MixinOpenEndedPipe
[31Jul2026 21:19:56.414] [main/WARN] [mixin/]: Error loading class: umpaz/farmersrespite/common/block/entity/KettleBlockEntity (java.lang.ClassNotFoundException: umpaz.farmersrespite.common.block.entity.KettleBlockEntity)
[31Jul2026 21:19:56.414] [main/WARN] [mixin/]: @Mixin target umpaz.farmersrespite.common.block.entity.KettleBlockEntity was not found thirst.mixin.json:farmersrespite.MixinKettleBlockEntity
[31Jul2026 21:19:56.418] [main/WARN] [mixin/]: Error loading class: snownee/jade/api/view/FluidView (java.lang.ClassNotFoundException: snownee.jade.api.view.FluidView)
[31Jul2026 21:19:56.418] [main/WARN] [mixin/]: @Mixin target snownee.jade.api.view.FluidView was not found thirst.mixin.json:jade.MixinFluidView
[31Jul2026 21:19:56.422] [main/WARN] [mixin/]: Error loading class: toughasnails/item/EmptyCanteenItem (java.lang.ClassNotFoundException: toughasnails.item.EmptyCanteenItem)
[31Jul2026 21:19:56.422] [main/WARN] [mixin/]: @Mixin target toughasnails.item.EmptyCanteenItem was not found thirst.mixin.json:toughasnails.MixinEmptyCanteenItem
[31Jul2026 21:19:56.426] [main/WARN] [mixin/]: Error loading class: toughasnails/config/ThirstConfig (java.lang.ClassNotFoundException: toughasnails.config.ThirstConfig)
[31Jul2026 21:19:56.426] [main/WARN] [mixin/]: @Mixin target toughasnails.config.ThirstConfig was not found thirst.mixin.json:toughasnails.MixinServerConfig
[31Jul2026 21:19:56.430] [main/WARN] [mixin/]: Error loading class: toughasnails/thirst/ThirstHandler (java.lang.ClassNotFoundException: toughasnails.thirst.ThirstHandler)
[31Jul2026 21:19:56.430] [main/WARN] [mixin/]: @Mixin target toughasnails.thirst.ThirstHandler was not found thirst.mixin.json:toughasnails.MixinThirstHandler
[31Jul2026 21:19:56.433] [main/WARN] [mixin/]: Error loading class: toughasnails/thirst/ThirstHelperImpl (java.lang.ClassNotFoundException: toughasnails.thirst.ThirstHelperImpl)
[31Jul2026 21:19:56.433] [main/WARN] [mixin/]: @Mixin target toughasnails.thirst.ThirstHelperImpl was not found thirst.mixin.json:toughasnails.MixinThirstHelperImpl
[31Jul2026 21:19:56.437] [main/WARN] [mixin/]: Error loading class: vazkii/botania/forge/xplat/ForgeXplatImpl (java.lang.ClassNotFoundException: vazkii.botania.forge.xplat.ForgeXplatImpl)
[31Jul2026 21:19:56.437] [main/WARN] [mixin/]: @Mixin target vazkii.botania.forge.xplat.ForgeXplatImpl was not found thirst.mixin.json:botania.MixinForgeXplatImpl
[31Jul2026 21:19:56.560] [main/WARN] [mixin/]: Error loading class: com/teammetallurgy/aquaculture/entity/AquaFishingBobberEntity (java.lang.ClassNotFoundException: com.teammetallurgy.aquaculture.entity.AquaFishingBobberEntity)
[31Jul2026 21:19:56.585] [main/WARN] [mixin/]: Error loading class: noobanidus/mods/lootr/block/entities/TileTicker (java.lang.ClassNotFoundException: noobanidus.mods.lootr.block.entities.TileTicker)
[31Jul2026 21:19:56.711] [main/WARN] [mixin/]: Error loading class: me/jellysquid/mods/sodium/client/render/chunk/occlusion/OcclusionCuller (java.lang.ClassNotFoundException: me.jellysquid.mods.sodium.client.render.chunk.occlusion.OcclusionCuller)
[31Jul2026 21:19:56.711] [main/WARN] [mixin/]: @Mixin target me.jellysquid.mods.sodium.client.render.chunk.occlusion.OcclusionCuller was not found flerovium.mixins.json:Chunk.OcclusionCullerMixin
[31Jul2026 21:19:56.715] [main/ERROR] [net.minecraftforge.fml.loading.RuntimeDistCleaner/DISTXFORM]: Attempted to load class net/minecraft/client/Minecraft for invalid dist DEDICATED_SERVER
[31Jul2026 21:19:56.716] [main/WARN] [mixin/]: Error loading class: net/minecraft/client/Minecraft (java.lang.RuntimeException: Attempted to load class net/minecraft/client/Minecraft for invalid dist DEDICATED_SERVER)
[31Jul2026 21:19:56.716] [main/WARN] [mixin/]: @Mixin target net.minecraft.client.Minecraft was not found fragmentum.mixins.json:MixinMinecraft
[31Jul2026 21:19:56.816] [main/WARN] [mixin/]: Error loading class: net/minecraft/client/player/KeyboardInput (java.lang.ClassNotFoundException: net.minecraft.client.player.KeyboardInput)
[31Jul2026 21:19:56.817] [main/WARN] [mixin/]: @Mixin target net.minecraft.client.player.KeyboardInput was not found fdlib.mixins.json:KeyboardInputMixin
[31Jul2026 21:19:56.827] [main/INFO] [AllTheLeaks/]: Class dev.uncandango.alltheleaks.leaks.common.mods.moonlight.UntrackedIssue001 will be loaded as it matches versions: 1.20-2.16.34 in [1.20-2.13.32,)
[31Jul2026 21:19:56.827] [main/INFO] [AllTheLeaks/]: Mixins added to allowed list: [main.FakeLevelManagerMixin]
[31Jul2026 21:19:56.827] [main/INFO] [AllTheLeaks/]: Class dev.uncandango.alltheleaks.leaks.common.mods.minecraft.UntrackedIssue002 will be loaded as it matches versions: 1.20.1 in 1.20.1
[31Jul2026 21:19:56.827] [main/INFO] [AllTheLeaks/]: Mixins added to allowed list: [main.EntityTickListMixin]
[31Jul2026 21:19:56.828] [main/INFO] [AllTheLeaks/]: Class dev.uncandango.alltheleaks.leaks.common.mods.minecraft.UntrackedIssue001 will be loaded as it matches versions: 1.20.1 in 1.20.1
[31Jul2026 21:19:56.828] [main/INFO] [AllTheLeaks/]: Class dev.uncandango.alltheleaks.leaks.common.mods.irons_spellbooks.UntrackedIssue001 will be loaded as it matches versions: 1.20.1-3.16.2 in [1.20.1-3.4.0,)
[31Jul2026 21:19:56.828] [main/INFO] [AllTheLeaks/]: Mixins added to allowed list: [main.ServerPlayerEventsMixin]
[31Jul2026 21:19:56.829] [main/INFO] [AllTheLeaks/]: Class dev.uncandango.alltheleaks.leaks.common.mods.forge.UntrackedIssue002 will be loaded as it matches versions: 47.4.20 in [47.2,)
[31Jul2026 21:19:56.829] [main/INFO] [AllTheLeaks/]: Mixins added to allowed list: [accessor.FakePlayerNetHandlerAccessor, accessor.ConnectionAccessor]
[31Jul2026 21:19:56.829] [main/INFO] [AllTheLeaks/]: Class dev.uncandango.alltheleaks.leaks.common.mods.forge.UntrackedIssue001 will be loaded as it matches versions: 47.4.20 in [47.2,)
[31Jul2026 21:19:56.829] [main/INFO] [AllTheLeaks/]: Mixins added to allowed list: [main.ServerPlayerMixin, main.PlayerListMixin, accessor.PlayerAdvancementsAccessor]
[31Jul2026 21:19:56.829] [main/INFO] [AllTheLeaks/]: Class dev.uncandango.alltheleaks.leaks.common.mods.forge.Issue39 will be loaded as it matches versions: 47.4.20 in [47.2,)
[31Jul2026 21:19:56.829] [main/INFO] [AllTheLeaks/]: Class dev.uncandango.alltheleaks.leaks.common.mods.forge.Issue10684 will be loaded as it matches versions: 47.4.20 in *
[31Jul2026 21:19:56.830] [main/INFO] [AllTheLeaks/]: Class dev.uncandango.alltheleaks.leaks.common.mods.curios.UntrackedIssue001 will be loaded as it matches versions: 5.14.1+1.20.1 in [5.9.1,)
[31Jul2026 21:19:56.830] [main/INFO] [AllTheLeaks/]: Mixins added to allowed list: [main.CuriosEventHandlerMixin]
[31Jul2026 21:19:56.831] [main/INFO] [AllTheLeaks/]: Class dev.uncandango.alltheleaks.leaks.common.mods.citadel.UntrackedIssue001 will be loaded as it matches versions: 2.6.3 in [2.5.4,)
[31Jul2026 21:19:56.832] [main/INFO] [AllTheLeaks/]: Class dev.uncandango.alltheleaks.leaks.common.mods.architectury.UntrackedIssue001 will be loaded as it matches versions: 9.2.14 in [9.0.8,)
[31Jul2026 21:19:56.832] [main/INFO] [AllTheLeaks/]: Class dev.uncandango.alltheleaks.leaks.common.mods.alexsmobs.Issue2165 will be loaded as it matches versions: 1.22.9 in [1.22.5,)
[31Jul2026 21:19:56.837] [main/INFO] [AllTheLeaks/]: Class dev.uncandango.alltheleaks.fix.common.mods.modernfix.CancelRLMixin will be loaded as it matches versions: 5.27.66+mc1.20.1 in [5.0.0,)
[31Jul2026 21:19:56.839] [main/INFO] [AllTheLeaks/]: Mixins added to cancel list: [org.embeddedt.modernfix.common.mixin.perf.deduplicate_location.MixinResourceLocation]
[31Jul2026 21:19:56.846] [main/INFO] [AllTheLeaks/]: Class dev.uncandango.alltheleaks.feature.common.mods.minecraft.MemoryMonitor will be loaded as it matches versions: 1.20.1 in 1.20.1
[31Jul2026 21:19:56.846] [main/INFO] [AllTheLeaks/]: Mixins added to allowed list: [main.PlayerMixin, main.ChunkAccessMixin, main.LevelMixin, main.MinecraftServerMixin]
[31Jul2026 21:19:56.847] [main/INFO] [AllTheLeaks/]: Class dev.uncandango.alltheleaks.feature.common.mods.minecraft.ClearLeakedLevelChunks will be loaded as it matches versions: 1.20.1 in 1.20.1
[31Jul2026 21:19:56.847] [main/INFO] [AllTheLeaks/]: Mixins added to allowed list: [accessor.LevelAccessor, main.RebindableTickingBlockEntityWrapperMixin, accessor.LevelChunkAccessor]
[31Jul2026 21:19:56.938] [main/INFO] [com.cupboard.Cupboard/]: Loaded config for: recipeessentials.json
[31Jul2026 21:19:56.955] [main/INFO] [com.cupboard.Cupboard/]: Loaded config for: structureessentials.json
[31Jul2026 21:19:56.980] [main/ERROR] [net.minecraftforge.fml.loading.RuntimeDistCleaner/DISTXFORM]: Attempted to load class net/minecraft/client/gui/screens/Screen for invalid dist DEDICATED_SERVER
[31Jul2026 21:19:56.980] [main/WARN] [mixin/]: Error loading class: net/minecraft/client/gui/screens/Screen (java.lang.RuntimeException: Attempted to load class net/minecraft/client/gui/screens/Screen for invalid dist DEDICATED_SERVER)
[31Jul2026 21:19:56.980] [main/WARN] [mixin/]: @Mixin target net.minecraft.client.gui.screens.Screen was not found relics.mixins.json:ScreenMixin
[31Jul2026 21:19:57.130] [main/WARN] [mixin/]: Error loading class: mezz/jei/gui/events/GuiEventHandler (java.lang.ClassNotFoundException: mezz.jei.gui.events.GuiEventHandler)
[31Jul2026 21:19:57.569] [main/ERROR] [net.minecraftforge.fml.loading.RuntimeDistCleaner/DISTXFORM]: Attempted to load class net/minecraft/client/Camera for invalid dist DEDICATED_SERVER
[31Jul2026 21:19:57.570] [main/WARN] [mixin/]: Error loading class: net/minecraft/client/Camera (java.lang.RuntimeException: Attempted to load class net/minecraft/client/Camera for invalid dist DEDICATED_SERVER)
[31Jul2026 21:19:57.570] [main/WARN] [mixin/]: @Mixin target net.minecraft.client.Camera was not found legendary_monsters.mixins.json:CameraInvoker
[31Jul2026 21:19:57.587] [main/INFO] [net.minecraftforge.coremod.CoreMod.placebo/COREMODLOG]: Patching IForgeItemStack#getEnchantmentLevel
[31Jul2026 21:19:57.588] [main/INFO] [net.minecraftforge.coremod.CoreMod.placebo/COREMODLOG]: Patching IForgeItemStack#getEnchantmentLevel
[31Jul2026 21:19:58.224] [main/WARN] [mixin/]: Error loading class: com/mojang/blaze3d/platform/InputConstants$Key (java.lang.ClassNotFoundException: com.mojang.blaze3d.platform.InputConstants$Key)
[31Jul2026 21:19:58.412] [main/INFO] [MixinExtras|Service/]: Initializing MixinExtras via com.llamalad7.mixinextras.service.MixinExtrasServiceImpl(version=0.5.3).
[31Jul2026 21:19:59.140] [main/INFO] [Smooth Boot (Reloaded)/]: Smooth Boot (Reloaded) config initialized
[31Jul2026 21:19:59.762] [main/INFO] [net.minecraft.server.Bootstrap/]: ModernFix reached bootstrap stage (50.83 s after launch)
[31Jul2026 21:20:00.144] [main/WARN] [mixin/]: @Final field delegatesByName:Ljava/util/Map; in modernfix-modernfix.mixins.json:perf.forge_registry_alloc.ForgeRegistryMixin should be final
[31Jul2026 21:20:00.146] [main/WARN] [mixin/]: @Final field delegatesByValue:Ljava/util/Map; in modernfix-modernfix.mixins.json:perf.forge_registry_alloc.ForgeRegistryMixin should be final
[31Jul2026 21:20:00.415] [main/INFO] [ModernFix/]: Injecting BlockStateBase cache population hook into getOpacityIfCached from ca.spottedleaf.starlight.mixin.common.blockstate.BlockStateBaseMixin
[31Jul2026 21:20:00.417] [main/INFO] [ModernFix/]: Injecting BlockStateBase cache population hook into isConditionallyFullOpaque from ca.spottedleaf.starlight.mixin.common.blockstate.BlockStateBaseMixin
[31Jul2026 21:20:02.731] [main/INFO] [net.minecraft.server.Bootstrap/]: Vanilla bootstrap took 2951 milliseconds
[31Jul2026 21:20:04.815] [main/WARN] [mixin/]: Method overwrite conflict for getMobSpawnType in takesapillage.mixins.json:MobRememberSpawnReasonMixin, previously written by com.majruszlibrary.mixin.MixinMob. Skipping method.
[31Jul2026 21:20:05.009] [main/INFO] [net.minecraftforge.coremod.CoreMod.placebo/COREMODLOG]: Patching IForgeItemStack#getEnchantmentLevel
[31Jul2026 21:20:05.010] [main/INFO] [net.minecraftforge.coremod.CoreMod.placebo/COREMODLOG]: Patching IForgeItemStack#getEnchantmentLevel
[31Jul2026 21:20:07.371] [main/WARN] [mixin/]: @Final field f_26027_:Lnet/minecraft/world/entity/ai/targeting/TargetingConditions; in guardvillagers.mixins.json:DefendVillageGoalGolemMixin should be final
[31Jul2026 21:20:07.881] [main/WARN] [mixin/]: Error loading class: net/minecraft/client/particle/TextureSheetParticle (java.lang.ClassNotFoundException: net.minecraft.client.particle.TextureSheetParticle)
[31Jul2026 21:20:09.383] [main/WARN] [mixin/]: Mixin alexscaves.mixins.json:SwampHutPieceMixin has multiple constructors, (Lnet/minecraft/world/level/levelgen/structure/pieces/StructurePieceType;IIIIIILnet/minecraft/core/Direction;)V was selected

[31Jul2026 21:20:09.551] [main/WARN] [mixin/]: Static binding violation: PRIVATE @Overwrite method m_47505_ in modernfix-modernfix.mixins.json:perf.remove_biome_temperature_cache.BiomeMixin cannot reduce visibiliy of PUBLIC target method, visibility will be upgraded.
[31Jul2026 21:20:10.213] [modloading-worker-0/INFO] [Puzzles Lib/]: Constructing common components for easyanvils:main
[31Jul2026 21:20:10.450] [modloading-worker-0/WARN] [net.minecraftforge.common.ForgeConfigSpec/CORE]: Configuration file /workspaces/prueba/servidor_minecraft/config/guardvillagers-common.toml is not correct. Correcting
[31Jul2026 21:20:11.032] [modloading-worker-0/INFO] [io.wispforest.lmft.LMFTCommon/]: [LMFT]: Loaded Config File!
[31Jul2026 21:20:11.654] [modloading-worker-0/INFO] [me.wesley1808.servercore.common.ServerCore/]: [ServerCore] Loaded V1.5.2+1.20.1!
[31Jul2026 21:20:11.708] [modloading-worker-0/INFO] [de.sarocesch.sarosclearlag.SarosClearlag/]: Saro's Clearlag initialized
[31Jul2026 21:20:11.788] [modloading-worker-0/INFO] [STDOUT/]: [com.mactso.hardernaturalhealing.Main:<init>:24]: hardernaturalhealing: Registering Mod.
[31Jul2026 21:20:11.849] [modloading-worker-0/INFO] [insane96mcp.insanelib.InsaneLib/]: Found (COMMON) InsaneLib Feature class insane96mcp.enhancedai.modules.animal.AnimalScaredAttack
[31Jul2026 21:20:11.870] [modloading-worker-0/INFO] [insane96mcp.insanelib.InsaneLib/]: Found (COMMON) InsaneLib Feature class insane96mcp.enhancedai.modules.animal.AnimalsPanic
[31Jul2026 21:20:11.880] [modloading-worker-0/INFO] [insane96mcp.insanelib.InsaneLib/]: Found (COMMON) InsaneLib Feature class insane96mcp.enhancedai.modules.animal.NotTemptedAnimals
[31Jul2026 21:20:11.886] [modloading-worker-0/INFO] [insane96mcp.insanelib.InsaneLib/]: Found (COMMON) InsaneLib Feature class insane96mcp.enhancedai.modules.blaze.BlazeAttack
[31Jul2026 21:20:11.889] [modloading-worker-0/INFO] [insane96mcp.insanelib.InsaneLib/]: Found (COMMON) InsaneLib Feature class insane96mcp.enhancedai.modules.bugs.silverfish.mergewithstone.SilverfishMergeWithStone
[31Jul2026 21:20:11.894] [modloading-worker-0/INFO] [insane96mcp.insanelib.InsaneLib/]: Found (COMMON) InsaneLib Feature class insane96mcp.enhancedai.modules.bugs.silverfish.wakeupfriends.SilverfishWakeUpFriends
[31Jul2026 21:20:11.895] [modloading-worker-0/INFO] [insane96mcp.insanelib.InsaneLib/]: Found (COMMON) InsaneLib Feature class insane96mcp.enhancedai.modules.creeper.DisableFallingSwelling
[31Jul2026 21:20:11.902] [modloading-worker-0/INFO] [insane96mcp.insanelib.InsaneLib/]: Found (COMMON) InsaneLib Feature class insane96mcp.enhancedai.modules.creeper.TNTLike
[31Jul2026 21:20:11.907] [modloading-worker-0/INFO] [insane96mcp.insanelib.InsaneLib/]: Found (COMMON) InsaneLib Feature class insane96mcp.enhancedai.modules.creeper.launch.CreeperLaunch
[31Jul2026 21:20:11.910] [modloading-worker-0/INFO] [insane96mcp.insanelib.InsaneLib/]: Found (COMMON) InsaneLib Feature class insane96mcp.enhancedai.modules.creeper.swell.CreeperSwell
[31Jul2026 21:20:11.927] [modloading-worker-0/INFO] [insane96mcp.insanelib.InsaneLib/]: Found (COMMON) InsaneLib Feature class insane96mcp.enhancedai.modules.drowned.BetterDrownedSwimUp
[31Jul2026 21:20:11.930] [modloading-worker-0/INFO] [insane96mcp.insanelib.InsaneLib/]: Found (COMMON) InsaneLib Feature class insane96mcp.enhancedai.modules.drowned.DrownedAttackDuringDay
[31Jul2026 21:20:11.931] [modloading-worker-0/INFO] [insane96mcp.insanelib.InsaneLib/]: Found (COMMON) InsaneLib Feature class insane96mcp.enhancedai.modules.drowned.SunResistantDrowned
[31Jul2026 21:20:11.937] [modloading-worker-0/INFO] [insane96mcp.insanelib.InsaneLib/]: Found (COMMON) InsaneLib Feature class insane96mcp.enhancedai.modules.drowned.drowningtargets.DrowningTargets
[31Jul2026 21:20:11.944] [modloading-worker-0/INFO] [insane96mcp.insanelib.InsaneLib/]: Found (COMMON) InsaneLib Feature class insane96mcp.enhancedai.modules.ghast.GhastShooting
[31Jul2026 21:20:11.952] [modloading-worker-0/INFO] [insane96mcp.insanelib.InsaneLib/]: Found (COMMON) InsaneLib Feature class insane96mcp.enhancedai.modules.illager.RavagerFeature
[31Jul2026 21:20:11.958] [modloading-worker-0/INFO] [insane96mcp.insanelib.InsaneLib/]: Found (COMMON) InsaneLib Feature class insane96mcp.enhancedai.modules.illager.shoot.PillagerShoot
[31Jul2026 21:20:11.974] [modloading-worker-0/INFO] [insane96mcp.insanelib.InsaneLib/]: Found (COMMON) InsaneLib Feature class insane96mcp.enhancedai.modules.mobs.AirSteal
[31Jul2026 21:20:11.978] [modloading-worker-0/INFO] [insane96mcp.insanelib.InsaneLib/]: Found (COMMON) InsaneLib Feature class insane96mcp.enhancedai.modules.mobs.BitingMobs
[31Jul2026 21:20:11.979] [modloading-worker-0/INFO] [insane96mcp.insanelib.InsaneLib/]: Found (COMMON) InsaneLib Feature class insane96mcp.enhancedai.modules.mobs.FireImmuneTicks
[31Jul2026 21:20:11.980] [modloading-worker-0/INFO] [insane96mcp.insanelib.InsaneLib/]: Found (COMMON) InsaneLib Feature class insane96mcp.enhancedai.modules.mobs.FleeTarget
[31Jul2026 21:20:11.982] [modloading-worker-0/INFO] [insane96mcp.insanelib.InsaneLib/]: Found (COMMON) InsaneLib Feature class insane96mcp.enhancedai.modules.mobs.ItemDisruption
[31Jul2026 21:20:11.983] [modloading-worker-0/INFO] [insane96mcp.insanelib.InsaneLib/]: Found (COMMON) InsaneLib Feature class insane96mcp.enhancedai.modules.mobs.Jump
[31Jul2026 21:20:11.985] [modloading-worker-0/INFO] [insane96mcp.insanelib.InsaneLib/]: Found (COMMON) InsaneLib Feature class insane96mcp.enhancedai.modules.mobs.Leaders
[31Jul2026 21:20:11.990] [modloading-worker-0/INFO] [insane96mcp.insanelib.InsaneLib/]: Found (COMMON) InsaneLib Feature class insane96mcp.enhancedai.modules.mobs.MPRDataPack
[31Jul2026 21:20:11.992] [modloading-worker-0/INFO] [insane96mcp.insanelib.InsaneLib/]: Found (COMMON) InsaneLib Feature class insane96mcp.enhancedai.modules.mobs.MeleeAttacking
[31Jul2026 21:20:11.993] [modloading-worker-0/INFO] [insane96mcp.insanelib.InsaneLib/]: Found (COMMON) InsaneLib Feature class insane96mcp.enhancedai.modules.mobs.OpenDoors
[31Jul2026 21:20:11.994] [modloading-worker-0/INFO] [insane96mcp.insanelib.InsaneLib/]: Found (COMMON) InsaneLib Feature class insane96mcp.enhancedai.modules.mobs.Panic
[31Jul2026 21:20:11.996] [modloading-worker-0/INFO] [insane96mcp.insanelib.InsaneLib/]: Found (COMMON) InsaneLib Feature class insane96mcp.enhancedai.modules.mobs.Pathfinding
[31Jul2026 21:20:11.997] [modloading-worker-0/INFO] [insane96mcp.insanelib.InsaneLib/]: Found (COMMON) InsaneLib Feature class insane96mcp.enhancedai.modules.mobs.PushResistance
[31Jul2026 21:20:11.997] [modloading-worker-0/INFO] [insane96mcp.insanelib.InsaneLib/]: Found (COMMON) InsaneLib Feature class insane96mcp.enhancedai.modules.mobs.RandomStroll
[31Jul2026 21:20:11.999] [modloading-worker-0/INFO] [insane96mcp.insanelib.InsaneLib/]: Found (COMMON) InsaneLib Feature class insane96mcp.enhancedai.modules.mobs.Shielding
[31Jul2026 21:20:12.012] [modloading-worker-0/INFO] [insane96mcp.insanelib.InsaneLib/]: Found (COMMON) InsaneLib Feature class insane96mcp.enhancedai.modules.mobs.Spawning
[31Jul2026 21:20:12.014] [modloading-worker-0/INFO] [insane96mcp.insanelib.InsaneLib/]: Found (COMMON) InsaneLib Feature class insane96mcp.enhancedai.modules.mobs.Swimmers
[31Jul2026 21:20:12.015] [modloading-worker-0/INFO] [insane96mcp.insanelib.InsaneLib/]: Found (COMMON) InsaneLib Feature class insane96mcp.enhancedai.modules.mobs.anticheese.VehicleAntiCheese
[31Jul2026 21:20:12.020] [modloading-worker-0/INFO] [insane96mcp.insanelib.InsaneLib/]: Found (COMMON) InsaneLib Feature class insane96mcp.enhancedai.modules.mobs.avoidexplosion.AvoidExplosions
[31Jul2026 21:20:12.022] [modloading-worker-0/INFO] [insane96mcp.insanelib.InsaneLib/]: Found (COMMON) InsaneLib Feature class insane96mcp.enhancedai.modules.mobs.blindnessaffected.ActualBlindness
[31Jul2026 21:20:12.042] [modloading-worker-0/INFO] [insane96mcp.insanelib.InsaneLib/]: Found (COMMON) InsaneLib Feature class insane96mcp.enhancedai.modules.mobs.breakanger.BreakAnger
[31Jul2026 21:20:12.047] [modloading-worker-0/INFO] [insane96mcp.insanelib.InsaneLib/]: Found (COMMON) InsaneLib Feature class insane96mcp.enhancedai.modules.mobs.climbing.Climbing
[31Jul2026 21:20:12.051] [modloading-worker-0/INFO] [insane96mcp.insanelib.InsaneLib/]: Found (COMMON) InsaneLib Feature class insane96mcp.enhancedai.modules.mobs.fallingshockwave.FallingShockwave
[31Jul2026 21:20:12.062] [modloading-worker-0/INFO] [insane96mcp.insanelib.InsaneLib/]: Found (COMMON) InsaneLib Feature class insane96mcp.enhancedai.modules.mobs.fisher.FisherMobs
[31Jul2026 21:20:12.065] [modloading-worker-0/INFO] [insane96mcp.insanelib.InsaneLib/]: Found (COMMON) InsaneLib Feature class insane96mcp.enhancedai.modules.mobs.miner.MinerMobs
[31Jul2026 21:20:12.078] [modloading-worker-0/INFO] [insane96mcp.insanelib.InsaneLib/]: Found (COMMON) InsaneLib Feature class insane96mcp.enhancedai.modules.mobs.parkour.Parkour
[31Jul2026 21:20:12.087] [modloading-worker-0/INFO] [insane96mcp.insanelib.InsaneLib/]: Found (COMMON) InsaneLib Feature class insane96mcp.enhancedai.modules.mobs.pearler.PearlerMobs
[31Jul2026 21:20:12.089] [modloading-worker-0/INFO] [insane96mcp.insanelib.InsaneLib/]: Found (COMMON) InsaneLib Feature class insane96mcp.enhancedai.modules.mobs.pickandthrow.PickUpAndThrow
[31Jul2026 21:20:12.098] [modloading-worker-0/INFO] [insane96mcp.insanelib.InsaneLib/]: Found (COMMON) InsaneLib Feature class insane96mcp.enhancedai.modules.mobs.riding.Riding
[31Jul2026 21:20:12.103] [modloading-worker-0/INFO] [insane96mcp.insanelib.InsaneLib/]: Found (COMMON) InsaneLib Feature class insane96mcp.enhancedai.modules.mobs.sprint.Sprint
[31Jul2026 21:20:12.105] [modloading-worker-0/INFO] [insane96mcp.insanelib.InsaneLib/]: Found (COMMON) InsaneLib Feature class insane96mcp.enhancedai.modules.mobs.targeting.Targeting
[31Jul2026 21:20:12.115] [modloading-worker-0/INFO] [insane96mcp.insanelib.InsaneLib/]: Found (COMMON) InsaneLib Feature class insane96mcp.enhancedai.modules.mobs.teleportanticheese.TeleportAntiCheese
[31Jul2026 21:20:12.122] [modloading-worker-0/INFO] [insane96mcp.insanelib.InsaneLib/]: Found (COMMON) InsaneLib Feature class insane96mcp.enhancedai.modules.mobs.teleporttotarget.TeleportToTarget
[31Jul2026 21:20:12.128] [modloading-worker-0/INFO] [insane96mcp.insanelib.InsaneLib/]: Found (COMMON) InsaneLib Feature class insane96mcp.enhancedai.modules.mobs.webber.ThrowingWeb
[31Jul2026 21:20:12.131] [modloading-worker-0/INFO] [insane96mcp.insanelib.InsaneLib/]: Found (COMMON) InsaneLib Feature class insane96mcp.enhancedai.modules.shulker.ShulkerArmor
[31Jul2026 21:20:12.135] [modloading-worker-0/INFO] [insane96mcp.insanelib.InsaneLib/]: Found (COMMON) InsaneLib Feature class insane96mcp.enhancedai.modules.shulker.ShulkerBullets
[31Jul2026 21:20:12.136] [modloading-worker-0/INFO] [insane96mcp.insanelib.InsaneLib/]: Found (COMMON) InsaneLib Feature class insane96mcp.enhancedai.modules.shulker.shulkerattack.ShulkerAttack
[31Jul2026 21:20:12.142] [modloading-worker-0/INFO] [insane96mcp.insanelib.InsaneLib/]: Found (COMMON) InsaneLib Feature class insane96mcp.enhancedai.modules.skeleton.SkeletonFleeTarget
[31Jul2026 21:20:12.144] [modloading-worker-0/INFO] [insane96mcp.insanelib.InsaneLib/]: Found (COMMON) InsaneLib Feature class insane96mcp.enhancedai.modules.skeleton.WitherSkeletons
[31Jul2026 21:20:12.147] [modloading-worker-0/INFO] [insane96mcp.insanelib.InsaneLib/]: Found (COMMON) InsaneLib Feature class insane96mcp.enhancedai.modules.skeleton.shoot.SkeletonShoot
[31Jul2026 21:20:12.148] [modloading-worker-0/INFO] [insane96mcp.insanelib.InsaneLib/]: Found (COMMON) InsaneLib Feature class insane96mcp.enhancedai.modules.slime.MagmaCubeSurfSpeed
[31Jul2026 21:20:12.151] [modloading-worker-0/INFO] [insane96mcp.insanelib.InsaneLib/]: Found (COMMON) InsaneLib Feature class insane96mcp.enhancedai.modules.slime.SlimeAttackFix
[31Jul2026 21:20:12.152] [modloading-worker-0/INFO] [insane96mcp.insanelib.InsaneLib/]: Found (COMMON) InsaneLib Feature class insane96mcp.enhancedai.modules.slime.SlimeJumpDelay
[31Jul2026 21:20:12.154] [modloading-worker-0/INFO] [insane96mcp.insanelib.InsaneLib/]: Found (COMMON) InsaneLib Feature class insane96mcp.enhancedai.modules.slime.SlimeSize
[31Jul2026 21:20:12.158] [modloading-worker-0/INFO] [insane96mcp.insanelib.InsaneLib/]: Found (COMMON) InsaneLib Feature class insane96mcp.enhancedai.modules.snowgolem.SnowGolemsDamagingSnowballs
[31Jul2026 21:20:12.161] [modloading-worker-0/INFO] [insane96mcp.insanelib.InsaneLib/]: Found (COMMON) InsaneLib Feature class insane96mcp.enhancedai.modules.snowgolem.SnowGolemsFreezingSnowballs
[31Jul2026 21:20:12.165] [modloading-worker-0/INFO] [insane96mcp.insanelib.InsaneLib/]: Found (COMMON) InsaneLib Feature class insane96mcp.enhancedai.modules.snowgolem.SnowGolemsHealedBySnowballs
[31Jul2026 21:20:12.172] [modloading-worker-0/INFO] [insane96mcp.insanelib.InsaneLib/]: Found (COMMON) InsaneLib Feature class insane96mcp.enhancedai.modules.snowgolem.SnowballsInvulnerabilityFrames
[31Jul2026 21:20:12.173] [modloading-worker-0/INFO] [insane96mcp.insanelib.InsaneLib/]: Found (COMMON) InsaneLib Feature class insane96mcp.enhancedai.modules.spider.StuckFix
[31Jul2026 21:20:12.177] [modloading-worker-0/INFO] [insane96mcp.insanelib.InsaneLib/]: Found (COMMON) InsaneLib Feature class insane96mcp.enhancedai.modules.villager.VillagerAlertProtectors
[31Jul2026 21:20:12.181] [modloading-worker-0/INFO] [insane96mcp.insanelib.InsaneLib/]: Found (COMMON) InsaneLib Feature class insane96mcp.enhancedai.modules.villager.VillagerAttacking
[31Jul2026 21:20:12.182] [modloading-worker-0/INFO] [insane96mcp.insanelib.InsaneLib/]: Found (COMMON) InsaneLib Feature class insane96mcp.enhancedai.modules.warden.WardenDarknessRange
[31Jul2026 21:20:12.189] [modloading-worker-0/INFO] [insane96mcp.insanelib.InsaneLib/]: Found (COMMON) InsaneLib Feature class insane96mcp.enhancedai.modules.warden.WardenListenRange
[31Jul2026 21:20:12.190] [modloading-worker-0/INFO] [insane96mcp.insanelib.InsaneLib/]: Found (COMMON) InsaneLib Feature class insane96mcp.enhancedai.modules.warden.WardenSonicBoomRange
[31Jul2026 21:20:12.192] [modloading-worker-0/INFO] [insane96mcp.insanelib.InsaneLib/]: Found (COMMON) InsaneLib Feature class insane96mcp.enhancedai.modules.witch.ThirstyWitches
[31Jul2026 21:20:12.195] [modloading-worker-0/INFO] [insane96mcp.insanelib.InsaneLib/]: Found (COMMON) InsaneLib Feature class insane96mcp.enhancedai.modules.witch.alliedmonsters.AlliedMonsters
[31Jul2026 21:20:12.196] [modloading-worker-0/INFO] [insane96mcp.insanelib.InsaneLib/]: Found (COMMON) InsaneLib Feature class insane96mcp.enhancedai.modules.witch.darkart.DarkArt
[31Jul2026 21:20:12.210] [modloading-worker-0/INFO] [insane96mcp.insanelib.InsaneLib/]: Found (COMMON) InsaneLib Feature class insane96mcp.enhancedai.modules.witch.throwing.WitchPotionThrowing
[31Jul2026 21:20:12.286] [modloading-worker-0/INFO] [Puzzles Lib/]: Constructing common components for mutantmonsters:main
[31Jul2026 21:20:12.392] [modloading-worker-0/WARN] [mixin/]: Method overwrite conflict for getPools in locks.mixins.json:accessor.LootTableAccessor, previously written by com.blackgear.platform.core.mixin.forge.LootTableMixin. Skipping method.
[31Jul2026 21:20:12.428] [modloading-worker-0/INFO] [Puzzles Lib/]: Constructing common components for visualworkbench:main
[31Jul2026 21:20:12.487] [modloading-worker-0/INFO] [com.leclowndu93150.corpsecurioscompat.Main/]: Hello from Corpse Curios Compat!
[31Jul2026 21:20:12.531] [modloading-worker-0/INFO] [net.minecraftforge.common.ForgeMod/FORGEMOD]: Forge mod loading, version 47.4.20, for MC 1.20.1 with MCP 20230612.114412
[31Jul2026 21:20:12.532] [modloading-worker-0/INFO] [net.minecraftforge.common.MinecraftForge/FORGE]: MinecraftForge v47.4.20 Initialized
[31Jul2026 21:20:12.533] [modloading-worker-0/INFO] [com.alcatrazescapee.notreepunching.NoTreePunching/]: I tried to punch tree. It didn't work, my hands are now covered in blood and splinters. Need to try something else ...
[31Jul2026 21:20:12.559] [modloading-worker-0/INFO] [droptherock/]: Loading DropTheRock
[31Jul2026 21:20:12.575] [modloading-worker-0/INFO] [droptherock/]: Finished Loading DropTheRock
[31Jul2026 21:20:12.882] [modloading-worker-0/INFO] [xaero.common.HudMod/]: Registering common data for channel xaerominimap:main!
[31Jul2026 21:20:12.957] [modloading-worker-0/INFO] [xaero.common.HudMod/]: Loading primary common config for channel xaerominimap:main!
[31Jul2026 21:20:12.967] [modloading-worker-0/INFO] [xaero.common.HudMod/]: Loading server config profiles for channel xaerominimap:main!
[31Jul2026 21:20:13.048] [modloading-worker-0/INFO] [Puzzles Lib/]: Constructing common components for puzzleslib:main
[31Jul2026 21:20:13.309] [modloading-worker-0/WARN] [mixin/]: @Redirect conflict. Skipping recipeessentials.mixins.json:RecipeManagerMixin->@Redirect::logErrorOnce(Lorg/slf4j/Logger;Ljava/lang/String;Ljava/lang/Object;Ljava/lang/Object;)V with priority 200, already redirected by modernfix-modernfix.mixins.json:perf.datapack_reload_exceptions.RecipeManagerMixin->@Redirect::silenceException(Lorg/slf4j/Logger;Ljava/lang/String;Ljava/lang/Object;Ljava/lang/Object;)V with priority 2000
[31Jul2026 21:20:13.322] [Modding Legacy/blue_skies/Supporters thread/INFO] [ModdingLegacy/blue_skies/Supporter/]: Attempting to load the Modding Legacy supporters list from https://moddinglegacy.com/supporters-changelogs/supporters.txt
[31Jul2026 21:20:13.385] [modloading-worker-0/INFO] [atomicstryker.multimine.common.MultiMine/]: mod instantiated
[31Jul2026 21:20:13.387] [modloading-worker-0/INFO] [atomicstryker.multimine.common.MultiMine/]: MultiMineServer initializing
[31Jul2026 21:20:13.493] [modloading-worker-0/INFO] [insane96mcp.insanelib.InsaneLib/]: Found (COMMON) InsaneLib Feature class insane96mcp.insanelib.module.base.FixesFeature
[31Jul2026 21:20:13.495] [modloading-worker-0/INFO] [insane96mcp.insanelib.InsaneLib/]: Found (COMMON) InsaneLib Feature class insane96mcp.insanelib.module.base.TagsFeature
[31Jul2026 21:20:13.501] [modloading-worker-0/INFO] [insane96mcp.insanelib.InsaneLib/]: Found (COMMON) InsaneLib Feature class insane96mcp.insanelib.module.base.TimeStopNoPlayerOnline
[31Jul2026 21:20:13.505] [modloading-worker-0/INFO] [thedarkcolour.kotlinforforge.test.KotlinForForge/]: Kotlin For Forge Enabled!
[31Jul2026 21:20:13.527] [modloading-worker-0/INFO] [insane96mcp.insanelib.InsaneLib/]: Found (COMMON) InsaneLib Feature class insane96mcp.insanelib.module.base.betterfallingblocks.BetterFallingBlocks
[31Jul2026 21:20:13.582] [modloading-worker-0/INFO] [Collective/]: [Collective] JSON file 'entity_names.json' generation requested by mod 'villagernames'.
[31Jul2026 21:20:13.591] [modloading-worker-0/INFO] [Puzzles Lib/]: Constructing common components for fastitemframes:main
[31Jul2026 21:20:13.904] [modloading-worker-0/INFO] [MobConversion/]: Initializing Mob Conversion Mod for Forge 1.20.1
[31Jul2026 21:20:14.022] [Modding Legacy/blue_skies/Supporters thread/INFO] [ModdingLegacy/blue_skies/Supporter/]: Successfully loaded the Modding Legacy supporters list.
[31Jul2026 21:20:14.464] [modloading-worker-0/INFO] [Collective/]: Loading Collective version 8.39.
[31Jul2026 21:20:14.884] [modloading-worker-0/INFO] [saintsdragons/]: Raised MAX_HEALTH attribute cap to 100000.0
[31Jul2026 21:20:14.884] [modloading-worker-0/INFO] [saintsdragons/]: Raised ARMOR attribute cap to 100000.0
[31Jul2026 21:20:15.168] [modloading-worker-0/INFO] [dev.architectury.networking.forge.NetworkManagerImpl/]: Registering C2S receiver with id architectury:sync_ids
[31Jul2026 21:20:15.418] [modloading-worker-0/INFO] [dev.architectury.networking.forge.NetworkManagerImpl/]: Registering C2S receiver with id farm_and_charm:set_text
[31Jul2026 21:20:15.430] [modloading-worker-0/INFO] [com.cupboard.Cupboard/]: Loaded config for: cupboard.json
[31Jul2026 21:20:15.476] [modloading-worker-0/INFO] [fallingtrees | Config/]: Successfully loaded config 'fallingtrees_common'
[31Jul2026 21:20:15.480] [modloading-worker-0/INFO] [fallingtrees | Config/]: Successfully saved config 'fallingtrees_common'
[31Jul2026 21:20:15.688] [modloading-worker-0/INFO] [Puzzles Lib/]: Constructing common components for easymagic:main
[31Jul2026 21:20:15.723] [modloading-worker-0/INFO] [jp.aquafactory.apprenticecodex.ApprenticeCodex/]: Loading Apprentice's Codex
[31Jul2026 21:20:15.743] [modloading-worker-0/INFO] [xaero.lib.XaeroLib/]: Registering common data for channel xaerolib:main!
[31Jul2026 21:20:15.744] [modloading-worker-0/INFO] [xaero.lib.XaeroLib/]: Loading primary common config for channel xaerolib:main!
[31Jul2026 21:20:15.748] [modloading-worker-0/INFO] [xaero.lib.XaeroLib/]: Loading server config profiles for channel xaerolib:main!
[31Jul2026 21:20:15.934] [modloading-worker-0/INFO] [net.blay09.mods.balm.forge.config.ForgeBalmConfig/]: Registering config for waystones:common (COMMON) with 46 properties.
[31Jul2026 21:20:16.111] [modloading-worker-0/INFO] [fr.madu59.fwa.FancyWorldAnimations/]: [FWA] Fancy World Animations initialized!
[31Jul2026 21:20:16.389] [modloading-worker-0/INFO] [azurelib/FileWatching]: Registered azurelib config for auto-sync function
[31Jul2026 21:20:17.330] [modloading-worker-0/INFO] [net.kayn.unified_combat.UnifiedCombat/]: Loading Unified Combat
[31Jul2026 21:20:17.372] [modloading-worker-0/INFO] [TwoPlayersOneHorse/]: Hello from Common init on Forge! we are currently in a production environment!
[31Jul2026 21:20:17.373] [modloading-worker-0/INFO] [TwoPlayersOneHorse/]: The ID for diamonds is minecraft:diamond
[31Jul2026 21:20:17.373] [modloading-worker-0/INFO] [TwoPlayersOneHorse/]: Hello to twoplayersonehorse
[31Jul2026 21:20:17.386] [modloading-worker-0/INFO] [coroutil/]: forge loader environment detected
[31Jul2026 21:20:17.681] [modloading-worker-0/INFO] [YetAnotherConfigLib/]: Deserializing YACLConfig from '/workspaces/prueba/servidor_minecraft/config/yacl.json5'
[31Jul2026 21:20:23.072] [main/WARN] [dev.architectury.registry.registries.forge.RegistrarManagerImpl/]: Registry entry listened Registry Entry [minecraft:entity_type / meadow:water_buffalo] was not realized!
[31Jul2026 21:20:23.072] [main/WARN] [dev.architectury.registry.registries.forge.RegistrarManagerImpl/]: Registry entry listened Registry Entry [minecraft:entity_type / meadow:wooly_sheep] was not realized!
[31Jul2026 21:20:23.072] [main/WARN] [dev.architectury.registry.registries.forge.RegistrarManagerImpl/]: Registry entry listened Registry Entry [minecraft:entity_type / meadow:wooly_cow] was not realized!
[31Jul2026 21:20:23.072] [main/WARN] [dev.architectury.registry.registries.forge.RegistrarManagerImpl/]: Registry entry listened Registry Entry [minecraft:entity_type / bloomingnature:wandering_gardener] was not realized!
[31Jul2026 21:20:23.072] [main/WARN] [dev.architectury.registry.registries.forge.RegistrarManagerImpl/]: Registry entry listened Registry Entry [minecraft:entity_type / bloomingnature:termite] was not realized!
[31Jul2026 21:20:23.075] [main/WARN] [dev.architectury.registry.registries.forge.RegistrarManagerImpl/]: Registry entry listened Registry Entry [minecraft:entity_type / meadow:water_buffalo] was not realized!
[31Jul2026 21:20:23.075] [main/WARN] [dev.architectury.registry.registries.forge.RegistrarManagerImpl/]: Registry entry listened Registry Entry [minecraft:entity_type / meadow:wooly_sheep] was not realized!
[31Jul2026 21:20:23.075] [main/WARN] [dev.architectury.registry.registries.forge.RegistrarManagerImpl/]: Registry entry listened Registry Entry [minecraft:entity_type / meadow:wooly_cow] was not realized!
[31Jul2026 21:20:23.075] [main/WARN] [dev.architectury.registry.registries.forge.RegistrarManagerImpl/]: Registry entry listened Registry Entry [minecraft:entity_type / bloomingnature:wandering_gardener] was not realized!
[31Jul2026 21:20:23.075] [main/WARN] [dev.architectury.registry.registries.forge.RegistrarManagerImpl/]: Registry entry listened Registry Entry [minecraft:entity_type / bloomingnature:termite] was not realized!
[31Jul2026 21:20:23.076] [main/WARN] [dev.architectury.registry.registries.forge.RegistrarManagerImpl/]: Registry entry listened Registry Entry [minecraft:entity_type / meadow:water_buffalo] was not realized!
[31Jul2026 21:20:23.076] [main/WARN] [dev.architectury.registry.registries.forge.RegistrarManagerImpl/]: Registry entry listened Registry Entry [minecraft:entity_type / meadow:wooly_sheep] was not realized!
[31Jul2026 21:20:23.076] [main/WARN] [dev.architectury.registry.registries.forge.RegistrarManagerImpl/]: Registry entry listened Registry Entry [minecraft:entity_type / meadow:wooly_cow] was not realized!
[31Jul2026 21:20:23.076] [main/WARN] [dev.architectury.registry.registries.forge.RegistrarManagerImpl/]: Registry entry listened Registry Entry [minecraft:entity_type / bloomingnature:wandering_gardener] was not realized!
[31Jul2026 21:20:23.076] [main/WARN] [dev.architectury.registry.registries.forge.RegistrarManagerImpl/]: Registry entry listened Registry Entry [minecraft:entity_type / bloomingnature:termite] was not realized!
[31Jul2026 21:20:23.078] [main/WARN] [dev.architectury.registry.registries.forge.RegistrarManagerImpl/]: Registry entry listened Registry Entry [minecraft:entity_type / meadow:water_buffalo] was not realized!
[31Jul2026 21:20:23.078] [main/WARN] [dev.architectury.registry.registries.forge.RegistrarManagerImpl/]: Registry entry listened Registry Entry [minecraft:entity_type / meadow:wooly_sheep] was not realized!
[31Jul2026 21:20:23.078] [main/WARN] [dev.architectury.registry.registries.forge.RegistrarManagerImpl/]: Registry entry listened Registry Entry [minecraft:entity_type / meadow:wooly_cow] was not realized!
[31Jul2026 21:20:23.078] [main/WARN] [dev.architectury.registry.registries.forge.RegistrarManagerImpl/]: Registry entry listened Registry Entry [minecraft:entity_type / bloomingnature:wandering_gardener] was not realized!
[31Jul2026 21:20:23.078] [main/WARN] [dev.architectury.registry.registries.forge.RegistrarManagerImpl/]: Registry entry listened Registry Entry [minecraft:entity_type / bloomingnature:termite] was not realized!
[31Jul2026 21:20:23.083] [main/WARN] [dev.architectury.registry.registries.forge.RegistrarManagerImpl/]: Registry entry listened Registry Entry [minecraft:entity_type / meadow:water_buffalo] was not realized!
[31Jul2026 21:20:23.083] [main/WARN] [dev.architectury.registry.registries.forge.RegistrarManagerImpl/]: Registry entry listened Registry Entry [minecraft:entity_type / meadow:wooly_sheep] was not realized!
[31Jul2026 21:20:23.083] [main/WARN] [dev.architectury.registry.registries.forge.RegistrarManagerImpl/]: Registry entry listened Registry Entry [minecraft:entity_type / meadow:wooly_cow] was not realized!
[31Jul2026 21:20:23.083] [main/WARN] [dev.architectury.registry.registries.forge.RegistrarManagerImpl/]: Registry entry listened Registry Entry [minecraft:entity_type / bloomingnature:wandering_gardener] was not realized!
[31Jul2026 21:20:23.083] [main/WARN] [dev.architectury.registry.registries.forge.RegistrarManagerImpl/]: Registry entry listened Registry Entry [minecraft:entity_type / bloomingnature:termite] was not realized!
[31Jul2026 21:20:23.084] [main/WARN] [dev.architectury.registry.registries.forge.RegistrarManagerImpl/]: Registry entry listened Registry Entry [minecraft:entity_type / meadow:water_buffalo] was not realized!
[31Jul2026 21:20:23.084] [main/WARN] [dev.architectury.registry.registries.forge.RegistrarManagerImpl/]: Registry entry listened Registry Entry [minecraft:entity_type / meadow:wooly_sheep] was not realized!
[31Jul2026 21:20:23.084] [main/WARN] [dev.architectury.registry.registries.forge.RegistrarManagerImpl/]: Registry entry listened Registry Entry [minecraft:entity_type / meadow:wooly_cow] was not realized!
[31Jul2026 21:20:23.085] [main/WARN] [dev.architectury.registry.registries.forge.RegistrarManagerImpl/]: Registry entry listened Registry Entry [minecraft:entity_type / bloomingnature:wandering_gardener] was not realized!
[31Jul2026 21:20:23.085] [main/WARN] [dev.architectury.registry.registries.forge.RegistrarManagerImpl/]: Registry entry listened Registry Entry [minecraft:entity_type / bloomingnature:termite] was not realized!
[31Jul2026 21:20:23.088] [main/WARN] [dev.architectury.registry.registries.forge.RegistrarManagerImpl/]: Registry entry listened Registry Entry [minecraft:entity_type / meadow:water_buffalo] was not realized!
[31Jul2026 21:20:23.088] [main/WARN] [dev.architectury.registry.registries.forge.RegistrarManagerImpl/]: Registry entry listened Registry Entry [minecraft:entity_type / meadow:wooly_sheep] was not realized!
[31Jul2026 21:20:23.088] [main/WARN] [dev.architectury.registry.registries.forge.RegistrarManagerImpl/]: Registry entry listened Registry Entry [minecraft:entity_type / meadow:wooly_cow] was not realized!
[31Jul2026 21:20:23.431] [main/INFO] [Moonlight/]: Initialized block sets in 65ms
[31Jul2026 21:20:23.962] [main/INFO] [ModernFix/]: Bypassed Mojang DFU
[31Jul2026 21:20:23.963] [main/INFO] [ModernFix/]: Instantiating Mojang DFU
[31Jul2026 21:20:25.539] [main/INFO] [ModdingLegacy/StructureGel/]: [structure_gel] Registering data for structure_gel:loot_table_alias
[31Jul2026 21:20:25.549] [main/INFO] [ModdingLegacy/StructureGel/]: [structure_gel] Registering data for structure_gel:data_handler_type
[31Jul2026 21:20:25.552] [main/INFO] [ModdingLegacy/StructureGel/]: [structure_gel] Registering data for structure_gel:dynamic_spawner
[31Jul2026 21:20:25.554] [main/INFO] [ModdingLegacy/StructureGel/]: [structure_gel] Registering data for structure_gel:jigsaw_type
[31Jul2026 21:20:25.800] [main/WARN] [net.minecraft.network.syncher.SynchedEntityData/]: defineId called for: class com.naterbobber.darkerdepths.entities.VoidSoulKnightEntity from class com.naterbobber.darkerdepths.entities.VoidSoulEntity
[31Jul2026 21:20:25.904] [main/WARN] [net.minecraft.network.syncher.SynchedEntityData/]: defineId called for: class net.mcreator.borninchaosv.entity.BabySpiderEntity from class net.mcreator.borninchaosv.entity.MotherSpiderEntity
[31Jul2026 21:20:25.941] [main/WARN] [net.minecraft.network.syncher.SynchedEntityData/]: defineId called for: class com.github.alexmodguy.alexscaves.server.entity.living.TremorzillaEntity from class com.github.alexmodguy.alexscaves.server.entity.living.LicowitchEntity
[31Jul2026 21:20:26.313] [main/WARN] [net.minecraftforge.common.ForgeConfigSpec/CORE]: Configuration file /workspaces/prueba/servidor_minecraft/config/guardvillagers-common.toml is not correct. Correcting
[31Jul2026 21:20:26.338] [main/WARN] [net.minecraftforge.common.ForgeConfigSpec/CORE]: Configuration file /workspaces/prueba/servidor_minecraft/config/mutantmore/mutant_wither_skeleton/mutant_wither_skeleton_rewards-common.toml is not correct. Correcting
[31Jul2026 21:20:26.338] [main/WARN] [net.minecraftforge.common.ForgeConfigSpec/CORE]: Incorrect key MUTANT WITHER SKELETON ARMOUR.Armour Toughness Value (default: 0) was corrected from 0.0 to its default, 0.0. 
[31Jul2026 21:20:26.338] [main/WARN] [net.minecraftforge.common.ForgeConfigSpec/CORE]: Incorrect key MUTANT WITHER SKELETON ARMOUR.Knockback Resistance (default: 0.1) was corrected from 0.1 to its default, 0.1. 
[31Jul2026 21:20:26.351] [main/WARN] [net.minecraftforge.common.ForgeConfigSpec/CORE]: Configuration file /workspaces/prueba/servidor_minecraft/config/mutantmore/mutant_hoglin/mutant_hoglin-common.toml is not correct. Correcting
[31Jul2026 21:20:26.351] [main/WARN] [net.minecraftforge.common.ForgeConfigSpec/CORE]: Incorrect key ENRAGING.Hurt Enrage Amount (stacks, Mutant Hoglin is fully enraged when enragedAmount reaches 1, default: 0.15) was corrected from 0.15 to its default, 0.15. 
[31Jul2026 21:20:26.351] [main/WARN] [net.minecraftforge.common.ForgeConfigSpec/CORE]: Incorrect key ENRAGING.Enrage Lower Speed (per tick, default: 0.05) was corrected from 0.05 to its default, 0.05. 
[31Jul2026 21:20:26.351] [main/WARN] [net.minecraftforge.common.ForgeConfigSpec/CORE]: Incorrect key ENRAGING.Enraged Speed Multiplier (end result is 1 + enragedAmount * this, default: 0.25) was corrected from 0.25 to its default, 0.25. 
[31Jul2026 21:20:26.351] [main/WARN] [net.minecraftforge.common.ForgeConfigSpec/CORE]: Incorrect key ENRAGING.Enraged Damage Multiplier (end result is 1 + enragedAmount * this, default: 0.5) was corrected from 0.5 to its default, 0.5. 
[31Jul2026 21:20:26.351] [main/WARN] [net.minecraftforge.common.ForgeConfigSpec/CORE]: Incorrect key ENRAGING.Enraged Knockback Multiplier (end result is 1 + enragedAmount * this, default: 0.5) was corrected from 0.5 to its default, 0.5. 
[31Jul2026 21:20:26.353] [main/WARN] [net.minecraftforge.common.ForgeConfigSpec/CORE]: Configuration file /workspaces/prueba/servidor_minecraft/config/mutantmore/mutant_hoglin/mutant_hoglin_rewards-common.toml is not correct. Correcting
[31Jul2026 21:20:26.353] [main/WARN] [net.minecraftforge.common.ForgeConfigSpec/CORE]: Incorrect key HOG HELM.Armour Toughness Value (default: 3) was corrected from 3.0 to its default, 3.0. 
[31Jul2026 21:20:26.353] [main/WARN] [net.minecraftforge.common.ForgeConfigSpec/CORE]: Incorrect key HOG HELM.Knockback Resistance (default: 0.1) was corrected from 0.1 to its default, 0.1. 
[31Jul2026 21:20:26.353] [main/WARN] [net.minecraftforge.common.ForgeConfigSpec/CORE]: Incorrect key HOG HELM.Enraged Damage Multiplier (end result is 1 + Enraged effect level * this, default: 0.2) was corrected from 0.2 to its default, 0.2. 
[31Jul2026 21:20:26.385] [main/INFO] [com.cupboard.Cupboard/]: Loaded config for: connectivity.json
[31Jul2026 21:20:26.394] [main/INFO] [Puzzles Lib/]: Loading common config for mutantmonsters
[31Jul2026 21:20:26.504] [main/INFO] [MobConversion/]: Config reloaded, entity pool cache invalidated.
[31Jul2026 21:20:26.753] [modloading-worker-0/INFO] [terrablender/]: Registered region minecraft:overworld to index 0 for type OVERWORLD
[31Jul2026 21:20:26.753] [modloading-worker-0/INFO] [terrablender/]: Registered region minecraft:nether to index 0 for type NETHER
[31Jul2026 21:20:26.753] [modloading-worker-0/INFO] [terrablender/]: Registered region vanillabackport:overworld to index 1 for type OVERWORLD
[31Jul2026 21:20:26.758] [modloading-worker-0/INFO] [de.sarocesch.sarosclearlag.SarosClearlag/]: Common setup complete
[31Jul2026 21:20:26.812] [modloading-worker-0/INFO] [me.steinborn.krypton.mod.shared.Krypton/]: Compression will use libdeflate (Linux x86_64), encryption will use OpenSSL 3.0.x (Linux x86_64)
[31Jul2026 21:20:26.823] [modloading-worker-0/INFO] [voicechat/]: [voicechat] Compatibility version 20
[31Jul2026 21:20:26.831] [Forge Version Check/INFO] [net.minecraftforge.fml.VersionChecker/]: [easyanvils] Starting version check at https://raw.githubusercontent.com/Fuzss/modresources/main/update/easyanvils.json
[31Jul2026 21:20:26.880] [modloading-worker-0/INFO] [com.chunksending.ChunkSending/]: chunksending mod initialized
[31Jul2026 21:20:26.913] [modloading-worker-0/INFO] [voicechat/]: [voicechat] Loading plugins
[31Jul2026 21:20:26.927] [modloading-worker-0/INFO] [voicechat/]: [voicechat] Loaded 1 plugin(s)
[31Jul2026 21:20:26.927] [modloading-worker-0/INFO] [voicechat/]: [voicechat] Initializing plugins
[31Jul2026 21:20:26.938] [modloading-worker-0/INFO] [Sound Physics - General/]: Initializing Simple Voice Chat integration
[31Jul2026 21:20:26.938] [modloading-worker-0/INFO] [voicechat/]: [voicechat] Initialized 1 plugin(s)
[31Jul2026 21:20:26.938] [modloading-worker-0/INFO] [com.recipeessentials.RecipeEssentials/]: recipeessentials mod initialized
[31Jul2026 21:20:26.939] [modloading-worker-0/INFO] [voicechat/]: [voicechat] Registering events for 'sound_physics_remastered'
[31Jul2026 21:20:26.940] [modloading-worker-0/INFO] [com.connectivity.Connectivity/]: Connectivity initialized
[31Jul2026 21:20:26.949] [modloading-worker-0/INFO] [com.gpumemleakfix.Gpumemleakfix/]: gpumemleakfix mod initialized
[31Jul2026 21:20:26.953] [modloading-worker-0/INFO] [com.structureessentials.StructureEssentials/]: structureessentials mod initialized
[31Jul2026 21:20:26.971] [Forge Version Check/INFO] [net.minecraftforge.fml.VersionChecker/]: [easyanvils] Found status: UP_TO_DATE Current: 8.0.2 Target: null
[31Jul2026 21:20:26.971] [Forge Version Check/INFO] [net.minecraftforge.fml.VersionChecker/]: [guardvillagers] Starting version check at https://raw.githubusercontent.com/seymourimadeit/guardvillagers/master/update.json
[31Jul2026 21:20:27.002] [Thread-0/INFO] [ModernFix/]: Please use /mfsrc to reload any changed mod config files
[31Jul2026 21:20:27.019] [Forge Version Check/INFO] [net.minecraftforge.fml.VersionChecker/]: [guardvillagers] Found status: BETA Current: 1.20.1-1.6.18 Target: 1.20-1.6.5
[31Jul2026 21:20:27.019] [Forge Version Check/INFO] [net.minecraftforge.fml.VersionChecker/]: [structure_gel] Starting version check at http://changelogs.moddinglegacy.com/structure-gel.json
[31Jul2026 21:20:27.022] [modloading-worker-0/WARN] [mixin/]: Static binding violation: PRIVATE @Overwrite method m_215924_ in modernfix-modernfix.mixins.json:perf.tag_id_caching.TagEntryMixin cannot reduce visibiliy of PUBLIC target method, visibility will be upgraded.
[31Jul2026 21:20:27.040] [modloading-worker-0/INFO] [com.kubepixel.elcamas.ElCamasMod/]: El Camas Mod :: Common setup complete.
[31Jul2026 21:20:27.052] [modloading-worker-0/INFO] [com.cupboard.Cupboard/]: Loaded config for: leaky.json
[31Jul2026 21:20:27.052] [modloading-worker-0/INFO] [com.leaky.Leaky/]: leaky mod initialized
[31Jul2026 21:20:27.060] [modloading-worker-0/INFO] [cz.maxtechnik.ntrials.NTrialsMod/]: NewTrials Common loading...
[31Jul2026 21:20:27.134] [modloading-worker-0/INFO] [com.limitedchunks.LimitedChunks/]: Limited chunkloading initialized
[31Jul2026 21:20:27.135] [modloading-worker-0/INFO] [xaero.lib.XaeroLib/]: Loading XaeroLib common 1/2!
[31Jul2026 21:20:27.251] [modloading-worker-0/INFO] [org.betterx.worlds.together.util.Logger/]: [bclib] Added Config bclib.generator to auto sync (file hash)
[31Jul2026 21:20:27.271] [Forge Version Check/INFO] [net.minecraftforge.fml.VersionChecker/]: [structure_gel] Found status: BETA Current: 2.16.2 Target: null
[31Jul2026 21:20:27.271] [Forge Version Check/INFO] [net.minecraftforge.fml.VersionChecker/]: [corpse] Starting version check at https://update.maxhenkel.de/forge/corpse
[31Jul2026 21:20:27.318] [modloading-worker-0/INFO] [net.kayn.unified_combat.UnifiedCombat/]: Common setup for Unified Combat
[31Jul2026 21:20:27.324] [modloading-worker-0/INFO] [com.betterchunkloading.BetterChunkLoading/]: betterchunkloading mod initialized
[31Jul2026 21:20:27.327] [modloading-worker-0/INFO] [CorgiLib/]: Initializing network...
[31Jul2026 21:20:27.329] [modloading-worker-0/INFO] [CorgiLib/]: Initialized network!
[31Jul2026 21:20:27.375] [modloading-worker-0/INFO] [org.betterx.worlds.together.util.Logger/]: [bclib] Added Config bclib.main to auto sync (content diff)
[31Jul2026 21:20:27.413] [modloading-worker-0/INFO] [org.betterx.worlds.together.util.Logger/]: [bclib] Added Config bclib.biomes to auto sync (file hash)
[31Jul2026 21:20:27.773] [main/INFO] [terrablender/]: Registered region darkerdepths:overworld to index 2 for type OVERWORLD
[31Jul2026 21:20:27.836] [main/INFO] [com.alcatrazescapee.notreepunching.Config/]: Loading NoTreePunching Config
[31Jul2026 21:20:27.886] [main/INFO] [com.alcatrazescapee.notreepunching.Config/]: Loaded NoTreePunching Config
[31Jul2026 21:20:27.887] [main/INFO] [com.finderfeed.fdlib.FDLib/]: Loading FD animations...
[31Jul2026 21:20:27.887] [main/INFO] [com.finderfeed.fdlib.FDLib/]: Loading animation: fdlib:testanim
[31Jul2026 21:20:27.897] [main/INFO] [com.finderfeed.fdlib.FDLib/]: FD Animations loaded!
[31Jul2026 21:20:27.897] [main/INFO] [com.finderfeed.fdlib.FDLib/]: Loading FD models...
[31Jul2026 21:20:27.897] [main/INFO] [com.finderfeed.fdlib.FDLib/]: Loading model: fdlib:test
[31Jul2026 21:20:27.906] [main/INFO] [com.finderfeed.fdlib.FDLib/]: Loading model: fdlib:test
[31Jul2026 21:20:27.907] [main/INFO] [com.finderfeed.fdlib.FDLib/]: FD Models loaded!
[31Jul2026 21:20:27.919] [main/WARN] [AllTheLeaks/]: Failed to get VarHandle for class class com.github.alexthe666.citadel.server.world.CitadelServerData with field dataMap and type interface java.util.Map
[31Jul2026 21:20:27.920] [main/ERROR] [AllTheLeaks/]: Failed to instantiate constructor.
java.lang.ExceptionInInitializerError: null
	at java.lang.Class.forName0(Native Method) ~[?:?]
	at java.lang.Class.forName(Class.java:377) ~[?:?]
	at dev.uncandango.alltheleaks.leaks.IssueManager.lambda$initiateIssues$3(IssueManager.java:166) ~[alltheleaks-1.1.1+1.20.1-forge.jar%23323!/:1.1.1+1.20.1-forge]
	at java.util.ArrayList.forEach(ArrayList.java:1511) ~[?:?]
	at dev.uncandango.alltheleaks.leaks.IssueManager.initiateIssues(IssueManager.java:164) ~[alltheleaks-1.1.1+1.20.1-forge.jar%23323!/:1.1.1+1.20.1-forge]
	at java.util.concurrent.CompletableFuture$AsyncRun.run(CompletableFuture.java:1804) ~[?:?]
	at net.minecraftforge.fml.DeferredWorkQueue.lambda$makeRunnable$2(DeferredWorkQueue.java:81) ~[fmlcore-1.20.1-47.4.20.jar%23536!/:?]
	at net.minecraftforge.fml.DeferredWorkQueue.makeRunnable(DeferredWorkQueue.java:76) ~[fmlcore-1.20.1-47.4.20.jar%23536!/:?]
	at net.minecraftforge.fml.DeferredWorkQueue.lambda$runTasks$0(DeferredWorkQueue.java:60) ~[fmlcore-1.20.1-47.4.20.jar%23536!/:?]
	at java.util.concurrent.ConcurrentLinkedDeque.forEach(ConcurrentLinkedDeque.java:1650) ~[?:?]
	at net.minecraftforge.fml.DeferredWorkQueue.runTasks(DeferredWorkQueue.java:60) ~[fmlcore-1.20.1-47.4.20.jar%23536!/:?]
	at net.minecraftforge.fml.core.ParallelTransition.lambda$finalActivityGenerator$2(ParallelTransition.java:35) ~[forge-1.20.1-47.4.20-universal.jar%23540!/:?]
	at java.util.concurrent.CompletableFuture$UniApply.tryFire(CompletableFuture.java:646) ~[?:?]
	at java.util.concurrent.CompletableFuture$Completion.run(CompletableFuture.java:482) ~[?:?]
	at net.minecraftforge.fml.ModWorkManager$SyncExecutor.driveOne(ModWorkManager.java:43) ~[fmlcore-1.20.1-47.4.20.jar%23536!/:?]
	at net.minecraftforge.fml.ModWorkManager$DrivenExecutor.drive(ModWorkManager.java:28) ~[fmlcore-1.20.1-47.4.20.jar%23536!/:?]
	at net.minecraftforge.fml.ModLoader.waitForTransition(ModLoader.java:224) ~[fmlcore-1.20.1-47.4.20.jar%23536!/:?]
	at net.minecraftforge.fml.ModLoader.lambda$dispatchAndHandleError$20(ModLoader.java:210) ~[fmlcore-1.20.1-47.4.20.jar%23536!/:?]
	at java.util.Optional.ifPresent(Optional.java:178) ~[?:?]
	at net.minecraftforge.fml.ModLoader.dispatchAndHandleError(ModLoader.java:210) ~[fmlcore-1.20.1-47.4.20.jar%23536!/:?]
	at net.minecraftforge.fml.ModLoader.lambda$loadMods$15(ModLoader.java:190) ~[fmlcore-1.20.1-47.4.20.jar%23536!/:?]
	at java.lang.Iterable.forEach(Iterable.java:75) ~[?:?]
	at net.minecraftforge.fml.ModLoader.loadMods(ModLoader.java:190) ~[fmlcore-1.20.1-47.4.20.jar%23536!/:?]
	at net.minecraftforge.server.loading.ServerModLoader.load(ServerModLoader.java:31) ~[forge-1.20.1-47.4.20-universal.jar%23540!/:?]
	at net.minecraft.server.Main.main(Main.java:125) ~[server-1.20.1-20230612.114412-srg.jar%23535!/:?]
	at jdk.internal.reflect.NativeMethodAccessorImpl.invoke0(Native Method) ~[?:?]
	at jdk.internal.reflect.NativeMethodAccessorImpl.invoke(NativeMethodAccessorImpl.java:77) ~[?:?]
	at jdk.internal.reflect.DelegatingMethodAccessorImpl.invoke(DelegatingMethodAccessorImpl.java:43) ~[?:?]
	at java.lang.reflect.Method.invoke(Method.java:569) ~[?:?]
	at net.minecraftforge.fml.loading.targets.CommonLaunchHandler.runTarget(CommonLaunchHandler.java:111) ~[fmlloader-1.20.1-47.4.20.jar%2369!/:?]
	at net.minecraftforge.fml.loading.targets.CommonLaunchHandler.serverService(CommonLaunchHandler.java:103) ~[fmlloader-1.20.1-47.4.20.jar%2369!/:?]
	at net.minecraftforge.fml.loading.targets.CommonServerLaunchHandler.lambda$makeService$0(CommonServerLaunchHandler.java:27) ~[fmlloader-1.20.1-47.4.20.jar%2369!/:?]
	at cpw.mods.modlauncher.LaunchServiceHandlerDecorator.launch(LaunchServiceHandlerDecorator.java:30) ~[modlauncher-10.0.9.jar%2355!/:?]
	at cpw.mods.modlauncher.LaunchServiceHandler.launch(LaunchServiceHandler.java:53) ~[modlauncher-10.0.9.jar%2355!/:?]
	at cpw.mods.modlauncher.LaunchServiceHandler.launch(LaunchServiceHandler.java:71) ~[modlauncher-10.0.9.jar%2355!/:?]
	at cpw.mods.modlauncher.Launcher.run(Launcher.java:108) ~[modlauncher-10.0.9.jar%2355!/:?]
	at cpw.mods.modlauncher.Launcher.main(Launcher.java:78) ~[modlauncher-10.0.9.jar%2355!/:?]
	at cpw.mods.modlauncher.BootstrapLaunchConsumer.accept(BootstrapLaunchConsumer.java:26) ~[modlauncher-10.0.9.jar%2355!/:?]
	at cpw.mods.modlauncher.BootstrapLaunchConsumer.accept(BootstrapLaunchConsumer.java:23) ~[modlauncher-10.0.9.jar%2355!/:?]
	at cpw.mods.bootstraplauncher.BootstrapLauncher.main(BootstrapLauncher.java:141) ~[bootstraplauncher-1.1.2.jar:?]
Caused by: java.lang.RuntimeException: VarHandler is null
	at dev.uncandango.alltheleaks.utils.ReflectionHelper.getFieldFromClass(ReflectionHelper.java:132) ~[alltheleaks-1.1.1+1.20.1-forge.jar%23323!/:1.1.1+1.20.1-forge]
	at dev.uncandango.alltheleaks.leaks.common.mods.citadel.UntrackedIssue001.<clinit>(UntrackedIssue001.java:17) ~[alltheleaks-1.1.1+1.20.1-forge.jar%23323!/:1.1.1+1.20.1-forge]
	... 40 more
[31Jul2026 21:20:28.065] [main/INFO] [dev.architectury.networking.forge.NetworkManagerImpl/]: Registering C2S receiver with id quickskin:upload_skin
[31Jul2026 21:20:28.066] [main/INFO] [dev.architectury.networking.forge.NetworkManagerImpl/]: Registering C2S receiver with id quickskin:upload_cape
[31Jul2026 21:20:28.066] [main/INFO] [dev.architectury.networking.forge.NetworkManagerImpl/]: Registering C2S receiver with id quickskin:update_appearance
[31Jul2026 21:20:28.067] [main/INFO] [dev.architectury.networking.forge.NetworkManagerImpl/]: Registering C2S receiver with id quickskin:request_texture
[31Jul2026 21:20:28.067] [main/INFO] [dev.architectury.networking.forge.NetworkManagerImpl/]: Registering C2S receiver with id quickskin:upload_animation_metadata
[31Jul2026 21:20:28.067] [main/INFO] [dev.architectury.networking.forge.NetworkManagerImpl/]: Registering C2S receiver with id quickskin:texture_chunk
[31Jul2026 21:20:28.067] [main/INFO] [dev.architectury.networking.forge.NetworkManagerImpl/]: Registering C2S receiver with id quickskin:update_server_config
[31Jul2026 21:20:28.116] [Forge Version Check/INFO] [net.minecraftforge.fml.VersionChecker/]: [corpse] Found status: AHEAD Current: 1.20.1-1.0.23 Target: null
[31Jul2026 21:20:28.117] [Forge Version Check/INFO] [net.minecraftforge.fml.VersionChecker/]: [advancementplaques] Starting version check at https://mc-update-check.anthonyhilyard.com/499826
[31Jul2026 21:20:28.147] [main/INFO] [Moonlight/]: Initialized color sets in 59ms
[31Jul2026 21:20:28.148] [main/INFO] [terrablender/]: Registered region regions_unexplored:primary to index 3 for type OVERWORLD
[31Jul2026 21:20:28.148] [main/INFO] [terrablender/]: Registered region regions_unexplored:secondary to index 4 for type OVERWORLD
[31Jul2026 21:20:28.148] [main/INFO] [terrablender/]: Registered region regions_unexplored:nether to index 1 for type NETHER
[31Jul2026 21:20:28.267] [modloading-worker-0/INFO] [xaero.minimap.XaeroMinimap/]: Loading Xaero's Minimap - Stage 1/2 (Server)
[31Jul2026 21:20:28.270] [modloading-worker-0/INFO] [xaero.lib.XaeroLib/]: Loading XaeroLib server 1/2!
[31Jul2026 21:20:28.318] [main/INFO] [xaero.minimap.XaeroMinimap/]: Loading Xaero's Minimap - Stage 2/2 (Server)
[31Jul2026 21:20:28.319] [main/INFO] [xaero.lib.XaeroLib/]: Loading XaeroLib common 2/2!
[31Jul2026 21:20:28.320] [main/INFO] [xaero.lib.XaeroLib/]: Loading XaeroLib server 2/2!
[31Jul2026 21:20:28.534] [modloading-worker-0/INFO] [io.redspace.ironsspellbooks.IronsSpellbooks/]: Got IMC []
[31Jul2026 21:20:28.635] [modloading-worker-0/INFO] [AttributeFix/]: Loaded values for 115 compatible attributes.
[31Jul2026 21:20:28.643] [modloading-worker-0/INFO] [AttributeFix/]: Loaded 115 values from config.
[31Jul2026 21:20:28.655] [modloading-worker-0/INFO] [AttributeFix/]: Saving config file. 115 entries.
[31Jul2026 21:20:28.656] [modloading-worker-0/INFO] [AttributeFix/]: Applying changes for 115 attributes.
[31Jul2026 21:20:28.706] [main/INFO] [citadel/]: adding citadel surface rules via terrablender...
[31Jul2026 21:20:28.707] [main/INFO] [citadel/]: Added 0 vanilla biome surface rule types via terrablender
[31Jul2026 21:20:28.708] [main/INFO] [citadel/]: Added 1 modded biome surface rule types via terrablender
[31Jul2026 21:20:28.951] [main/ERROR] [net.minecraft.Util/]: Entity illageandspillage:bone has no attributes
[31Jul2026 21:20:28.951] [main/ERROR] [net.minecraft.Util/]: Entity illageandspillage:axe has no attributes
[31Jul2026 21:20:28.951] [main/ERROR] [net.minecraft.Util/]: Entity mythsandlegends:molten_ball has no attributes
[31Jul2026 21:20:28.952] [main/ERROR] [net.minecraft.Util/]: Entity illageandspillage:bone has no attributes
[31Jul2026 21:20:28.952] [main/ERROR] [net.minecraft.Util/]: Entity illageandspillage:axe has no attributes
[31Jul2026 21:20:28.952] [main/ERROR] [net.minecraft.Util/]: Entity mythsandlegends:molten_ball has no attributes
[31Jul2026 21:20:28.952] [main/ERROR] [net.minecraft.Util/]: Entity illageandspillage:bone has no attributes
[31Jul2026 21:20:28.952] [main/ERROR] [net.minecraft.Util/]: Entity illageandspillage:axe has no attributes
[31Jul2026 21:20:28.952] [main/ERROR] [net.minecraft.Util/]: Entity mythsandlegends:molten_ball has no attributes
[31Jul2026 21:20:28.953] [main/ERROR] [net.minecraft.Util/]: Entity illageandspillage:bone has no attributes
[31Jul2026 21:20:28.953] [main/ERROR] [net.minecraft.Util/]: Entity illageandspillage:axe has no attributes
[31Jul2026 21:20:28.953] [main/ERROR] [net.minecraft.Util/]: Entity mythsandlegends:molten_ball has no attributes
[31Jul2026 21:20:28.953] [main/ERROR] [net.minecraft.Util/]: Entity illageandspillage:bone has no attributes
[31Jul2026 21:20:28.953] [main/ERROR] [net.minecraft.Util/]: Entity illageandspillage:axe has no attributes
[31Jul2026 21:20:28.953] [main/ERROR] [net.minecraft.Util/]: Entity mythsandlegends:molten_ball has no attributes
[31Jul2026 21:20:28.954] [main/ERROR] [net.minecraft.Util/]: Entity illageandspillage:bone has no attributes
[31Jul2026 21:20:28.954] [main/ERROR] [net.minecraft.Util/]: Entity illageandspillage:axe has no attributes
[31Jul2026 21:20:28.954] [main/ERROR] [net.minecraft.Util/]: Entity mythsandlegends:molten_ball has no attributes
[31Jul2026 21:20:28.954] [main/ERROR] [net.minecraft.Util/]: Entity illageandspillage:bone has no attributes
[31Jul2026 21:20:28.954] [main/ERROR] [net.minecraft.Util/]: Entity illageandspillage:axe has no attributes
[31Jul2026 21:20:28.954] [main/ERROR] [net.minecraft.Util/]: Entity mythsandlegends:molten_ball has no attributes
[31Jul2026 21:20:28.954] [main/ERROR] [net.minecraft.Util/]: Entity illageandspillage:bone has no attributes
[31Jul2026 21:20:28.954] [main/ERROR] [net.minecraft.Util/]: Entity illageandspillage:axe has no attributes
[31Jul2026 21:20:28.955] [main/ERROR] [net.minecraft.Util/]: Entity mythsandlegends:molten_ball has no attributes
[31Jul2026 21:20:28.955] [main/ERROR] [net.minecraft.Util/]: Entity illageandspillage:bone has no attributes
[31Jul2026 21:20:28.955] [main/ERROR] [net.minecraft.Util/]: Entity illageandspillage:axe has no attributes
[31Jul2026 21:20:28.955] [main/ERROR] [net.minecraft.Util/]: Entity mythsandlegends:molten_ball has no attributes
[31Jul2026 21:20:28.955] [main/ERROR] [net.minecraft.Util/]: Entity illageandspillage:bone has no attributes
[31Jul2026 21:20:28.955] [main/ERROR] [net.minecraft.Util/]: Entity illageandspillage:axe has no attributes
[31Jul2026 21:20:28.955] [main/ERROR] [net.minecraft.Util/]: Entity mythsandlegends:molten_ball has no attributes
[31Jul2026 21:20:28.956] [main/ERROR] [net.minecraft.Util/]: Entity illageandspillage:bone has no attributes
[31Jul2026 21:20:28.956] [main/ERROR] [net.minecraft.Util/]: Entity illageandspillage:axe has no attributes
[31Jul2026 21:20:28.956] [main/ERROR] [net.minecraft.Util/]: Entity mythsandlegends:molten_ball has no attributes
[31Jul2026 21:20:28.956] [main/ERROR] [net.minecraft.Util/]: Entity illageandspillage:bone has no attributes
[31Jul2026 21:20:28.956] [main/ERROR] [net.minecraft.Util/]: Entity illageandspillage:axe has no attributes
[31Jul2026 21:20:28.956] [main/ERROR] [net.minecraft.Util/]: Entity mythsandlegends:molten_ball has no attributes
[31Jul2026 21:20:28.957] [main/ERROR] [net.minecraft.Util/]: Entity illageandspillage:bone has no attributes
[31Jul2026 21:20:28.957] [main/ERROR] [net.minecraft.Util/]: Entity illageandspillage:axe has no attributes
[31Jul2026 21:20:28.957] [main/ERROR] [net.minecraft.Util/]: Entity mythsandlegends:molten_ball has no attributes
[31Jul2026 21:20:28.957] [main/ERROR] [net.minecraft.Util/]: Entity illageandspillage:bone has no attributes
[31Jul2026 21:20:28.957] [main/ERROR] [net.minecraft.Util/]: Entity illageandspillage:axe has no attributes
[31Jul2026 21:20:28.957] [main/ERROR] [net.minecraft.Util/]: Entity mythsandlegends:molten_ball has no attributes
[31Jul2026 21:20:28.957] [main/ERROR] [net.minecraft.Util/]: Entity illageandspillage:bone has no attributes
[31Jul2026 21:20:28.957] [main/ERROR] [net.minecraft.Util/]: Entity illageandspillage:axe has no attributes
[31Jul2026 21:20:28.958] [main/ERROR] [net.minecraft.Util/]: Entity mythsandlegends:molten_ball has no attributes
[31Jul2026 21:20:28.958] [main/ERROR] [net.minecraft.Util/]: Entity illageandspillage:bone has no attributes
[31Jul2026 21:20:28.958] [main/ERROR] [net.minecraft.Util/]: Entity illageandspillage:axe has no attributes
[31Jul2026 21:20:28.958] [main/ERROR] [net.minecraft.Util/]: Entity mythsandlegends:molten_ball has no attributes
[31Jul2026 21:20:28.958] [main/ERROR] [net.minecraft.Util/]: Entity illageandspillage:bone has no attributes
[31Jul2026 21:20:28.958] [main/ERROR] [net.minecraft.Util/]: Entity illageandspillage:axe has no attributes
[31Jul2026 21:20:28.958] [main/ERROR] [net.minecraft.Util/]: Entity mythsandlegends:molten_ball has no attributes
[31Jul2026 21:20:28.959] [main/ERROR] [net.minecraft.Util/]: Entity illageandspillage:bone has no attributes
[31Jul2026 21:20:28.959] [main/ERROR] [net.minecraft.Util/]: Entity illageandspillage:axe has no attributes
[31Jul2026 21:20:28.959] [main/ERROR] [net.minecraft.Util/]: Entity mythsandlegends:molten_ball has no attributes
[31Jul2026 21:20:28.959] [main/ERROR] [net.minecraft.Util/]: Entity illageandspillage:bone has no attributes
[31Jul2026 21:20:28.959] [main/ERROR] [net.minecraft.Util/]: Entity illageandspillage:axe has no attributes
[31Jul2026 21:20:28.959] [main/ERROR] [net.minecraft.Util/]: Entity mythsandlegends:molten_ball has no attributes
[31Jul2026 21:20:28.959] [main/ERROR] [net.minecraft.Util/]: Entity illageandspillage:bone has no attributes
[31Jul2026 21:20:28.959] [main/ERROR] [net.minecraft.Util/]: Entity illageandspillage:axe has no attributes
[31Jul2026 21:20:28.959] [main/ERROR] [net.minecraft.Util/]: Entity mythsandlegends:molten_ball has no attributes
[31Jul2026 21:20:28.960] [main/ERROR] [net.minecraft.Util/]: Entity illageandspillage:bone has no attributes
[31Jul2026 21:20:28.960] [main/ERROR] [net.minecraft.Util/]: Entity illageandspillage:axe has no attributes
[31Jul2026 21:20:28.960] [main/ERROR] [net.minecraft.Util/]: Entity mythsandlegends:molten_ball has no attributes
[31Jul2026 21:20:28.960] [main/ERROR] [net.minecraft.Util/]: Entity illageandspillage:bone has no attributes
[31Jul2026 21:20:28.960] [main/ERROR] [net.minecraft.Util/]: Entity illageandspillage:axe has no attributes
[31Jul2026 21:20:28.960] [main/ERROR] [net.minecraft.Util/]: Entity mythsandlegends:molten_ball has no attributes
[31Jul2026 21:20:28.960] [main/ERROR] [net.minecraft.Util/]: Entity illageandspillage:bone has no attributes
[31Jul2026 21:20:28.961] [main/ERROR] [net.minecraft.Util/]: Entity illageandspillage:axe has no attributes
[31Jul2026 21:20:28.961] [main/ERROR] [net.minecraft.Util/]: Entity mythsandlegends:molten_ball has no attributes
[31Jul2026 21:20:28.961] [main/ERROR] [net.minecraft.Util/]: Entity illageandspillage:bone has no attributes
[31Jul2026 21:20:28.961] [main/ERROR] [net.minecraft.Util/]: Entity illageandspillage:axe has no attributes
[31Jul2026 21:20:28.961] [main/ERROR] [net.minecraft.Util/]: Entity mythsandlegends:molten_ball has no attributes
[31Jul2026 21:20:28.961] [main/ERROR] [net.minecraft.Util/]: Entity illageandspillage:bone has no attributes
[31Jul2026 21:20:28.961] [main/ERROR] [net.minecraft.Util/]: Entity illageandspillage:axe has no attributes
[31Jul2026 21:20:28.962] [main/ERROR] [net.minecraft.Util/]: Entity mythsandlegends:molten_ball has no attributes
[31Jul2026 21:20:28.962] [main/ERROR] [net.minecraft.Util/]: Entity illageandspillage:bone has no attributes
[31Jul2026 21:20:28.962] [main/ERROR] [net.minecraft.Util/]: Entity illageandspillage:axe has no attributes
[31Jul2026 21:20:28.962] [main/ERROR] [net.minecraft.Util/]: Entity mythsandlegends:molten_ball has no attributes
[31Jul2026 21:20:28.962] [main/ERROR] [net.minecraft.Util/]: Entity illageandspillage:bone has no attributes
[31Jul2026 21:20:28.962] [main/ERROR] [net.minecraft.Util/]: Entity illageandspillage:axe has no attributes
[31Jul2026 21:20:28.962] [main/ERROR] [net.minecraft.Util/]: Entity mythsandlegends:molten_ball has no attributes
[31Jul2026 21:20:28.963] [main/ERROR] [net.minecraft.Util/]: Entity illageandspillage:bone has no attributes
[31Jul2026 21:20:28.963] [main/ERROR] [net.minecraft.Util/]: Entity illageandspillage:axe has no attributes
[31Jul2026 21:20:28.963] [main/ERROR] [net.minecraft.Util/]: Entity mythsandlegends:molten_ball has no attributes
[31Jul2026 21:20:28.963] [main/ERROR] [net.minecraft.Util/]: Entity illageandspillage:bone has no attributes
[31Jul2026 21:20:28.963] [main/ERROR] [net.minecraft.Util/]: Entity illageandspillage:axe has no attributes
[31Jul2026 21:20:28.963] [main/ERROR] [net.minecraft.Util/]: Entity mythsandlegends:molten_ball has no attributes
[31Jul2026 21:20:28.964] [main/ERROR] [net.minecraft.Util/]: Entity illageandspillage:bone has no attributes
[31Jul2026 21:20:28.964] [main/ERROR] [net.minecraft.Util/]: Entity illageandspillage:axe has no attributes
[31Jul2026 21:20:28.964] [main/ERROR] [net.minecraft.Util/]: Entity mythsandlegends:molten_ball has no attributes
[31Jul2026 21:20:28.964] [main/ERROR] [net.minecraft.Util/]: Entity illageandspillage:bone has no attributes
[31Jul2026 21:20:28.964] [main/ERROR] [net.minecraft.Util/]: Entity illageandspillage:axe has no attributes
[31Jul2026 21:20:28.964] [main/ERROR] [net.minecraft.Util/]: Entity mythsandlegends:molten_ball has no attributes
[31Jul2026 21:20:28.965] [main/ERROR] [net.minecraft.Util/]: Entity illageandspillage:bone has no attributes
[31Jul2026 21:20:28.965] [main/ERROR] [net.minecraft.Util/]: Entity illageandspillage:axe has no attributes
[31Jul2026 21:20:28.965] [main/ERROR] [net.minecraft.Util/]: Entity mythsandlegends:molten_ball has no attributes
[31Jul2026 21:20:28.965] [main/ERROR] [net.minecraft.Util/]: Entity illageandspillage:bone has no attributes
[31Jul2026 21:20:28.965] [main/ERROR] [net.minecraft.Util/]: Entity illageandspillage:axe has no attributes
[31Jul2026 21:20:28.965] [main/ERROR] [net.minecraft.Util/]: Entity mythsandlegends:molten_ball has no attributes
[31Jul2026 21:20:28.966] [main/ERROR] [net.minecraft.Util/]: Entity illageandspillage:bone has no attributes
[31Jul2026 21:20:28.966] [main/ERROR] [net.minecraft.Util/]: Entity illageandspillage:axe has no attributes
[31Jul2026 21:20:28.966] [main/ERROR] [net.minecraft.Util/]: Entity mythsandlegends:molten_ball has no attributes
[31Jul2026 21:20:28.966] [main/ERROR] [net.minecraft.Util/]: Entity illageandspillage:bone has no attributes
[31Jul2026 21:20:28.966] [main/ERROR] [net.minecraft.Util/]: Entity illageandspillage:axe has no attributes
[31Jul2026 21:20:28.966] [main/ERROR] [net.minecraft.Util/]: Entity mythsandlegends:molten_ball has no attributes
[31Jul2026 21:20:28.966] [main/ERROR] [net.minecraft.Util/]: Entity illageandspillage:bone has no attributes
[31Jul2026 21:20:28.967] [main/ERROR] [net.minecraft.Util/]: Entity illageandspillage:axe has no attributes
[31Jul2026 21:20:28.967] [main/ERROR] [net.minecraft.Util/]: Entity mythsandlegends:molten_ball has no attributes
[31Jul2026 21:20:28.967] [main/ERROR] [net.minecraft.Util/]: Entity illageandspillage:bone has no attributes
[31Jul2026 21:20:28.967] [main/ERROR] [net.minecraft.Util/]: Entity illageandspillage:axe has no attributes
[31Jul2026 21:20:28.967] [main/ERROR] [net.minecraft.Util/]: Entity mythsandlegends:molten_ball has no attributes
[31Jul2026 21:20:28.967] [main/ERROR] [net.minecraft.Util/]: Entity illageandspillage:bone has no attributes
[31Jul2026 21:20:28.967] [main/ERROR] [net.minecraft.Util/]: Entity illageandspillage:axe has no attributes
[31Jul2026 21:20:28.968] [main/ERROR] [net.minecraft.Util/]: Entity mythsandlegends:molten_ball has no attributes
[31Jul2026 21:20:28.968] [main/ERROR] [net.minecraft.Util/]: Entity illageandspillage:bone has no attributes
[31Jul2026 21:20:28.968] [main/ERROR] [net.minecraft.Util/]: Entity illageandspillage:axe has no attributes
[31Jul2026 21:20:28.968] [main/ERROR] [net.minecraft.Util/]: Entity mythsandlegends:molten_ball has no attributes
[31Jul2026 21:20:28.968] [main/ERROR] [net.minecraft.Util/]: Entity illageandspillage:bone has no attributes
[31Jul2026 21:20:28.968] [main/ERROR] [net.minecraft.Util/]: Entity illageandspillage:axe has no attributes
[31Jul2026 21:20:28.969] [main/ERROR] [net.minecraft.Util/]: Entity mythsandlegends:molten_ball has no attributes
[31Jul2026 21:20:28.969] [main/ERROR] [net.minecraft.Util/]: Entity illageandspillage:bone has no attributes
[31Jul2026 21:20:28.969] [main/ERROR] [net.minecraft.Util/]: Entity illageandspillage:axe has no attributes
[31Jul2026 21:20:28.969] [main/ERROR] [net.minecraft.Util/]: Entity mythsandlegends:molten_ball has no attributes
[31Jul2026 21:20:28.969] [main/ERROR] [net.minecraft.Util/]: Entity illageandspillage:bone has no attributes
[31Jul2026 21:20:28.969] [main/ERROR] [net.minecraft.Util/]: Entity illageandspillage:axe has no attributes
[31Jul2026 21:20:28.970] [main/ERROR] [net.minecraft.Util/]: Entity mythsandlegends:molten_ball has no attributes
[31Jul2026 21:20:28.970] [main/ERROR] [net.minecraft.Util/]: Entity illageandspillage:bone has no attributes
[31Jul2026 21:20:28.970] [main/ERROR] [net.minecraft.Util/]: Entity illageandspillage:axe has no attributes
[31Jul2026 21:20:28.970] [main/ERROR] [net.minecraft.Util/]: Entity mythsandlegends:molten_ball has no attributes
[31Jul2026 21:20:28.970] [main/ERROR] [net.minecraft.Util/]: Entity illageandspillage:bone has no attributes
[31Jul2026 21:20:28.970] [main/ERROR] [net.minecraft.Util/]: Entity illageandspillage:axe has no attributes
[31Jul2026 21:20:28.970] [main/ERROR] [net.minecraft.Util/]: Entity mythsandlegends:molten_ball has no attributes
[31Jul2026 21:20:28.971] [main/ERROR] [net.minecraft.Util/]: Entity illageandspillage:bone has no attributes
[31Jul2026 21:20:28.971] [main/ERROR] [net.minecraft.Util/]: Entity illageandspillage:axe has no attributes
[31Jul2026 21:20:28.971] [main/ERROR] [net.minecraft.Util/]: Entity mythsandlegends:molten_ball has no attributes
[31Jul2026 21:20:28.971] [main/ERROR] [net.minecraft.Util/]: Entity illageandspillage:bone has no attributes
[31Jul2026 21:20:28.971] [main/ERROR] [net.minecraft.Util/]: Entity illageandspillage:axe has no attributes
[31Jul2026 21:20:28.971] [main/ERROR] [net.minecraft.Util/]: Entity mythsandlegends:molten_ball has no attributes
[31Jul2026 21:20:28.971] [main/ERROR] [net.minecraft.Util/]: Entity illageandspillage:bone has no attributes
[31Jul2026 21:20:28.972] [main/ERROR] [net.minecraft.Util/]: Entity illageandspillage:axe has no attributes
[31Jul2026 21:20:28.972] [main/ERROR] [net.minecraft.Util/]: Entity mythsandlegends:molten_ball has no attributes
[31Jul2026 21:20:28.972] [main/ERROR] [net.minecraft.Util/]: Entity illageandspillage:bone has no attributes
[31Jul2026 21:20:28.972] [main/ERROR] [net.minecraft.Util/]: Entity illageandspillage:axe has no attributes
[31Jul2026 21:20:28.972] [main/ERROR] [net.minecraft.Util/]: Entity mythsandlegends:molten_ball has no attributes
[31Jul2026 21:20:28.972] [main/ERROR] [net.minecraft.Util/]: Entity illageandspillage:bone has no attributes
[31Jul2026 21:20:28.973] [main/ERROR] [net.minecraft.Util/]: Entity illageandspillage:axe has no attributes
[31Jul2026 21:20:28.973] [main/ERROR] [net.minecraft.Util/]: Entity mythsandlegends:molten_ball has no attributes
[31Jul2026 21:20:28.973] [main/ERROR] [net.minecraft.Util/]: Entity illageandspillage:bone has no attributes
[31Jul2026 21:20:28.973] [main/ERROR] [net.minecraft.Util/]: Entity illageandspillage:axe has no attributes
[31Jul2026 21:20:28.973] [main/ERROR] [net.minecraft.Util/]: Entity mythsandlegends:molten_ball has no attributes
[31Jul2026 21:20:28.973] [main/ERROR] [net.minecraft.Util/]: Entity illageandspillage:bone has no attributes
[31Jul2026 21:20:28.973] [main/ERROR] [net.minecraft.Util/]: Entity illageandspillage:axe has no attributes
[31Jul2026 21:20:28.974] [main/ERROR] [net.minecraft.Util/]: Entity mythsandlegends:molten_ball has no attributes
[31Jul2026 21:20:28.974] [main/ERROR] [net.minecraft.Util/]: Entity illageandspillage:bone has no attributes
[31Jul2026 21:20:28.974] [main/ERROR] [net.minecraft.Util/]: Entity illageandspillage:axe has no attributes
[31Jul2026 21:20:28.974] [main/ERROR] [net.minecraft.Util/]: Entity mythsandlegends:molten_ball has no attributes
[31Jul2026 21:20:28.974] [main/ERROR] [net.minecraft.Util/]: Entity illageandspillage:bone has no attributes
[31Jul2026 21:20:28.974] [main/ERROR] [net.minecraft.Util/]: Entity illageandspillage:axe has no attributes
[31Jul2026 21:20:28.975] [main/ERROR] [net.minecraft.Util/]: Entity mythsandlegends:molten_ball has no attributes
[31Jul2026 21:20:28.975] [main/ERROR] [net.minecraft.Util/]: Entity illageandspillage:bone has no attributes
[31Jul2026 21:20:28.975] [main/ERROR] [net.minecraft.Util/]: Entity illageandspillage:axe has no attributes
[31Jul2026 21:20:28.975] [main/ERROR] [net.minecraft.Util/]: Entity mythsandlegends:molten_ball has no attributes
[31Jul2026 21:20:28.975] [main/ERROR] [net.minecraft.Util/]: Entity illageandspillage:bone has no attributes
[31Jul2026 21:20:28.975] [main/ERROR] [net.minecraft.Util/]: Entity illageandspillage:axe has no attributes
[31Jul2026 21:20:28.975] [main/ERROR] [net.minecraft.Util/]: Entity mythsandlegends:molten_ball has no attributes
[31Jul2026 21:20:28.976] [main/ERROR] [net.minecraft.Util/]: Entity illageandspillage:bone has no attributes
[31Jul2026 21:20:28.976] [main/ERROR] [net.minecraft.Util/]: Entity illageandspillage:axe has no attributes
[31Jul2026 21:20:28.976] [main/ERROR] [net.minecraft.Util/]: Entity mythsandlegends:molten_ball has no attributes
[31Jul2026 21:20:28.976] [main/ERROR] [net.minecraft.Util/]: Entity illageandspillage:bone has no attributes
[31Jul2026 21:20:28.976] [main/ERROR] [net.minecraft.Util/]: Entity illageandspillage:axe has no attributes
[31Jul2026 21:20:28.976] [main/ERROR] [net.minecraft.Util/]: Entity mythsandlegends:molten_ball has no attributes
[31Jul2026 21:20:28.977] [main/ERROR] [net.minecraft.Util/]: Entity illageandspillage:bone has no attributes
[31Jul2026 21:20:28.977] [main/ERROR] [net.minecraft.Util/]: Entity illageandspillage:axe has no attributes
[31Jul2026 21:20:28.977] [main/ERROR] [net.minecraft.Util/]: Entity mythsandlegends:molten_ball has no attributes
[31Jul2026 21:20:28.977] [main/ERROR] [net.minecraft.Util/]: Entity illageandspillage:bone has no attributes
[31Jul2026 21:20:28.977] [main/ERROR] [net.minecraft.Util/]: Entity illageandspillage:axe has no attributes
[31Jul2026 21:20:28.977] [main/ERROR] [net.minecraft.Util/]: Entity mythsandlegends:molten_ball has no attributes
[31Jul2026 21:20:28.978] [main/ERROR] [net.minecraft.Util/]: Entity illageandspillage:bone has no attributes
[31Jul2026 21:20:28.978] [main/ERROR] [net.minecraft.Util/]: Entity illageandspillage:axe has no attributes
[31Jul2026 21:20:28.978] [main/ERROR] [net.minecraft.Util/]: Entity mythsandlegends:molten_ball has no attributes
[31Jul2026 21:20:28.978] [main/ERROR] [net.minecraft.Util/]: Entity illageandspillage:bone has no attributes
[31Jul2026 21:20:28.978] [main/ERROR] [net.minecraft.Util/]: Entity illageandspillage:axe has no attributes
[31Jul2026 21:20:28.978] [main/ERROR] [net.minecraft.Util/]: Entity mythsandlegends:molten_ball has no attributes
[31Jul2026 21:20:28.978] [main/ERROR] [net.minecraft.Util/]: Entity illageandspillage:bone has no attributes
[31Jul2026 21:20:28.979] [main/ERROR] [net.minecraft.Util/]: Entity illageandspillage:axe has no attributes
[31Jul2026 21:20:28.979] [main/ERROR] [net.minecraft.Util/]: Entity mythsandlegends:molten_ball has no attributes
[31Jul2026 21:20:28.979] [main/ERROR] [net.minecraft.Util/]: Entity illageandspillage:bone has no attributes
[31Jul2026 21:20:28.979] [main/ERROR] [net.minecraft.Util/]: Entity illageandspillage:axe has no attributes
[31Jul2026 21:20:28.979] [main/ERROR] [net.minecraft.Util/]: Entity mythsandlegends:molten_ball has no attributes
[31Jul2026 21:20:28.979] [main/ERROR] [net.minecraft.Util/]: Entity illageandspillage:bone has no attributes
[31Jul2026 21:20:28.979] [main/ERROR] [net.minecraft.Util/]: Entity illageandspillage:axe has no attributes
[31Jul2026 21:20:28.979] [main/ERROR] [net.minecraft.Util/]: Entity mythsandlegends:molten_ball has no attributes
[31Jul2026 21:20:28.980] [main/ERROR] [net.minecraft.Util/]: Entity illageandspillage:bone has no attributes
[31Jul2026 21:20:28.980] [main/ERROR] [net.minecraft.Util/]: Entity illageandspillage:axe has no attributes
[31Jul2026 21:20:28.980] [main/ERROR] [net.minecraft.Util/]: Entity mythsandlegends:molten_ball has no attributes
[31Jul2026 21:20:28.980] [main/ERROR] [net.minecraft.Util/]: Entity illageandspillage:bone has no attributes
[31Jul2026 21:20:28.980] [main/ERROR] [net.minecraft.Util/]: Entity illageandspillage:axe has no attributes
[31Jul2026 21:20:28.980] [main/ERROR] [net.minecraft.Util/]: Entity mythsandlegends:molten_ball has no attributes
[31Jul2026 21:20:28.981] [main/ERROR] [net.minecraft.Util/]: Entity illageandspillage:bone has no attributes
[31Jul2026 21:20:28.981] [main/ERROR] [net.minecraft.Util/]: Entity illageandspillage:axe has no attributes
[31Jul2026 21:20:28.981] [main/ERROR] [net.minecraft.Util/]: Entity mythsandlegends:molten_ball has no attributes
[31Jul2026 21:20:28.981] [main/ERROR] [net.minecraft.Util/]: Entity illageandspillage:bone has no attributes
[31Jul2026 21:20:28.981] [main/ERROR] [net.minecraft.Util/]: Entity illageandspillage:axe has no attributes
[31Jul2026 21:20:28.981] [main/ERROR] [net.minecraft.Util/]: Entity mythsandlegends:molten_ball has no attributes
[31Jul2026 21:20:28.982] [main/ERROR] [net.minecraft.Util/]: Entity illageandspillage:bone has no attributes
[31Jul2026 21:20:28.982] [main/ERROR] [net.minecraft.Util/]: Entity illageandspillage:axe has no attributes
[31Jul2026 21:20:28.982] [main/ERROR] [net.minecraft.Util/]: Entity mythsandlegends:molten_ball has no attributes
[31Jul2026 21:20:28.982] [main/ERROR] [net.minecraft.Util/]: Entity illageandspillage:bone has no attributes
[31Jul2026 21:20:28.982] [main/ERROR] [net.minecraft.Util/]: Entity illageandspillage:axe has no attributes
[31Jul2026 21:20:28.982] [main/ERROR] [net.minecraft.Util/]: Entity mythsandlegends:molten_ball has no attributes
[31Jul2026 21:20:28.983] [main/ERROR] [net.minecraft.Util/]: Entity illageandspillage:bone has no attributes
[31Jul2026 21:20:28.983] [main/ERROR] [net.minecraft.Util/]: Entity illageandspillage:axe has no attributes
[31Jul2026 21:20:28.983] [main/ERROR] [net.minecraft.Util/]: Entity mythsandlegends:molten_ball has no attributes
[31Jul2026 21:20:28.983] [main/ERROR] [net.minecraft.Util/]: Entity illageandspillage:bone has no attributes
[31Jul2026 21:20:28.983] [main/ERROR] [net.minecraft.Util/]: Entity illageandspillage:axe has no attributes
[31Jul2026 21:20:28.983] [main/ERROR] [net.minecraft.Util/]: Entity mythsandlegends:molten_ball has no attributes
[31Jul2026 21:20:28.984] [main/ERROR] [net.minecraft.Util/]: Entity illageandspillage:bone has no attributes
[31Jul2026 21:20:28.984] [main/ERROR] [net.minecraft.Util/]: Entity illageandspillage:axe has no attributes
[31Jul2026 21:20:28.984] [main/ERROR] [net.minecraft.Util/]: Entity mythsandlegends:molten_ball has no attributes
[31Jul2026 21:20:28.984] [main/ERROR] [net.minecraft.Util/]: Entity illageandspillage:bone has no attributes
[31Jul2026 21:20:28.984] [main/ERROR] [net.minecraft.Util/]: Entity illageandspillage:axe has no attributes
[31Jul2026 21:20:28.984] [main/ERROR] [net.minecraft.Util/]: Entity mythsandlegends:molten_ball has no attributes
[31Jul2026 21:20:28.985] [main/ERROR] [net.minecraft.Util/]: Entity illageandspillage:bone has no attributes
[31Jul2026 21:20:28.985] [main/ERROR] [net.minecraft.Util/]: Entity illageandspillage:axe has no attributes
[31Jul2026 21:20:28.985] [main/ERROR] [net.minecraft.Util/]: Entity mythsandlegends:molten_ball has no attributes
[31Jul2026 21:20:28.985] [main/ERROR] [net.minecraft.Util/]: Entity illageandspillage:bone has no attributes
[31Jul2026 21:20:28.985] [main/ERROR] [net.minecraft.Util/]: Entity illageandspillage:axe has no attributes
[31Jul2026 21:20:28.985] [main/ERROR] [net.minecraft.Util/]: Entity mythsandlegends:molten_ball has no attributes
[31Jul2026 21:20:28.986] [main/ERROR] [net.minecraft.Util/]: Entity illageandspillage:bone has no attributes
[31Jul2026 21:20:28.986] [main/ERROR] [net.minecraft.Util/]: Entity illageandspillage:axe has no attributes
[31Jul2026 21:20:28.986] [main/ERROR] [net.minecraft.Util/]: Entity mythsandlegends:molten_ball has no attributes
[31Jul2026 21:20:28.986] [main/ERROR] [net.minecraft.Util/]: Entity illageandspillage:bone has no attributes
[31Jul2026 21:20:28.986] [main/ERROR] [net.minecraft.Util/]: Entity illageandspillage:axe has no attributes
[31Jul2026 21:20:28.986] [main/ERROR] [net.minecraft.Util/]: Entity mythsandlegends:molten_ball has no attributes
[31Jul2026 21:20:28.986] [main/ERROR] [net.minecraft.Util/]: Entity illageandspillage:bone has no attributes
[31Jul2026 21:20:28.986] [main/ERROR] [net.minecraft.Util/]: Entity illageandspillage:axe has no attributes
[31Jul2026 21:20:28.986] [main/ERROR] [net.minecraft.Util/]: Entity mythsandlegends:molten_ball has no attributes
[31Jul2026 21:20:28.986] [main/ERROR] [net.minecraft.Util/]: Entity illageandspillage:bone has no attributes
[31Jul2026 21:20:28.986] [main/ERROR] [net.minecraft.Util/]: Entity illageandspillage:axe has no attributes
[31Jul2026 21:20:28.987] [main/ERROR] [net.minecraft.Util/]: Entity mythsandlegends:molten_ball has no attributes
[31Jul2026 21:20:28.987] [main/ERROR] [net.minecraft.Util/]: Entity illageandspillage:bone has no attributes
[31Jul2026 21:20:28.987] [main/ERROR] [net.minecraft.Util/]: Entity illageandspillage:axe has no attributes
[31Jul2026 21:20:28.987] [main/ERROR] [net.minecraft.Util/]: Entity mythsandlegends:molten_ball has no attributes
[31Jul2026 21:20:28.987] [main/ERROR] [net.minecraft.Util/]: Entity illageandspillage:bone has no attributes
[31Jul2026 21:20:28.987] [main/ERROR] [net.minecraft.Util/]: Entity illageandspillage:axe has no attributes
[31Jul2026 21:20:28.987] [main/ERROR] [net.minecraft.Util/]: Entity mythsandlegends:molten_ball has no attributes
[31Jul2026 21:20:28.987] [main/ERROR] [net.minecraft.Util/]: Entity illageandspillage:bone has no attributes
[31Jul2026 21:20:28.988] [main/ERROR] [net.minecraft.Util/]: Entity illageandspillage:axe has no attributes
[31Jul2026 21:20:28.988] [main/ERROR] [net.minecraft.Util/]: Entity mythsandlegends:molten_ball has no attributes
[31Jul2026 21:20:28.988] [main/ERROR] [net.minecraft.Util/]: Entity illageandspillage:bone has no attributes
[31Jul2026 21:20:28.988] [main/ERROR] [net.minecraft.Util/]: Entity illageandspillage:axe has no attributes
[31Jul2026 21:20:28.988] [main/ERROR] [net.minecraft.Util/]: Entity mythsandlegends:molten_ball has no attributes
[31Jul2026 21:20:28.988] [main/ERROR] [net.minecraft.Util/]: Entity illageandspillage:bone has no attributes
[31Jul2026 21:20:28.988] [main/ERROR] [net.minecraft.Util/]: Entity illageandspillage:axe has no attributes
[31Jul2026 21:20:28.988] [main/ERROR] [net.minecraft.Util/]: Entity mythsandlegends:molten_ball has no attributes
[31Jul2026 21:20:28.988] [main/ERROR] [net.minecraft.Util/]: Entity illageandspillage:bone has no attributes
[31Jul2026 21:20:28.989] [main/ERROR] [net.minecraft.Util/]: Entity illageandspillage:axe has no attributes
[31Jul2026 21:20:28.989] [main/ERROR] [net.minecraft.Util/]: Entity mythsandlegends:molten_ball has no attributes
[31Jul2026 21:20:28.989] [main/ERROR] [net.minecraft.Util/]: Entity illageandspillage:bone has no attributes
[31Jul2026 21:20:28.989] [main/ERROR] [net.minecraft.Util/]: Entity illageandspillage:axe has no attributes
[31Jul2026 21:20:28.989] [main/ERROR] [net.minecraft.Util/]: Entity mythsandlegends:molten_ball has no attributes
[31Jul2026 21:20:28.989] [main/ERROR] [net.minecraft.Util/]: Entity illageandspillage:bone has no attributes
[31Jul2026 21:20:28.989] [main/ERROR] [net.minecraft.Util/]: Entity illageandspillage:axe has no attributes
[31Jul2026 21:20:28.989] [main/ERROR] [net.minecraft.Util/]: Entity mythsandlegends:molten_ball has no attributes
[31Jul2026 21:20:28.990] [main/ERROR] [net.minecraft.Util/]: Entity illageandspillage:bone has no attributes
[31Jul2026 21:20:28.990] [main/ERROR] [net.minecraft.Util/]: Entity illageandspillage:axe has no attributes
[31Jul2026 21:20:28.990] [main/ERROR] [net.minecraft.Util/]: Entity mythsandlegends:molten_ball has no attributes
[31Jul2026 21:20:28.990] [main/ERROR] [net.minecraft.Util/]: Entity illageandspillage:bone has no attributes
[31Jul2026 21:20:28.990] [main/ERROR] [net.minecraft.Util/]: Entity illageandspillage:axe has no attributes
[31Jul2026 21:20:28.990] [main/ERROR] [net.minecraft.Util/]: Entity mythsandlegends:molten_ball has no attributes
[31Jul2026 21:20:28.990] [main/ERROR] [net.minecraft.Util/]: Entity illageandspillage:bone has no attributes
[31Jul2026 21:20:28.990] [main/ERROR] [net.minecraft.Util/]: Entity illageandspillage:axe has no attributes
[31Jul2026 21:20:28.990] [main/ERROR] [net.minecraft.Util/]: Entity mythsandlegends:molten_ball has no attributes
[31Jul2026 21:20:28.991] [main/ERROR] [net.minecraft.Util/]: Entity illageandspillage:bone has no attributes
[31Jul2026 21:20:28.991] [main/ERROR] [net.minecraft.Util/]: Entity illageandspillage:axe has no attributes
[31Jul2026 21:20:28.991] [main/ERROR] [net.minecraft.Util/]: Entity mythsandlegends:molten_ball has no attributes
[31Jul2026 21:20:28.991] [main/ERROR] [net.minecraft.Util/]: Entity illageandspillage:bone has no attributes
[31Jul2026 21:20:28.991] [main/ERROR] [net.minecraft.Util/]: Entity illageandspillage:axe has no attributes
[31Jul2026 21:20:28.991] [main/ERROR] [net.minecraft.Util/]: Entity mythsandlegends:molten_ball has no attributes
[31Jul2026 21:20:28.992] [main/ERROR] [net.minecraft.Util/]: Entity illageandspillage:bone has no attributes
[31Jul2026 21:20:28.992] [main/ERROR] [net.minecraft.Util/]: Entity illageandspillage:axe has no attributes
[31Jul2026 21:20:28.992] [main/ERROR] [net.minecraft.Util/]: Entity mythsandlegends:molten_ball has no attributes
[31Jul2026 21:20:28.992] [main/ERROR] [net.minecraft.Util/]: Entity illageandspillage:bone has no attributes
[31Jul2026 21:20:28.992] [main/ERROR] [net.minecraft.Util/]: Entity illageandspillage:axe has no attributes
[31Jul2026 21:20:28.992] [main/ERROR] [net.minecraft.Util/]: Entity mythsandlegends:molten_ball has no attributes
[31Jul2026 21:20:28.992] [main/ERROR] [net.minecraft.Util/]: Entity illageandspillage:bone has no attributes
[31Jul2026 21:20:28.992] [main/ERROR] [net.minecraft.Util/]: Entity illageandspillage:axe has no attributes
[31Jul2026 21:20:28.992] [main/ERROR] [net.minecraft.Util/]: Entity mythsandlegends:molten_ball has no attributes
[31Jul2026 21:20:28.993] [main/ERROR] [net.minecraft.Util/]: Entity illageandspillage:bone has no attributes
[31Jul2026 21:20:28.993] [main/ERROR] [net.minecraft.Util/]: Entity illageandspillage:axe has no attributes
[31Jul2026 21:20:28.993] [main/ERROR] [net.minecraft.Util/]: Entity mythsandlegends:molten_ball has no attributes
[31Jul2026 21:20:28.993] [main/ERROR] [net.minecraft.Util/]: Entity illageandspillage:bone has no attributes
[31Jul2026 21:20:28.993] [main/ERROR] [net.minecraft.Util/]: Entity illageandspillage:axe has no attributes
[31Jul2026 21:20:28.993] [main/ERROR] [net.minecraft.Util/]: Entity mythsandlegends:molten_ball has no attributes
[31Jul2026 21:20:28.993] [main/ERROR] [net.minecraft.Util/]: Entity illageandspillage:bone has no attributes
[31Jul2026 21:20:28.993] [main/ERROR] [net.minecraft.Util/]: Entity illageandspillage:axe has no attributes
[31Jul2026 21:20:28.993] [main/ERROR] [net.minecraft.Util/]: Entity mythsandlegends:molten_ball has no attributes
[31Jul2026 21:20:28.993] [main/ERROR] [net.minecraft.Util/]: Entity illageandspillage:bone has no attributes
[31Jul2026 21:20:28.993] [main/ERROR] [net.minecraft.Util/]: Entity illageandspillage:axe has no attributes
[31Jul2026 21:20:28.993] [main/ERROR] [net.minecraft.Util/]: Entity mythsandlegends:molten_ball has no attributes
[31Jul2026 21:20:28.993] [main/ERROR] [net.minecraft.Util/]: Entity illageandspillage:bone has no attributes
[31Jul2026 21:20:28.994] [main/ERROR] [net.minecraft.Util/]: Entity illageandspillage:axe has no attributes
[31Jul2026 21:20:28.994] [main/ERROR] [net.minecraft.Util/]: Entity mythsandlegends:molten_ball has no attributes
[31Jul2026 21:20:28.994] [main/ERROR] [net.minecraft.Util/]: Entity illageandspillage:bone has no attributes
[31Jul2026 21:20:28.994] [main/ERROR] [net.minecraft.Util/]: Entity illageandspillage:axe has no attributes
[31Jul2026 21:20:28.994] [main/ERROR] [net.minecraft.Util/]: Entity mythsandlegends:molten_ball has no attributes
[31Jul2026 21:20:28.994] [main/ERROR] [net.minecraft.Util/]: Entity illageandspillage:bone has no attributes
[31Jul2026 21:20:28.994] [main/ERROR] [net.minecraft.Util/]: Entity illageandspillage:axe has no attributes
[31Jul2026 21:20:28.994] [main/ERROR] [net.minecraft.Util/]: Entity mythsandlegends:molten_ball has no attributes
[31Jul2026 21:20:28.994] [main/ERROR] [net.minecraft.Util/]: Entity illageandspillage:bone has no attributes
[31Jul2026 21:20:28.994] [main/ERROR] [net.minecraft.Util/]: Entity illageandspillage:axe has no attributes
[31Jul2026 21:20:28.994] [main/ERROR] [net.minecraft.Util/]: Entity mythsandlegends:molten_ball has no attributes
[31Jul2026 21:20:28.995] [main/ERROR] [net.minecraft.Util/]: Entity illageandspillage:bone has no attributes
[31Jul2026 21:20:28.995] [main/ERROR] [net.minecraft.Util/]: Entity illageandspillage:axe has no attributes
[31Jul2026 21:20:28.995] [main/ERROR] [net.minecraft.Util/]: Entity mythsandlegends:molten_ball has no attributes
[31Jul2026 21:20:28.995] [main/ERROR] [net.minecraft.Util/]: Entity illageandspillage:bone has no attributes
[31Jul2026 21:20:28.995] [main/ERROR] [net.minecraft.Util/]: Entity illageandspillage:axe has no attributes
[31Jul2026 21:20:28.995] [main/ERROR] [net.minecraft.Util/]: Entity mythsandlegends:molten_ball has no attributes
[31Jul2026 21:20:28.995] [main/ERROR] [net.minecraft.Util/]: Entity illageandspillage:bone has no attributes
[31Jul2026 21:20:28.995] [main/ERROR] [net.minecraft.Util/]: Entity illageandspillage:axe has no attributes
[31Jul2026 21:20:28.995] [main/ERROR] [net.minecraft.Util/]: Entity mythsandlegends:molten_ball has no attributes
[31Jul2026 21:20:28.995] [main/ERROR] [net.minecraft.Util/]: Entity illageandspillage:bone has no attributes
[31Jul2026 21:20:28.995] [main/ERROR] [net.minecraft.Util/]: Entity illageandspillage:axe has no attributes
[31Jul2026 21:20:28.995] [main/ERROR] [net.minecraft.Util/]: Entity mythsandlegends:molten_ball has no attributes
[31Jul2026 21:20:28.995] [main/ERROR] [net.minecraft.Util/]: Entity illageandspillage:bone has no attributes
[31Jul2026 21:20:28.995] [main/ERROR] [net.minecraft.Util/]: Entity illageandspillage:axe has no attributes
[31Jul2026 21:20:28.996] [main/ERROR] [net.minecraft.Util/]: Entity mythsandlegends:molten_ball has no attributes
[31Jul2026 21:20:28.996] [main/ERROR] [net.minecraft.Util/]: Entity illageandspillage:bone has no attributes
[31Jul2026 21:20:28.996] [main/ERROR] [net.minecraft.Util/]: Entity illageandspillage:axe has no attributes
[31Jul2026 21:20:28.996] [main/ERROR] [net.minecraft.Util/]: Entity mythsandlegends:molten_ball has no attributes
[31Jul2026 21:20:28.996] [main/ERROR] [net.minecraft.Util/]: Entity illageandspillage:bone has no attributes
[31Jul2026 21:20:28.996] [main/ERROR] [net.minecraft.Util/]: Entity illageandspillage:axe has no attributes
[31Jul2026 21:20:28.996] [main/ERROR] [net.minecraft.Util/]: Entity mythsandlegends:molten_ball has no attributes
[31Jul2026 21:20:28.997] [main/ERROR] [net.minecraft.Util/]: Entity illageandspillage:bone has no attributes
[31Jul2026 21:20:28.997] [main/ERROR] [net.minecraft.Util/]: Entity illageandspillage:axe has no attributes
[31Jul2026 21:20:28.997] [main/ERROR] [net.minecraft.Util/]: Entity mythsandlegends:molten_ball has no attributes
[31Jul2026 21:20:28.997] [main/ERROR] [net.minecraft.Util/]: Entity illageandspillage:bone has no attributes
[31Jul2026 21:20:28.997] [main/ERROR] [net.minecraft.Util/]: Entity illageandspillage:axe has no attributes
[31Jul2026 21:20:28.997] [main/ERROR] [net.minecraft.Util/]: Entity mythsandlegends:molten_ball has no attributes
[31Jul2026 21:20:28.998] [main/ERROR] [net.minecraft.Util/]: Entity illageandspillage:bone has no attributes
[31Jul2026 21:20:28.998] [main/ERROR] [net.minecraft.Util/]: Entity illageandspillage:axe has no attributes
[31Jul2026 21:20:28.998] [main/ERROR] [net.minecraft.Util/]: Entity mythsandlegends:molten_ball has no attributes
[31Jul2026 21:20:28.998] [main/ERROR] [net.minecraft.Util/]: Entity illageandspillage:bone has no attributes
[31Jul2026 21:20:28.998] [main/ERROR] [net.minecraft.Util/]: Entity illageandspillage:axe has no attributes
[31Jul2026 21:20:28.998] [main/ERROR] [net.minecraft.Util/]: Entity mythsandlegends:molten_ball has no attributes
[31Jul2026 21:20:28.998] [main/ERROR] [net.minecraft.Util/]: Entity illageandspillage:bone has no attributes
[31Jul2026 21:20:28.998] [main/ERROR] [net.minecraft.Util/]: Entity illageandspillage:axe has no attributes
[31Jul2026 21:20:28.998] [main/ERROR] [net.minecraft.Util/]: Entity mythsandlegends:molten_ball has no attributes
[31Jul2026 21:20:28.998] [main/ERROR] [net.minecraft.Util/]: Entity illageandspillage:bone has no attributes
[31Jul2026 21:20:28.998] [main/ERROR] [net.minecraft.Util/]: Entity illageandspillage:axe has no attributes
[31Jul2026 21:20:28.998] [main/ERROR] [net.minecraft.Util/]: Entity mythsandlegends:molten_ball has no attributes
[31Jul2026 21:20:29.470] [main/INFO] [com.mojang.authlib.yggdrasil.YggdrasilAuthenticationService/]: Environment: authHost='https://authserver.mojang.com', accountsHost='https://api.mojang.com', sessionHost='https://sessionserver.mojang.com', servicesHost='https://api.minecraftservices.com', name='PROD'
[31Jul2026 21:20:29.733] [main/ERROR] [net.minecraft.Util/]: Entity illageandspillage:bone has no attributes
[31Jul2026 21:20:29.734] [main/ERROR] [net.minecraft.Util/]: Entity illageandspillage:axe has no attributes
[31Jul2026 21:20:29.734] [main/ERROR] [net.minecraft.Util/]: Entity mythsandlegends:molten_ball has no attributes
[31Jul2026 21:20:29.734] [main/ERROR] [net.minecraft.Util/]: Entity illageandspillage:bone has no attributes
[31Jul2026 21:20:29.734] [main/ERROR] [net.minecraft.Util/]: Entity illageandspillage:axe has no attributes
[31Jul2026 21:20:29.734] [main/ERROR] [net.minecraft.Util/]: Entity mythsandlegends:molten_ball has no attributes
[31Jul2026 21:20:29.735] [main/ERROR] [net.minecraft.Util/]: Entity illageandspillage:bone has no attributes
[31Jul2026 21:20:29.735] [main/ERROR] [net.minecraft.Util/]: Entity illageandspillage:axe has no attributes
[31Jul2026 21:20:29.735] [main/ERROR] [net.minecraft.Util/]: Entity mythsandlegends:molten_ball has no attributes
[31Jul2026 21:20:29.735] [main/ERROR] [net.minecraft.Util/]: Entity illageandspillage:bone has no attributes
[31Jul2026 21:20:29.735] [main/ERROR] [net.minecraft.Util/]: Entity illageandspillage:axe has no attributes
[31Jul2026 21:20:29.735] [main/ERROR] [net.minecraft.Util/]: Entity mythsandlegends:molten_ball has no attributes
[31Jul2026 21:20:29.735] [main/ERROR] [net.minecraft.Util/]: Entity illageandspillage:bone has no attributes
[31Jul2026 21:20:29.736] [main/ERROR] [net.minecraft.Util/]: Entity illageandspillage:axe has no attributes
[31Jul2026 21:20:29.736] [main/ERROR] [net.minecraft.Util/]: Entity mythsandlegends:molten_ball has no attributes
[31Jul2026 21:20:29.736] [main/ERROR] [net.minecraft.Util/]: Entity illageandspillage:bone has no attributes
[31Jul2026 21:20:29.736] [main/ERROR] [net.minecraft.Util/]: Entity illageandspillage:axe has no attributes
[31Jul2026 21:20:29.736] [main/ERROR] [net.minecraft.Util/]: Entity mythsandlegends:molten_ball has no attributes
[31Jul2026 21:20:29.736] [main/ERROR] [net.minecraft.Util/]: Entity illageandspillage:bone has no attributes
[31Jul2026 21:20:29.736] [main/ERROR] [net.minecraft.Util/]: Entity illageandspillage:axe has no attributes
[31Jul2026 21:20:29.737] [main/ERROR] [net.minecraft.Util/]: Entity mythsandlegends:molten_ball has no attributes
[31Jul2026 21:20:29.737] [main/ERROR] [net.minecraft.Util/]: Entity illageandspillage:bone has no attributes
[31Jul2026 21:20:29.737] [main/ERROR] [net.minecraft.Util/]: Entity illageandspillage:axe has no attributes
[31Jul2026 21:20:29.737] [main/ERROR] [net.minecraft.Util/]: Entity mythsandlegends:molten_ball has no attributes
[31Jul2026 21:20:29.737] [main/ERROR] [net.minecraft.Util/]: Entity illageandspillage:bone has no attributes
[31Jul2026 21:20:29.738] [main/ERROR] [net.minecraft.Util/]: Entity illageandspillage:axe has no attributes
[31Jul2026 21:20:29.738] [main/ERROR] [net.minecraft.Util/]: Entity mythsandlegends:molten_ball has no attributes
[31Jul2026 21:20:29.738] [main/ERROR] [net.minecraft.Util/]: Entity illageandspillage:bone has no attributes
[31Jul2026 21:20:29.738] [main/ERROR] [net.minecraft.Util/]: Entity illageandspillage:axe has no attributes
[31Jul2026 21:20:29.738] [main/ERROR] [net.minecraft.Util/]: Entity mythsandlegends:molten_ball has no attributes
[31Jul2026 21:20:29.738] [main/ERROR] [net.minecraft.Util/]: Entity illageandspillage:bone has no attributes
[31Jul2026 21:20:29.739] [main/ERROR] [net.minecraft.Util/]: Entity illageandspillage:axe has no attributes
[31Jul2026 21:20:29.739] [main/ERROR] [net.minecraft.Util/]: Entity mythsandlegends:molten_ball has no attributes
[31Jul2026 21:20:29.739] [main/ERROR] [net.minecraft.Util/]: Entity illageandspillage:bone has no attributes
[31Jul2026 21:20:29.739] [main/ERROR] [net.minecraft.Util/]: Entity illageandspillage:axe has no attributes
[31Jul2026 21:20:29.739] [main/ERROR] [net.minecraft.Util/]: Entity mythsandlegends:molten_ball has no attributes
[31Jul2026 21:20:29.739] [main/ERROR] [net.minecraft.Util/]: Entity illageandspillage:bone has no attributes
[31Jul2026 21:20:29.740] [main/ERROR] [net.minecraft.Util/]: Entity illageandspillage:axe has no attributes
[31Jul2026 21:20:29.740] [main/ERROR] [net.minecraft.Util/]: Entity mythsandlegends:molten_ball has no attributes
[31Jul2026 21:20:29.740] [main/ERROR] [net.minecraft.Util/]: Entity illageandspillage:bone has no attributes
[31Jul2026 21:20:29.740] [main/ERROR] [net.minecraft.Util/]: Entity illageandspillage:axe has no attributes
[31Jul2026 21:20:29.740] [main/ERROR] [net.minecraft.Util/]: Entity mythsandlegends:molten_ball has no attributes
[31Jul2026 21:20:29.740] [main/ERROR] [net.minecraft.Util/]: Entity illageandspillage:bone has no attributes
[31Jul2026 21:20:29.740] [main/ERROR] [net.minecraft.Util/]: Entity illageandspillage:axe has no attributes
[31Jul2026 21:20:29.741] [main/ERROR] [net.minecraft.Util/]: Entity mythsandlegends:molten_ball has no attributes
[31Jul2026 21:20:29.741] [main/ERROR] [net.minecraft.Util/]: Entity illageandspillage:bone has no attributes
[31Jul2026 21:20:29.741] [main/ERROR] [net.minecraft.Util/]: Entity illageandspillage:axe has no attributes
[31Jul2026 21:20:29.741] [main/ERROR] [net.minecraft.Util/]: Entity mythsandlegends:molten_ball has no attributes
[31Jul2026 21:20:29.741] [main/ERROR] [net.minecraft.Util/]: Entity illageandspillage:bone has no attributes
[31Jul2026 21:20:29.741] [main/ERROR] [net.minecraft.Util/]: Entity illageandspillage:axe has no attributes
[31Jul2026 21:20:29.742] [main/ERROR] [net.minecraft.Util/]: Entity mythsandlegends:molten_ball has no attributes
[31Jul2026 21:20:29.742] [main/ERROR] [net.minecraft.Util/]: Entity illageandspillage:bone has no attributes
[31Jul2026 21:20:29.742] [main/ERROR] [net.minecraft.Util/]: Entity illageandspillage:axe has no attributes
[31Jul2026 21:20:29.742] [main/ERROR] [net.minecraft.Util/]: Entity mythsandlegends:molten_ball has no attributes
[31Jul2026 21:20:29.742] [main/ERROR] [net.minecraft.Util/]: Entity illageandspillage:bone has no attributes
[31Jul2026 21:20:29.743] [main/ERROR] [net.minecraft.Util/]: Entity illageandspillage:axe has no attributes
[31Jul2026 21:20:29.743] [main/ERROR] [net.minecraft.Util/]: Entity mythsandlegends:molten_ball has no attributes
[31Jul2026 21:20:29.743] [main/ERROR] [net.minecraft.Util/]: Entity illageandspillage:bone has no attributes
[31Jul2026 21:20:29.743] [main/ERROR] [net.minecraft.Util/]: Entity illageandspillage:axe has no attributes
[31Jul2026 21:20:29.743] [main/ERROR] [net.minecraft.Util/]: Entity mythsandlegends:molten_ball has no attributes
[31Jul2026 21:20:29.743] [main/ERROR] [net.minecraft.Util/]: Entity illageandspillage:bone has no attributes
[31Jul2026 21:20:29.743] [main/ERROR] [net.minecraft.Util/]: Entity illageandspillage:axe has no attributes
[31Jul2026 21:20:29.744] [main/ERROR] [net.minecraft.Util/]: Entity mythsandlegends:molten_ball has no attributes
[31Jul2026 21:20:29.744] [main/ERROR] [net.minecraft.Util/]: Entity illageandspillage:bone has no attributes
[31Jul2026 21:20:29.744] [main/ERROR] [net.minecraft.Util/]: Entity illageandspillage:axe has no attributes
[31Jul2026 21:20:29.744] [main/ERROR] [net.minecraft.Util/]: Entity mythsandlegends:molten_ball has no attributes
[31Jul2026 21:20:29.744] [main/ERROR] [net.minecraft.Util/]: Entity illageandspillage:bone has no attributes
[31Jul2026 21:20:29.744] [main/ERROR] [net.minecraft.Util/]: Entity illageandspillage:axe has no attributes
[31Jul2026 21:20:29.745] [main/ERROR] [net.minecraft.Util/]: Entity mythsandlegends:molten_ball has no attributes
[31Jul2026 21:20:29.745] [main/ERROR] [net.minecraft.Util/]: Entity illageandspillage:bone has no attributes
[31Jul2026 21:20:29.745] [main/ERROR] [net.minecraft.Util/]: Entity illageandspillage:axe has no attributes
[31Jul2026 21:20:29.745] [main/ERROR] [net.minecraft.Util/]: Entity mythsandlegends:molten_ball has no attributes
[31Jul2026 21:20:29.745] [main/ERROR] [net.minecraft.Util/]: Entity illageandspillage:bone has no attributes
[31Jul2026 21:20:29.746] [main/ERROR] [net.minecraft.Util/]: Entity illageandspillage:axe has no attributes
[31Jul2026 21:20:29.746] [main/ERROR] [net.minecraft.Util/]: Entity mythsandlegends:molten_ball has no attributes
[31Jul2026 21:20:29.746] [main/ERROR] [net.minecraft.Util/]: Entity illageandspillage:bone has no attributes
[31Jul2026 21:20:29.746] [main/ERROR] [net.minecraft.Util/]: Entity illageandspillage:axe has no attributes
[31Jul2026 21:20:29.746] [main/ERROR] [net.minecraft.Util/]: Entity mythsandlegends:molten_ball has no attributes
[31Jul2026 21:20:29.746] [main/ERROR] [net.minecraft.Util/]: Entity illageandspillage:bone has no attributes
[31Jul2026 21:20:29.746] [main/ERROR] [net.minecraft.Util/]: Entity illageandspillage:axe has no attributes
[31Jul2026 21:20:29.746] [main/ERROR] [net.minecraft.Util/]: Entity mythsandlegends:molten_ball has no attributes
[31Jul2026 21:20:29.747] [main/ERROR] [net.minecraft.Util/]: Entity illageandspillage:bone has no attributes
[31Jul2026 21:20:29.747] [main/ERROR] [net.minecraft.Util/]: Entity illageandspillage:axe has no attributes
[31Jul2026 21:20:29.747] [main/ERROR] [net.minecraft.Util/]: Entity mythsandlegends:molten_ball has no attributes
[31Jul2026 21:20:29.747] [main/ERROR] [net.minecraft.Util/]: Entity illageandspillage:bone has no attributes
[31Jul2026 21:20:29.747] [main/ERROR] [net.minecraft.Util/]: Entity illageandspillage:axe has no attributes
[31Jul2026 21:20:29.747] [main/ERROR] [net.minecraft.Util/]: Entity mythsandlegends:molten_ball has no attributes
[31Jul2026 21:20:29.747] [main/ERROR] [net.minecraft.Util/]: Entity illageandspillage:bone has no attributes
[31Jul2026 21:20:29.748] [main/ERROR] [net.minecraft.Util/]: Entity illageandspillage:axe has no attributes
[31Jul2026 21:20:29.748] [main/ERROR] [net.minecraft.Util/]: Entity mythsandlegends:molten_ball has no attributes
[31Jul2026 21:20:29.748] [main/ERROR] [net.minecraft.Util/]: Entity illageandspillage:bone has no attributes
[31Jul2026 21:20:29.748] [main/ERROR] [net.minecraft.Util/]: Entity illageandspillage:axe has no attributes
[31Jul2026 21:20:29.748] [main/ERROR] [net.minecraft.Util/]: Entity mythsandlegends:molten_ball has no attributes
[31Jul2026 21:20:29.748] [main/ERROR] [net.minecraft.Util/]: Entity illageandspillage:bone has no attributes
[31Jul2026 21:20:29.748] [main/ERROR] [net.minecraft.Util/]: Entity illageandspillage:axe has no attributes
[31Jul2026 21:20:29.748] [main/ERROR] [net.minecraft.Util/]: Entity mythsandlegends:molten_ball has no attributes
[31Jul2026 21:20:29.749] [main/ERROR] [net.minecraft.Util/]: Entity illageandspillage:bone has no attributes
[31Jul2026 21:20:29.749] [main/ERROR] [net.minecraft.Util/]: Entity illageandspillage:axe has no attributes
[31Jul2026 21:20:29.749] [main/ERROR] [net.minecraft.Util/]: Entity mythsandlegends:molten_ball has no attributes
[31Jul2026 21:20:29.749] [main/ERROR] [net.minecraft.Util/]: Entity illageandspillage:bone has no attributes
[31Jul2026 21:20:29.749] [main/ERROR] [net.minecraft.Util/]: Entity illageandspillage:axe has no attributes
[31Jul2026 21:20:29.749] [main/ERROR] [net.minecraft.Util/]: Entity mythsandlegends:molten_ball has no attributes
[31Jul2026 21:20:29.749] [main/ERROR] [net.minecraft.Util/]: Entity illageandspillage:bone has no attributes
[31Jul2026 21:20:29.749] [main/ERROR] [net.minecraft.Util/]: Entity illageandspillage:axe has no attributes
[31Jul2026 21:20:29.749] [main/ERROR] [net.minecraft.Util/]: Entity mythsandlegends:molten_ball has no attributes
[31Jul2026 21:20:29.750] [main/ERROR] [net.minecraft.Util/]: Entity illageandspillage:bone has no attributes
[31Jul2026 21:20:29.750] [main/ERROR] [net.minecraft.Util/]: Entity illageandspillage:axe has no attributes
[31Jul2026 21:20:29.750] [main/ERROR] [net.minecraft.Util/]: Entity mythsandlegends:molten_ball has no attributes
[31Jul2026 21:20:29.750] [main/ERROR] [net.minecraft.Util/]: Entity illageandspillage:bone has no attributes
[31Jul2026 21:20:29.750] [main/ERROR] [net.minecraft.Util/]: Entity illageandspillage:axe has no attributes
[31Jul2026 21:20:29.750] [main/ERROR] [net.minecraft.Util/]: Entity mythsandlegends:molten_ball has no attributes
[31Jul2026 21:20:29.751] [main/ERROR] [net.minecraft.Util/]: Entity illageandspillage:bone has no attributes
[31Jul2026 21:20:29.751] [main/ERROR] [net.minecraft.Util/]: Entity illageandspillage:axe has no attributes
[31Jul2026 21:20:29.751] [main/ERROR] [net.minecraft.Util/]: Entity mythsandlegends:molten_ball has no attributes
[31Jul2026 21:20:29.751] [main/ERROR] [net.minecraft.Util/]: Entity illageandspillage:bone has no attributes
[31Jul2026 21:20:29.751] [main/ERROR] [net.minecraft.Util/]: Entity illageandspillage:axe has no attributes
[31Jul2026 21:20:29.751] [main/ERROR] [net.minecraft.Util/]: Entity mythsandlegends:molten_ball has no attributes
[31Jul2026 21:20:29.751] [main/ERROR] [net.minecraft.Util/]: Entity illageandspillage:bone has no attributes
[31Jul2026 21:20:29.751] [main/ERROR] [net.minecraft.Util/]: Entity illageandspillage:axe has no attributes
[31Jul2026 21:20:29.752] [main/ERROR] [net.minecraft.Util/]: Entity mythsandlegends:molten_ball has no attributes
[31Jul2026 21:20:29.752] [main/ERROR] [net.minecraft.Util/]: Entity illageandspillage:bone has no attributes
[31Jul2026 21:20:29.752] [main/ERROR] [net.minecraft.Util/]: Entity illageandspillage:axe has no attributes
[31Jul2026 21:20:29.752] [main/ERROR] [net.minecraft.Util/]: Entity mythsandlegends:molten_ball has no attributes
[31Jul2026 21:20:29.752] [main/ERROR] [net.minecraft.Util/]: Entity illageandspillage:bone has no attributes
[31Jul2026 21:20:29.752] [main/ERROR] [net.minecraft.Util/]: Entity illageandspillage:axe has no attributes
[31Jul2026 21:20:29.752] [main/ERROR] [net.minecraft.Util/]: Entity mythsandlegends:molten_ball has no attributes
[31Jul2026 21:20:29.753] [main/ERROR] [net.minecraft.Util/]: Entity illageandspillage:bone has no attributes
[31Jul2026 21:20:29.753] [main/ERROR] [net.minecraft.Util/]: Entity illageandspillage:axe has no attributes
[31Jul2026 21:20:29.753] [main/ERROR] [net.minecraft.Util/]: Entity mythsandlegends:molten_ball has no attributes
[31Jul2026 21:20:29.753] [main/ERROR] [net.minecraft.Util/]: Entity illageandspillage:bone has no attributes
[31Jul2026 21:20:29.753] [main/ERROR] [net.minecraft.Util/]: Entity illageandspillage:axe has no attributes
[31Jul2026 21:20:29.753] [main/ERROR] [net.minecraft.Util/]: Entity mythsandlegends:molten_ball has no attributes
[31Jul2026 21:20:29.753] [main/ERROR] [net.minecraft.Util/]: Entity illageandspillage:bone has no attributes
[31Jul2026 21:20:29.753] [main/ERROR] [net.minecraft.Util/]: Entity illageandspillage:axe has no attributes
[31Jul2026 21:20:29.754] [main/ERROR] [net.minecraft.Util/]: Entity mythsandlegends:molten_ball has no attributes
[31Jul2026 21:20:29.754] [main/ERROR] [net.minecraft.Util/]: Entity illageandspillage:bone has no attributes
[31Jul2026 21:20:29.754] [main/ERROR] [net.minecraft.Util/]: Entity illageandspillage:axe has no attributes
[31Jul2026 21:20:29.754] [main/ERROR] [net.minecraft.Util/]: Entity mythsandlegends:molten_ball has no attributes
[31Jul2026 21:20:29.754] [main/ERROR] [net.minecraft.Util/]: Entity illageandspillage:bone has no attributes
[31Jul2026 21:20:29.754] [main/ERROR] [net.minecraft.Util/]: Entity illageandspillage:axe has no attributes
[31Jul2026 21:20:29.754] [main/ERROR] [net.minecraft.Util/]: Entity mythsandlegends:molten_ball has no attributes
[31Jul2026 21:20:29.755] [main/ERROR] [net.minecraft.Util/]: Entity illageandspillage:bone has no attributes
[31Jul2026 21:20:29.755] [main/ERROR] [net.minecraft.Util/]: Entity illageandspillage:axe has no attributes
[31Jul2026 21:20:29.755] [main/ERROR] [net.minecraft.Util/]: Entity mythsandlegends:molten_ball has no attributes
[31Jul2026 21:20:29.755] [main/ERROR] [net.minecraft.Util/]: Entity illageandspillage:bone has no attributes
[31Jul2026 21:20:29.755] [main/ERROR] [net.minecraft.Util/]: Entity illageandspillage:axe has no attributes
[31Jul2026 21:20:29.755] [main/ERROR] [net.minecraft.Util/]: Entity mythsandlegends:molten_ball has no attributes
[31Jul2026 21:20:29.756] [main/ERROR] [net.minecraft.Util/]: Entity illageandspillage:bone has no attributes
[31Jul2026 21:20:29.756] [main/ERROR] [net.minecraft.Util/]: Entity illageandspillage:axe has no attributes
[31Jul2026 21:20:29.756] [main/ERROR] [net.minecraft.Util/]: Entity mythsandlegends:molten_ball has no attributes
[31Jul2026 21:20:29.756] [main/ERROR] [net.minecraft.Util/]: Entity illageandspillage:bone has no attributes
[31Jul2026 21:20:29.756] [main/ERROR] [net.minecraft.Util/]: Entity illageandspillage:axe has no attributes
[31Jul2026 21:20:29.756] [main/ERROR] [net.minecraft.Util/]: Entity mythsandlegends:molten_ball has no attributes
[31Jul2026 21:20:29.756] [main/ERROR] [net.minecraft.Util/]: Entity illageandspillage:bone has no attributes
[31Jul2026 21:20:29.756] [main/ERROR] [net.minecraft.Util/]: Entity illageandspillage:axe has no attributes
[31Jul2026 21:20:29.756] [main/ERROR] [net.minecraft.Util/]: Entity mythsandlegends:molten_ball has no attributes
[31Jul2026 21:20:29.756] [main/ERROR] [net.minecraft.Util/]: Entity illageandspillage:bone has no attributes
[31Jul2026 21:20:29.756] [main/ERROR] [net.minecraft.Util/]: Entity illageandspillage:axe has no attributes
[31Jul2026 21:20:29.756] [main/ERROR] [net.minecraft.Util/]: Entity mythsandlegends:molten_ball has no attributes
[31Jul2026 21:20:29.757] [main/ERROR] [net.minecraft.Util/]: Entity illageandspillage:bone has no attributes
[31Jul2026 21:20:29.757] [main/ERROR] [net.minecraft.Util/]: Entity illageandspillage:axe has no attributes
[31Jul2026 21:20:29.757] [main/ERROR] [net.minecraft.Util/]: Entity mythsandlegends:molten_ball has no attributes
[31Jul2026 21:20:29.757] [main/ERROR] [net.minecraft.Util/]: Entity illageandspillage:bone has no attributes
[31Jul2026 21:20:29.757] [main/ERROR] [net.minecraft.Util/]: Entity illageandspillage:axe has no attributes
[31Jul2026 21:20:29.757] [main/ERROR] [net.minecraft.Util/]: Entity mythsandlegends:molten_ball has no attributes
[31Jul2026 21:20:29.757] [main/ERROR] [net.minecraft.Util/]: Entity illageandspillage:bone has no attributes
[31Jul2026 21:20:29.757] [main/ERROR] [net.minecraft.Util/]: Entity illageandspillage:axe has no attributes
[31Jul2026 21:20:29.757] [main/ERROR] [net.minecraft.Util/]: Entity mythsandlegends:molten_ball has no attributes
[31Jul2026 21:20:29.758] [main/ERROR] [net.minecraft.Util/]: Entity illageandspillage:bone has no attributes
[31Jul2026 21:20:29.758] [main/ERROR] [net.minecraft.Util/]: Entity illageandspillage:axe has no attributes
[31Jul2026 21:20:29.758] [main/ERROR] [net.minecraft.Util/]: Entity mythsandlegends:molten_ball has no attributes
[31Jul2026 21:20:29.758] [main/ERROR] [net.minecraft.Util/]: Entity illageandspillage:bone has no attributes
[31Jul2026 21:20:29.758] [main/ERROR] [net.minecraft.Util/]: Entity illageandspillage:axe has no attributes
[31Jul2026 21:20:29.758] [main/ERROR] [net.minecraft.Util/]: Entity mythsandlegends:molten_ball has no attributes
[31Jul2026 21:20:29.758] [main/ERROR] [net.minecraft.Util/]: Entity illageandspillage:bone has no attributes
[31Jul2026 21:20:29.759] [main/ERROR] [net.minecraft.Util/]: Entity illageandspillage:axe has no attributes
[31Jul2026 21:20:29.759] [main/ERROR] [net.minecraft.Util/]: Entity mythsandlegends:molten_ball has no attributes
[31Jul2026 21:20:29.759] [main/ERROR] [net.minecraft.Util/]: Entity illageandspillage:bone has no attributes
[31Jul2026 21:20:29.759] [main/ERROR] [net.minecraft.Util/]: Entity illageandspillage:axe has no attributes
[31Jul2026 21:20:29.759] [main/ERROR] [net.minecraft.Util/]: Entity mythsandlegends:molten_ball has no attributes
[31Jul2026 21:20:29.759] [main/ERROR] [net.minecraft.Util/]: Entity illageandspillage:bone has no attributes
[31Jul2026 21:20:29.759] [main/ERROR] [net.minecraft.Util/]: Entity illageandspillage:axe has no attributes
[31Jul2026 21:20:29.759] [main/ERROR] [net.minecraft.Util/]: Entity mythsandlegends:molten_ball has no attributes
[31Jul2026 21:20:29.760] [main/ERROR] [net.minecraft.Util/]: Entity illageandspillage:bone has no attributes
[31Jul2026 21:20:29.760] [main/ERROR] [net.minecraft.Util/]: Entity illageandspillage:axe has no attributes
[31Jul2026 21:20:29.760] [main/ERROR] [net.minecraft.Util/]: Entity mythsandlegends:molten_ball has no attributes
[31Jul2026 21:20:29.760] [main/ERROR] [net.minecraft.Util/]: Entity illageandspillage:bone has no attributes
[31Jul2026 21:20:29.760] [main/ERROR] [net.minecraft.Util/]: Entity illageandspillage:axe has no attributes
[31Jul2026 21:20:29.760] [main/ERROR] [net.minecraft.Util/]: Entity mythsandlegends:molten_ball has no attributes
[31Jul2026 21:20:29.760] [main/ERROR] [net.minecraft.Util/]: Entity illageandspillage:bone has no attributes
[31Jul2026 21:20:29.761] [main/ERROR] [net.minecraft.Util/]: Entity illageandspillage:axe has no attributes
[31Jul2026 21:20:29.761] [main/ERROR] [net.minecraft.Util/]: Entity mythsandlegends:molten_ball has no attributes
[31Jul2026 21:20:29.761] [main/ERROR] [net.minecraft.Util/]: Entity illageandspillage:bone has no attributes
[31Jul2026 21:20:29.761] [main/ERROR] [net.minecraft.Util/]: Entity illageandspillage:axe has no attributes
[31Jul2026 21:20:29.761] [main/ERROR] [net.minecraft.Util/]: Entity mythsandlegends:molten_ball has no attributes
[31Jul2026 21:20:29.761] [main/ERROR] [net.minecraft.Util/]: Entity illageandspillage:bone has no attributes
[31Jul2026 21:20:29.761] [main/ERROR] [net.minecraft.Util/]: Entity illageandspillage:axe has no attributes
[31Jul2026 21:20:29.762] [main/ERROR] [net.minecraft.Util/]: Entity mythsandlegends:molten_ball has no attributes
[31Jul2026 21:20:29.762] [main/ERROR] [net.minecraft.Util/]: Entity illageandspillage:bone has no attributes
[31Jul2026 21:20:29.762] [main/ERROR] [net.minecraft.Util/]: Entity illageandspillage:axe has no attributes
[31Jul2026 21:20:29.762] [main/ERROR] [net.minecraft.Util/]: Entity mythsandlegends:molten_ball has no attributes
[31Jul2026 21:20:29.762] [main/ERROR] [net.minecraft.Util/]: Entity illageandspillage:bone has no attributes
[31Jul2026 21:20:29.762] [main/ERROR] [net.minecraft.Util/]: Entity illageandspillage:axe has no attributes
[31Jul2026 21:20:29.762] [main/ERROR] [net.minecraft.Util/]: Entity mythsandlegends:molten_ball has no attributes
[31Jul2026 21:20:29.762] [main/ERROR] [net.minecraft.Util/]: Entity illageandspillage:bone has no attributes
[31Jul2026 21:20:29.763] [main/ERROR] [net.minecraft.Util/]: Entity illageandspillage:axe has no attributes
[31Jul2026 21:20:29.763] [main/ERROR] [net.minecraft.Util/]: Entity mythsandlegends:molten_ball has no attributes
[31Jul2026 21:20:29.763] [main/ERROR] [net.minecraft.Util/]: Entity illageandspillage:bone has no attributes
[31Jul2026 21:20:29.763] [main/ERROR] [net.minecraft.Util/]: Entity illageandspillage:axe has no attributes
[31Jul2026 21:20:29.763] [main/ERROR] [net.minecraft.Util/]: Entity mythsandlegends:molten_ball has no attributes
[31Jul2026 21:20:29.763] [main/ERROR] [net.minecraft.Util/]: Entity illageandspillage:bone has no attributes
[31Jul2026 21:20:29.763] [main/ERROR] [net.minecraft.Util/]: Entity illageandspillage:axe has no attributes
[31Jul2026 21:20:29.763] [main/ERROR] [net.minecraft.Util/]: Entity mythsandlegends:molten_ball has no attributes
[31Jul2026 21:20:29.764] [main/ERROR] [net.minecraft.Util/]: Entity illageandspillage:bone has no attributes
[31Jul2026 21:20:29.764] [main/ERROR] [net.minecraft.Util/]: Entity illageandspillage:axe has no attributes
[31Jul2026 21:20:29.764] [main/ERROR] [net.minecraft.Util/]: Entity mythsandlegends:molten_ball has no attributes
[31Jul2026 21:20:29.764] [main/ERROR] [net.minecraft.Util/]: Entity illageandspillage:bone has no attributes
[31Jul2026 21:20:29.764] [main/ERROR] [net.minecraft.Util/]: Entity illageandspillage:axe has no attributes
[31Jul2026 21:20:29.764] [main/ERROR] [net.minecraft.Util/]: Entity mythsandlegends:molten_ball has no attributes
[31Jul2026 21:20:29.764] [main/ERROR] [net.minecraft.Util/]: Entity illageandspillage:bone has no attributes
[31Jul2026 21:20:29.765] [main/ERROR] [net.minecraft.Util/]: Entity illageandspillage:axe has no attributes
[31Jul2026 21:20:29.765] [main/ERROR] [net.minecraft.Util/]: Entity mythsandlegends:molten_ball has no attributes
[31Jul2026 21:20:29.765] [main/ERROR] [net.minecraft.Util/]: Entity illageandspillage:bone has no attributes
[31Jul2026 21:20:29.765] [main/ERROR] [net.minecraft.Util/]: Entity illageandspillage:axe has no attributes
[31Jul2026 21:20:29.765] [main/ERROR] [net.minecraft.Util/]: Entity mythsandlegends:molten_ball has no attributes
[31Jul2026 21:20:29.765] [main/ERROR] [net.minecraft.Util/]: Entity illageandspillage:bone has no attributes
[31Jul2026 21:20:29.765] [main/ERROR] [net.minecraft.Util/]: Entity illageandspillage:axe has no attributes
[31Jul2026 21:20:29.765] [main/ERROR] [net.minecraft.Util/]: Entity mythsandlegends:molten_ball has no attributes
[31Jul2026 21:20:29.766] [main/ERROR] [net.minecraft.Util/]: Entity illageandspillage:bone has no attributes
[31Jul2026 21:20:29.766] [main/ERROR] [net.minecraft.Util/]: Entity illageandspillage:axe has no attributes
[31Jul2026 21:20:29.766] [main/ERROR] [net.minecraft.Util/]: Entity mythsandlegends:molten_ball has no attributes
[31Jul2026 21:20:29.766] [main/ERROR] [net.minecraft.Util/]: Entity illageandspillage:bone has no attributes
[31Jul2026 21:20:29.766] [main/ERROR] [net.minecraft.Util/]: Entity illageandspillage:axe has no attributes
[31Jul2026 21:20:29.766] [main/ERROR] [net.minecraft.Util/]: Entity mythsandlegends:molten_ball has no attributes
[31Jul2026 21:20:29.766] [main/ERROR] [net.minecraft.Util/]: Entity illageandspillage:bone has no attributes
[31Jul2026 21:20:29.767] [main/ERROR] [net.minecraft.Util/]: Entity illageandspillage:axe has no attributes
[31Jul2026 21:20:29.767] [main/ERROR] [net.minecraft.Util/]: Entity mythsandlegends:molten_ball has no attributes
[31Jul2026 21:20:29.767] [main/ERROR] [net.minecraft.Util/]: Entity illageandspillage:bone has no attributes
[31Jul2026 21:20:29.767] [main/ERROR] [net.minecraft.Util/]: Entity illageandspillage:axe has no attributes
[31Jul2026 21:20:29.767] [main/ERROR] [net.minecraft.Util/]: Entity mythsandlegends:molten_ball has no attributes
[31Jul2026 21:20:29.767] [main/ERROR] [net.minecraft.Util/]: Entity illageandspillage:bone has no attributes
[31Jul2026 21:20:29.767] [main/ERROR] [net.minecraft.Util/]: Entity illageandspillage:axe has no attributes
[31Jul2026 21:20:29.767] [main/ERROR] [net.minecraft.Util/]: Entity mythsandlegends:molten_ball has no attributes
[31Jul2026 21:20:29.768] [main/ERROR] [net.minecraft.Util/]: Entity illageandspillage:bone has no attributes
[31Jul2026 21:20:29.768] [main/ERROR] [net.minecraft.Util/]: Entity illageandspillage:axe has no attributes
[31Jul2026 21:20:29.768] [main/ERROR] [net.minecraft.Util/]: Entity mythsandlegends:molten_ball has no attributes
[31Jul2026 21:20:29.768] [main/ERROR] [net.minecraft.Util/]: Entity illageandspillage:bone has no attributes
[31Jul2026 21:20:29.768] [main/ERROR] [net.minecraft.Util/]: Entity illageandspillage:axe has no attributes
[31Jul2026 21:20:29.768] [main/ERROR] [net.minecraft.Util/]: Entity mythsandlegends:molten_ball has no attributes
[31Jul2026 21:20:29.768] [main/ERROR] [net.minecraft.Util/]: Entity illageandspillage:bone has no attributes
[31Jul2026 21:20:29.768] [main/ERROR] [net.minecraft.Util/]: Entity illageandspillage:axe has no attributes
[31Jul2026 21:20:29.769] [main/ERROR] [net.minecraft.Util/]: Entity mythsandlegends:molten_ball has no attributes
[31Jul2026 21:20:29.769] [main/ERROR] [net.minecraft.Util/]: Entity illageandspillage:bone has no attributes
[31Jul2026 21:20:29.769] [main/ERROR] [net.minecraft.Util/]: Entity illageandspillage:axe has no attributes
[31Jul2026 21:20:29.769] [main/ERROR] [net.minecraft.Util/]: Entity mythsandlegends:molten_ball has no attributes
[31Jul2026 21:20:29.769] [main/ERROR] [net.minecraft.Util/]: Entity illageandspillage:bone has no attributes
[31Jul2026 21:20:29.769] [main/ERROR] [net.minecraft.Util/]: Entity illageandspillage:axe has no attributes
[31Jul2026 21:20:29.769] [main/ERROR] [net.minecraft.Util/]: Entity mythsandlegends:molten_ball has no attributes
[31Jul2026 21:20:29.770] [main/ERROR] [net.minecraft.Util/]: Entity illageandspillage:bone has no attributes
[31Jul2026 21:20:29.770] [main/ERROR] [net.minecraft.Util/]: Entity illageandspillage:axe has no attributes
[31Jul2026 21:20:29.770] [main/ERROR] [net.minecraft.Util/]: Entity mythsandlegends:molten_ball has no attributes
[31Jul2026 21:20:29.770] [main/ERROR] [net.minecraft.Util/]: Entity illageandspillage:bone has no attributes
[31Jul2026 21:20:29.770] [main/ERROR] [net.minecraft.Util/]: Entity illageandspillage:axe has no attributes
[31Jul2026 21:20:29.770] [main/ERROR] [net.minecraft.Util/]: Entity mythsandlegends:molten_ball has no attributes
[31Jul2026 21:20:29.771] [main/ERROR] [net.minecraft.Util/]: Entity illageandspillage:bone has no attributes
[31Jul2026 21:20:29.771] [main/ERROR] [net.minecraft.Util/]: Entity illageandspillage:axe has no attributes
[31Jul2026 21:20:29.771] [main/ERROR] [net.minecraft.Util/]: Entity mythsandlegends:molten_ball has no attributes
[31Jul2026 21:20:29.771] [main/ERROR] [net.minecraft.Util/]: Entity illageandspillage:bone has no attributes
[31Jul2026 21:20:29.771] [main/ERROR] [net.minecraft.Util/]: Entity illageandspillage:axe has no attributes
[31Jul2026 21:20:29.771] [main/ERROR] [net.minecraft.Util/]: Entity mythsandlegends:molten_ball has no attributes
[31Jul2026 21:20:29.771] [main/ERROR] [net.minecraft.Util/]: Entity illageandspillage:bone has no attributes
[31Jul2026 21:20:29.771] [main/ERROR] [net.minecraft.Util/]: Entity illageandspillage:axe has no attributes
[31Jul2026 21:20:29.772] [main/ERROR] [net.minecraft.Util/]: Entity mythsandlegends:molten_ball has no attributes
[31Jul2026 21:20:29.772] [main/ERROR] [net.minecraft.Util/]: Entity illageandspillage:bone has no attributes
[31Jul2026 21:20:29.772] [main/ERROR] [net.minecraft.Util/]: Entity illageandspillage:axe has no attributes
[31Jul2026 21:20:29.772] [main/ERROR] [net.minecraft.Util/]: Entity mythsandlegends:molten_ball has no attributes
[31Jul2026 21:20:29.772] [main/ERROR] [net.minecraft.Util/]: Entity illageandspillage:bone has no attributes
[31Jul2026 21:20:29.772] [main/ERROR] [net.minecraft.Util/]: Entity illageandspillage:axe has no attributes
[31Jul2026 21:20:29.773] [main/ERROR] [net.minecraft.Util/]: Entity mythsandlegends:molten_ball has no attributes
[31Jul2026 21:20:29.773] [main/ERROR] [net.minecraft.Util/]: Entity illageandspillage:bone has no attributes
[31Jul2026 21:20:29.773] [main/ERROR] [net.minecraft.Util/]: Entity illageandspillage:axe has no attributes
[31Jul2026 21:20:29.773] [main/ERROR] [net.minecraft.Util/]: Entity mythsandlegends:molten_ball has no attributes
[31Jul2026 21:20:29.773] [main/ERROR] [net.minecraft.Util/]: Entity illageandspillage:bone has no attributes
[31Jul2026 21:20:29.773] [main/ERROR] [net.minecraft.Util/]: Entity illageandspillage:axe has no attributes
[31Jul2026 21:20:29.773] [main/ERROR] [net.minecraft.Util/]: Entity mythsandlegends:molten_ball has no attributes
[31Jul2026 21:20:29.774] [main/ERROR] [net.minecraft.Util/]: Entity illageandspillage:bone has no attributes
[31Jul2026 21:20:29.774] [main/ERROR] [net.minecraft.Util/]: Entity illageandspillage:axe has no attributes
[31Jul2026 21:20:29.774] [main/ERROR] [net.minecraft.Util/]: Entity mythsandlegends:molten_ball has no attributes
[31Jul2026 21:20:29.774] [main/ERROR] [net.minecraft.Util/]: Entity illageandspillage:bone has no attributes
[31Jul2026 21:20:29.774] [main/ERROR] [net.minecraft.Util/]: Entity illageandspillage:axe has no attributes
[31Jul2026 21:20:29.774] [main/ERROR] [net.minecraft.Util/]: Entity mythsandlegends:molten_ball has no attributes
[31Jul2026 21:20:29.774] [main/ERROR] [net.minecraft.Util/]: Entity illageandspillage:bone has no attributes
[31Jul2026 21:20:29.774] [main/ERROR] [net.minecraft.Util/]: Entity illageandspillage:axe has no attributes
[31Jul2026 21:20:29.774] [main/ERROR] [net.minecraft.Util/]: Entity mythsandlegends:molten_ball has no attributes
[31Jul2026 21:20:29.775] [main/ERROR] [net.minecraft.Util/]: Entity illageandspillage:bone has no attributes
[31Jul2026 21:20:29.775] [main/ERROR] [net.minecraft.Util/]: Entity illageandspillage:axe has no attributes
[31Jul2026 21:20:29.775] [main/ERROR] [net.minecraft.Util/]: Entity mythsandlegends:molten_ball has no attributes
[31Jul2026 21:20:29.775] [main/ERROR] [net.minecraft.Util/]: Entity illageandspillage:bone has no attributes
[31Jul2026 21:20:29.775] [main/ERROR] [net.minecraft.Util/]: Entity illageandspillage:axe has no attributes
[31Jul2026 21:20:29.775] [main/ERROR] [net.minecraft.Util/]: Entity mythsandlegends:molten_ball has no attributes
[31Jul2026 21:20:29.775] [main/ERROR] [net.minecraft.Util/]: Entity illageandspillage:bone has no attributes
[31Jul2026 21:20:29.776] [main/ERROR] [net.minecraft.Util/]: Entity illageandspillage:axe has no attributes
[31Jul2026 21:20:29.776] [main/ERROR] [net.minecraft.Util/]: Entity mythsandlegends:molten_ball has no attributes
[31Jul2026 21:20:29.776] [main/ERROR] [net.minecraft.Util/]: Entity illageandspillage:bone has no attributes
[31Jul2026 21:20:29.776] [main/ERROR] [net.minecraft.Util/]: Entity illageandspillage:axe has no attributes
[31Jul2026 21:20:29.776] [main/ERROR] [net.minecraft.Util/]: Entity mythsandlegends:molten_ball has no attributes
[31Jul2026 21:20:29.776] [main/ERROR] [net.minecraft.Util/]: Entity illageandspillage:bone has no attributes
[31Jul2026 21:20:29.776] [main/ERROR] [net.minecraft.Util/]: Entity illageandspillage:axe has no attributes
[31Jul2026 21:20:29.776] [main/ERROR] [net.minecraft.Util/]: Entity mythsandlegends:molten_ball has no attributes
[31Jul2026 21:20:29.777] [main/ERROR] [net.minecraft.Util/]: Entity illageandspillage:bone has no attributes
[31Jul2026 21:20:29.777] [main/ERROR] [net.minecraft.Util/]: Entity illageandspillage:axe has no attributes
[31Jul2026 21:20:29.777] [main/ERROR] [net.minecraft.Util/]: Entity mythsandlegends:molten_ball has no attributes
[31Jul2026 21:20:29.777] [main/ERROR] [net.minecraft.Util/]: Entity illageandspillage:bone has no attributes
[31Jul2026 21:20:29.777] [main/ERROR] [net.minecraft.Util/]: Entity illageandspillage:axe has no attributes
[31Jul2026 21:20:29.777] [main/ERROR] [net.minecraft.Util/]: Entity mythsandlegends:molten_ball has no attributes
[31Jul2026 21:20:29.777] [main/ERROR] [net.minecraft.Util/]: Entity illageandspillage:bone has no attributes
[31Jul2026 21:20:29.778] [main/ERROR] [net.minecraft.Util/]: Entity illageandspillage:axe has no attributes
[31Jul2026 21:20:29.778] [main/ERROR] [net.minecraft.Util/]: Entity mythsandlegends:molten_ball has no attributes
[31Jul2026 21:20:29.778] [main/ERROR] [net.minecraft.Util/]: Entity illageandspillage:bone has no attributes
[31Jul2026 21:20:29.778] [main/ERROR] [net.minecraft.Util/]: Entity illageandspillage:axe has no attributes
[31Jul2026 21:20:29.778] [main/ERROR] [net.minecraft.Util/]: Entity mythsandlegends:molten_ball has no attributes
[31Jul2026 21:20:29.778] [main/ERROR] [net.minecraft.Util/]: Entity illageandspillage:bone has no attributes
[31Jul2026 21:20:29.779] [main/ERROR] [net.minecraft.Util/]: Entity illageandspillage:axe has no attributes
[31Jul2026 21:20:29.779] [main/ERROR] [net.minecraft.Util/]: Entity mythsandlegends:molten_ball has no attributes
[31Jul2026 21:20:29.779] [main/ERROR] [net.minecraft.Util/]: Entity illageandspillage:bone has no attributes
[31Jul2026 21:20:29.779] [main/ERROR] [net.minecraft.Util/]: Entity illageandspillage:axe has no attributes
[31Jul2026 21:20:29.779] [main/ERROR] [net.minecraft.Util/]: Entity mythsandlegends:molten_ball has no attributes
[31Jul2026 21:20:29.779] [main/ERROR] [net.minecraft.Util/]: Entity illageandspillage:bone has no attributes
[31Jul2026 21:20:29.779] [main/ERROR] [net.minecraft.Util/]: Entity illageandspillage:axe has no attributes
[31Jul2026 21:20:29.779] [main/ERROR] [net.minecraft.Util/]: Entity mythsandlegends:molten_ball has no attributes
[31Jul2026 21:20:29.780] [main/ERROR] [net.minecraft.Util/]: Entity illageandspillage:bone has no attributes
[31Jul2026 21:20:29.780] [main/ERROR] [net.minecraft.Util/]: Entity illageandspillage:axe has no attributes
[31Jul2026 21:20:29.780] [main/ERROR] [net.minecraft.Util/]: Entity mythsandlegends:molten_ball has no attributes
[31Jul2026 21:20:29.780] [main/ERROR] [net.minecraft.Util/]: Entity illageandspillage:bone has no attributes
[31Jul2026 21:20:29.780] [main/ERROR] [net.minecraft.Util/]: Entity illageandspillage:axe has no attributes
[31Jul2026 21:20:29.780] [main/ERROR] [net.minecraft.Util/]: Entity mythsandlegends:molten_ball has no attributes
[31Jul2026 21:20:29.781] [main/ERROR] [net.minecraft.Util/]: Entity illageandspillage:bone has no attributes
[31Jul2026 21:20:29.781] [main/ERROR] [net.minecraft.Util/]: Entity illageandspillage:axe has no attributes
[31Jul2026 21:20:29.781] [main/ERROR] [net.minecraft.Util/]: Entity mythsandlegends:molten_ball has no attributes
[31Jul2026 21:20:29.781] [main/ERROR] [net.minecraft.Util/]: Entity illageandspillage:bone has no attributes
[31Jul2026 21:20:29.781] [main/ERROR] [net.minecraft.Util/]: Entity illageandspillage:axe has no attributes
[31Jul2026 21:20:29.781] [main/ERROR] [net.minecraft.Util/]: Entity mythsandlegends:molten_ball has no attributes
[31Jul2026 21:20:29.782] [main/ERROR] [net.minecraft.Util/]: Entity illageandspillage:bone has no attributes
[31Jul2026 21:20:29.782] [main/ERROR] [net.minecraft.Util/]: Entity illageandspillage:axe has no attributes
[31Jul2026 21:20:29.782] [main/ERROR] [net.minecraft.Util/]: Entity mythsandlegends:molten_ball has no attributes
[31Jul2026 21:20:29.782] [main/ERROR] [net.minecraft.Util/]: Entity illageandspillage:bone has no attributes
[31Jul2026 21:20:29.782] [main/ERROR] [net.minecraft.Util/]: Entity illageandspillage:axe has no attributes
[31Jul2026 21:20:29.782] [main/ERROR] [net.minecraft.Util/]: Entity mythsandlegends:molten_ball has no attributes
[31Jul2026 21:20:29.782] [main/ERROR] [net.minecraft.Util/]: Entity illageandspillage:bone has no attributes
[31Jul2026 21:20:29.782] [main/ERROR] [net.minecraft.Util/]: Entity illageandspillage:axe has no attributes
[31Jul2026 21:20:29.783] [main/ERROR] [net.minecraft.Util/]: Entity mythsandlegends:molten_ball has no attributes
[31Jul2026 21:20:29.947] [main/ERROR] [net.minecraft.Util/]: Entity illageandspillage:bone has no attributes
[31Jul2026 21:20:29.947] [main/ERROR] [net.minecraft.Util/]: Entity illageandspillage:axe has no attributes
[31Jul2026 21:20:29.947] [main/ERROR] [net.minecraft.Util/]: Entity mythsandlegends:molten_ball has no attributes
[31Jul2026 21:20:29.948] [main/ERROR] [net.minecraft.Util/]: Entity illageandspillage:bone has no attributes
[31Jul2026 21:20:29.948] [main/ERROR] [net.minecraft.Util/]: Entity illageandspillage:axe has no attributes
[31Jul2026 21:20:29.948] [main/ERROR] [net.minecraft.Util/]: Entity mythsandlegends:molten_ball has no attributes
[31Jul2026 21:20:29.948] [main/ERROR] [net.minecraft.Util/]: Entity illageandspillage:bone has no attributes
[31Jul2026 21:20:29.948] [main/ERROR] [net.minecraft.Util/]: Entity illageandspillage:axe has no attributes
[31Jul2026 21:20:29.948] [main/ERROR] [net.minecraft.Util/]: Entity mythsandlegends:molten_ball has no attributes
[31Jul2026 21:20:29.948] [main/ERROR] [net.minecraft.Util/]: Entity illageandspillage:bone has no attributes
[31Jul2026 21:20:29.948] [main/ERROR] [net.minecraft.Util/]: Entity illageandspillage:axe has no attributes
[31Jul2026 21:20:29.948] [main/ERROR] [net.minecraft.Util/]: Entity mythsandlegends:molten_ball has no attributes
[31Jul2026 21:20:29.949] [main/ERROR] [net.minecraft.Util/]: Entity illageandspillage:bone has no attributes
[31Jul2026 21:20:29.949] [main/ERROR] [net.minecraft.Util/]: Entity illageandspillage:axe has no attributes
[31Jul2026 21:20:29.949] [main/ERROR] [net.minecraft.Util/]: Entity mythsandlegends:molten_ball has no attributes
[31Jul2026 21:20:29.949] [main/ERROR] [net.minecraft.Util/]: Entity illageandspillage:bone has no attributes
[31Jul2026 21:20:29.949] [main/ERROR] [net.minecraft.Util/]: Entity illageandspillage:axe has no attributes
[31Jul2026 21:20:29.949] [main/ERROR] [net.minecraft.Util/]: Entity mythsandlegends:molten_ball has no attributes
[31Jul2026 21:20:29.949] [main/ERROR] [net.minecraft.Util/]: Entity illageandspillage:bone has no attributes
[31Jul2026 21:20:29.950] [main/ERROR] [net.minecraft.Util/]: Entity illageandspillage:axe has no attributes
[31Jul2026 21:20:29.950] [main/ERROR] [net.minecraft.Util/]: Entity mythsandlegends:molten_ball has no attributes
[31Jul2026 21:20:29.950] [main/ERROR] [net.minecraft.Util/]: Entity illageandspillage:bone has no attributes
[31Jul2026 21:20:29.950] [main/ERROR] [net.minecraft.Util/]: Entity illageandspillage:axe has no attributes
[31Jul2026 21:20:29.950] [main/ERROR] [net.minecraft.Util/]: Entity mythsandlegends:molten_ball has no attributes
[31Jul2026 21:20:29.950] [main/ERROR] [net.minecraft.Util/]: Entity illageandspillage:bone has no attributes
[31Jul2026 21:20:29.950] [main/ERROR] [net.minecraft.Util/]: Entity illageandspillage:axe has no attributes
[31Jul2026 21:20:29.950] [main/ERROR] [net.minecraft.Util/]: Entity mythsandlegends:molten_ball has no attributes
[31Jul2026 21:20:29.951] [main/ERROR] [net.minecraft.Util/]: Entity illageandspillage:bone has no attributes
[31Jul2026 21:20:29.951] [main/ERROR] [net.minecraft.Util/]: Entity illageandspillage:axe has no attributes
[31Jul2026 21:20:29.951] [main/ERROR] [net.minecraft.Util/]: Entity mythsandlegends:molten_ball has no attributes
[31Jul2026 21:20:29.951] [main/ERROR] [net.minecraft.Util/]: Entity illageandspillage:bone has no attributes
[31Jul2026 21:20:29.951] [main/ERROR] [net.minecraft.Util/]: Entity illageandspillage:axe has no attributes
[31Jul2026 21:20:29.951] [main/ERROR] [net.minecraft.Util/]: Entity mythsandlegends:molten_ball has no attributes
[31Jul2026 21:20:29.951] [main/ERROR] [net.minecraft.Util/]: Entity illageandspillage:bone has no attributes
[31Jul2026 21:20:29.951] [main/ERROR] [net.minecraft.Util/]: Entity illageandspillage:axe has no attributes
[31Jul2026 21:20:29.952] [main/ERROR] [net.minecraft.Util/]: Entity mythsandlegends:molten_ball has no attributes
[31Jul2026 21:20:29.952] [main/ERROR] [net.minecraft.Util/]: Entity illageandspillage:bone has no attributes
[31Jul2026 21:20:29.952] [main/ERROR] [net.minecraft.Util/]: Entity illageandspillage:axe has no attributes
[31Jul2026 21:20:29.952] [main/ERROR] [net.minecraft.Util/]: Entity mythsandlegends:molten_ball has no attributes
[31Jul2026 21:20:29.952] [main/ERROR] [net.minecraft.Util/]: Entity illageandspillage:bone has no attributes
[31Jul2026 21:20:29.952] [main/ERROR] [net.minecraft.Util/]: Entity illageandspillage:axe has no attributes
[31Jul2026 21:20:29.952] [main/ERROR] [net.minecraft.Util/]: Entity mythsandlegends:molten_ball has no attributes
[31Jul2026 21:20:29.952] [main/ERROR] [net.minecraft.Util/]: Entity illageandspillage:bone has no attributes
[31Jul2026 21:20:29.953] [main/ERROR] [net.minecraft.Util/]: Entity illageandspillage:axe has no attributes
[31Jul2026 21:20:29.953] [main/ERROR] [net.minecraft.Util/]: Entity mythsandlegends:molten_ball has no attributes
[31Jul2026 21:20:29.953] [main/ERROR] [net.minecraft.Util/]: Entity illageandspillage:bone has no attributes
[31Jul2026 21:20:29.953] [main/ERROR] [net.minecraft.Util/]: Entity illageandspillage:axe has no attributes
[31Jul2026 21:20:29.953] [main/ERROR] [net.minecraft.Util/]: Entity mythsandlegends:molten_ball has no attributes
[31Jul2026 21:20:29.953] [main/ERROR] [net.minecraft.Util/]: Entity illageandspillage:bone has no attributes
[31Jul2026 21:20:29.953] [main/ERROR] [net.minecraft.Util/]: Entity illageandspillage:axe has no attributes
[31Jul2026 21:20:29.953] [main/ERROR] [net.minecraft.Util/]: Entity mythsandlegends:molten_ball has no attributes
[31Jul2026 21:20:29.954] [main/ERROR] [net.minecraft.Util/]: Entity illageandspillage:bone has no attributes
[31Jul2026 21:20:29.954] [main/ERROR] [net.minecraft.Util/]: Entity illageandspillage:axe has no attributes
[31Jul2026 21:20:29.954] [main/ERROR] [net.minecraft.Util/]: Entity mythsandlegends:molten_ball has no attributes
[31Jul2026 21:20:29.954] [main/ERROR] [net.minecraft.Util/]: Entity illageandspillage:bone has no attributes
[31Jul2026 21:20:29.954] [main/ERROR] [net.minecraft.Util/]: Entity illageandspillage:axe has no attributes
[31Jul2026 21:20:29.954] [main/ERROR] [net.minecraft.Util/]: Entity mythsandlegends:molten_ball has no attributes
[31Jul2026 21:20:29.954] [main/ERROR] [net.minecraft.Util/]: Entity illageandspillage:bone has no attributes
[31Jul2026 21:20:29.955] [main/ERROR] [net.minecraft.Util/]: Entity illageandspillage:axe has no attributes
[31Jul2026 21:20:29.955] [main/ERROR] [net.minecraft.Util/]: Entity mythsandlegends:molten_ball has no attributes
[31Jul2026 21:20:29.955] [main/ERROR] [net.minecraft.Util/]: Entity illageandspillage:bone has no attributes
[31Jul2026 21:20:29.955] [main/ERROR] [net.minecraft.Util/]: Entity illageandspillage:axe has no attributes
[31Jul2026 21:20:29.955] [main/ERROR] [net.minecraft.Util/]: Entity mythsandlegends:molten_ball has no attributes
[31Jul2026 21:20:29.955] [main/ERROR] [net.minecraft.Util/]: Entity illageandspillage:bone has no attributes
[31Jul2026 21:20:29.955] [main/ERROR] [net.minecraft.Util/]: Entity illageandspillage:axe has no attributes
[31Jul2026 21:20:29.956] [main/ERROR] [net.minecraft.Util/]: Entity mythsandlegends:molten_ball has no attributes
[31Jul2026 21:20:29.956] [main/ERROR] [net.minecraft.Util/]: Entity illageandspillage:bone has no attributes
[31Jul2026 21:20:29.956] [main/ERROR] [net.minecraft.Util/]: Entity illageandspillage:axe has no attributes
[31Jul2026 21:20:29.956] [main/ERROR] [net.minecraft.Util/]: Entity mythsandlegends:molten_ball has no attributes
[31Jul2026 21:20:29.956] [main/ERROR] [net.minecraft.Util/]: Entity illageandspillage:bone has no attributes
[31Jul2026 21:20:29.956] [main/ERROR] [net.minecraft.Util/]: Entity illageandspillage:axe has no attributes
[31Jul2026 21:20:29.956] [main/ERROR] [net.minecraft.Util/]: Entity mythsandlegends:molten_ball has no attributes
[31Jul2026 21:20:29.957] [main/ERROR] [net.minecraft.Util/]: Entity illageandspillage:bone has no attributes
[31Jul2026 21:20:29.957] [main/ERROR] [net.minecraft.Util/]: Entity illageandspillage:axe has no attributes
[31Jul2026 21:20:29.957] [main/ERROR] [net.minecraft.Util/]: Entity mythsandlegends:molten_ball has no attributes
[31Jul2026 21:20:29.957] [main/ERROR] [net.minecraft.Util/]: Entity illageandspillage:bone has no attributes
[31Jul2026 21:20:29.957] [main/ERROR] [net.minecraft.Util/]: Entity illageandspillage:axe has no attributes
[31Jul2026 21:20:29.957] [main/ERROR] [net.minecraft.Util/]: Entity mythsandlegends:molten_ball has no attributes
[31Jul2026 21:20:29.957] [main/ERROR] [net.minecraft.Util/]: Entity illageandspillage:bone has no attributes
[31Jul2026 21:20:29.958] [main/ERROR] [net.minecraft.Util/]: Entity illageandspillage:axe has no attributes
[31Jul2026 21:20:29.958] [main/ERROR] [net.minecraft.Util/]: Entity mythsandlegends:molten_ball has no attributes
[31Jul2026 21:20:29.958] [main/ERROR] [net.minecraft.Util/]: Entity illageandspillage:bone has no attributes
[31Jul2026 21:20:29.958] [main/ERROR] [net.minecraft.Util/]: Entity illageandspillage:axe has no attributes
[31Jul2026 21:20:29.958] [main/ERROR] [net.minecraft.Util/]: Entity mythsandlegends:molten_ball has no attributes
[31Jul2026 21:20:29.958] [main/ERROR] [net.minecraft.Util/]: Entity illageandspillage:bone has no attributes
[31Jul2026 21:20:29.958] [main/ERROR] [net.minecraft.Util/]: Entity illageandspillage:axe has no attributes
[31Jul2026 21:20:29.958] [main/ERROR] [net.minecraft.Util/]: Entity mythsandlegends:molten_ball has no attributes
[31Jul2026 21:20:29.959] [main/ERROR] [net.minecraft.Util/]: Entity illageandspillage:bone has no attributes
[31Jul2026 21:20:29.959] [main/ERROR] [net.minecraft.Util/]: Entity illageandspillage:axe has no attributes
[31Jul2026 21:20:29.959] [main/ERROR] [net.minecraft.Util/]: Entity mythsandlegends:molten_ball has no attributes
[31Jul2026 21:20:29.959] [main/ERROR] [net.minecraft.Util/]: Entity illageandspillage:bone has no attributes
[31Jul2026 21:20:29.959] [main/ERROR] [net.minecraft.Util/]: Entity illageandspillage:axe has no attributes
[31Jul2026 21:20:29.959] [main/ERROR] [net.minecraft.Util/]: Entity mythsandlegends:molten_ball has no attributes
[31Jul2026 21:20:29.959] [main/ERROR] [net.minecraft.Util/]: Entity illageandspillage:bone has no attributes
[31Jul2026 21:20:29.960] [main/ERROR] [net.minecraft.Util/]: Entity illageandspillage:axe has no attributes
[31Jul2026 21:20:29.960] [main/ERROR] [net.minecraft.Util/]: Entity mythsandlegends:molten_ball has no attributes
[31Jul2026 21:20:29.960] [main/ERROR] [net.minecraft.Util/]: Entity illageandspillage:bone has no attributes
[31Jul2026 21:20:29.960] [main/ERROR] [net.minecraft.Util/]: Entity illageandspillage:axe has no attributes
[31Jul2026 21:20:29.960] [main/ERROR] [net.minecraft.Util/]: Entity mythsandlegends:molten_ball has no attributes
[31Jul2026 21:20:29.960] [main/ERROR] [net.minecraft.Util/]: Entity illageandspillage:bone has no attributes
[31Jul2026 21:20:29.960] [main/ERROR] [net.minecraft.Util/]: Entity illageandspillage:axe has no attributes
[31Jul2026 21:20:29.960] [main/ERROR] [net.minecraft.Util/]: Entity mythsandlegends:molten_ball has no attributes
[31Jul2026 21:20:29.961] [main/ERROR] [net.minecraft.Util/]: Entity illageandspillage:bone has no attributes
[31Jul2026 21:20:29.961] [main/ERROR] [net.minecraft.Util/]: Entity illageandspillage:axe has no attributes
[31Jul2026 21:20:29.961] [main/ERROR] [net.minecraft.Util/]: Entity mythsandlegends:molten_ball has no attributes
[31Jul2026 21:20:29.961] [main/ERROR] [net.minecraft.Util/]: Entity illageandspillage:bone has no attributes
[31Jul2026 21:20:29.961] [main/ERROR] [net.minecraft.Util/]: Entity illageandspillage:axe has no attributes
[31Jul2026 21:20:29.961] [main/ERROR] [net.minecraft.Util/]: Entity mythsandlegends:molten_ball has no attributes
[31Jul2026 21:20:29.961] [main/ERROR] [net.minecraft.Util/]: Entity illageandspillage:bone has no attributes
[31Jul2026 21:20:29.962] [main/ERROR] [net.minecraft.Util/]: Entity illageandspillage:axe has no attributes
[31Jul2026 21:20:29.962] [main/ERROR] [net.minecraft.Util/]: Entity mythsandlegends:molten_ball has no attributes
[31Jul2026 21:20:29.962] [main/ERROR] [net.minecraft.Util/]: Entity illageandspillage:bone has no attributes
[31Jul2026 21:20:29.962] [main/ERROR] [net.minecraft.Util/]: Entity illageandspillage:axe has no attributes
[31Jul2026 21:20:29.962] [main/ERROR] [net.minecraft.Util/]: Entity mythsandlegends:molten_ball has no attributes
[31Jul2026 21:20:29.962] [main/ERROR] [net.minecraft.Util/]: Entity illageandspillage:bone has no attributes
[31Jul2026 21:20:29.962] [main/ERROR] [net.minecraft.Util/]: Entity illageandspillage:axe has no attributes
[31Jul2026 21:20:29.963] [main/ERROR] [net.minecraft.Util/]: Entity mythsandlegends:molten_ball has no attributes
[31Jul2026 21:20:29.963] [main/ERROR] [net.minecraft.Util/]: Entity illageandspillage:bone has no attributes
[31Jul2026 21:20:29.963] [main/ERROR] [net.minecraft.Util/]: Entity illageandspillage:axe has no attributes
[31Jul2026 21:20:29.963] [main/ERROR] [net.minecraft.Util/]: Entity mythsandlegends:molten_ball has no attributes
[31Jul2026 21:20:29.963] [main/ERROR] [net.minecraft.Util/]: Entity illageandspillage:bone has no attributes
[31Jul2026 21:20:29.963] [main/ERROR] [net.minecraft.Util/]: Entity illageandspillage:axe has no attributes
[31Jul2026 21:20:29.963] [main/ERROR] [net.minecraft.Util/]: Entity mythsandlegends:molten_ball has no attributes
[31Jul2026 21:20:29.964] [main/ERROR] [net.minecraft.Util/]: Entity illageandspillage:bone has no attributes
[31Jul2026 21:20:29.964] [main/ERROR] [net.minecraft.Util/]: Entity illageandspillage:axe has no attributes
[31Jul2026 21:20:29.964] [main/ERROR] [net.minecraft.Util/]: Entity mythsandlegends:molten_ball has no attributes
[31Jul2026 21:20:29.964] [main/ERROR] [net.minecraft.Util/]: Entity illageandspillage:bone has no attributes
[31Jul2026 21:20:29.964] [main/ERROR] [net.minecraft.Util/]: Entity illageandspillage:axe has no attributes
[31Jul2026 21:20:29.964] [main/ERROR] [net.minecraft.Util/]: Entity mythsandlegends:molten_ball has no attributes
[31Jul2026 21:20:29.965] [main/ERROR] [net.minecraft.Util/]: Entity illageandspillage:bone has no attributes
[31Jul2026 21:20:29.965] [main/ERROR] [net.minecraft.Util/]: Entity illageandspillage:axe has no attributes
[31Jul2026 21:20:29.965] [main/ERROR] [net.minecraft.Util/]: Entity mythsandlegends:molten_ball has no attributes
[31Jul2026 21:20:29.965] [main/ERROR] [net.minecraft.Util/]: Entity illageandspillage:bone has no attributes
[31Jul2026 21:20:29.965] [main/ERROR] [net.minecraft.Util/]: Entity illageandspillage:axe has no attributes
[31Jul2026 21:20:29.965] [main/ERROR] [net.minecraft.Util/]: Entity mythsandlegends:molten_ball has no attributes
[31Jul2026 21:20:29.965] [main/ERROR] [net.minecraft.Util/]: Entity illageandspillage:bone has no attributes
[31Jul2026 21:20:29.966] [main/ERROR] [net.minecraft.Util/]: Entity illageandspillage:axe has no attributes
[31Jul2026 21:20:29.966] [main/ERROR] [net.minecraft.Util/]: Entity mythsandlegends:molten_ball has no attributes
[31Jul2026 21:20:29.966] [main/ERROR] [net.minecraft.Util/]: Entity illageandspillage:bone has no attributes
[31Jul2026 21:20:29.966] [main/ERROR] [net.minecraft.Util/]: Entity illageandspillage:axe has no attributes
[31Jul2026 21:20:29.966] [main/ERROR] [net.minecraft.Util/]: Entity mythsandlegends:molten_ball has no attributes
[31Jul2026 21:20:29.966] [main/ERROR] [net.minecraft.Util/]: Entity illageandspillage:bone has no attributes
[31Jul2026 21:20:29.966] [main/ERROR] [net.minecraft.Util/]: Entity illageandspillage:axe has no attributes
[31Jul2026 21:20:29.966] [main/ERROR] [net.minecraft.Util/]: Entity mythsandlegends:molten_ball has no attributes
[31Jul2026 21:20:29.967] [main/ERROR] [net.minecraft.Util/]: Entity illageandspillage:bone has no attributes
[31Jul2026 21:20:29.967] [main/ERROR] [net.minecraft.Util/]: Entity illageandspillage:axe has no attributes
[31Jul2026 21:20:29.967] [main/ERROR] [net.minecraft.Util/]: Entity mythsandlegends:molten_ball has no attributes
[31Jul2026 21:20:29.967] [main/ERROR] [net.minecraft.Util/]: Entity illageandspillage:bone has no attributes
[31Jul2026 21:20:29.967] [main/ERROR] [net.minecraft.Util/]: Entity illageandspillage:axe has no attributes
[31Jul2026 21:20:29.967] [main/ERROR] [net.minecraft.Util/]: Entity mythsandlegends:molten_ball has no attributes
[31Jul2026 21:20:29.967] [main/ERROR] [net.minecraft.Util/]: Entity illageandspillage:bone has no attributes
[31Jul2026 21:20:29.968] [main/ERROR] [net.minecraft.Util/]: Entity illageandspillage:axe has no attributes
[31Jul2026 21:20:29.968] [main/ERROR] [net.minecraft.Util/]: Entity mythsandlegends:molten_ball has no attributes
[31Jul2026 21:20:29.968] [main/ERROR] [net.minecraft.Util/]: Entity illageandspillage:bone has no attributes
[31Jul2026 21:20:29.968] [main/ERROR] [net.minecraft.Util/]: Entity illageandspillage:axe has no attributes
[31Jul2026 21:20:29.968] [main/ERROR] [net.minecraft.Util/]: Entity mythsandlegends:molten_ball has no attributes
[31Jul2026 21:20:29.968] [main/ERROR] [net.minecraft.Util/]: Entity illageandspillage:bone has no attributes
[31Jul2026 21:20:29.968] [main/ERROR] [net.minecraft.Util/]: Entity illageandspillage:axe has no attributes
[31Jul2026 21:20:29.969] [main/ERROR] [net.minecraft.Util/]: Entity mythsandlegends:molten_ball has no attributes
[31Jul2026 21:20:29.969] [main/ERROR] [net.minecraft.Util/]: Entity illageandspillage:bone has no attributes
[31Jul2026 21:20:29.969] [main/ERROR] [net.minecraft.Util/]: Entity illageandspillage:axe has no attributes
[31Jul2026 21:20:29.969] [main/ERROR] [net.minecraft.Util/]: Entity mythsandlegends:molten_ball has no attributes
[31Jul2026 21:20:29.969] [main/ERROR] [net.minecraft.Util/]: Entity illageandspillage:bone has no attributes
[31Jul2026 21:20:29.969] [main/ERROR] [net.minecraft.Util/]: Entity illageandspillage:axe has no attributes
[31Jul2026 21:20:29.969] [main/ERROR] [net.minecraft.Util/]: Entity mythsandlegends:molten_ball has no attributes
[31Jul2026 21:20:29.970] [main/ERROR] [net.minecraft.Util/]: Entity illageandspillage:bone has no attributes
[31Jul2026 21:20:29.970] [main/ERROR] [net.minecraft.Util/]: Entity illageandspillage:axe has no attributes
[31Jul2026 21:20:29.970] [main/ERROR] [net.minecraft.Util/]: Entity mythsandlegends:molten_ball has no attributes
[31Jul2026 21:20:29.970] [main/ERROR] [net.minecraft.Util/]: Entity illageandspillage:bone has no attributes
[31Jul2026 21:20:29.970] [main/ERROR] [net.minecraft.Util/]: Entity illageandspillage:axe has no attributes
[31Jul2026 21:20:29.970] [main/ERROR] [net.minecraft.Util/]: Entity mythsandlegends:molten_ball has no attributes
[31Jul2026 21:20:29.971] [main/ERROR] [net.minecraft.Util/]: Entity illageandspillage:bone has no attributes
[31Jul2026 21:20:29.971] [main/ERROR] [net.minecraft.Util/]: Entity illageandspillage:axe has no attributes
[31Jul2026 21:20:29.971] [main/ERROR] [net.minecraft.Util/]: Entity mythsandlegends:molten_ball has no attributes
[31Jul2026 21:20:29.971] [main/ERROR] [net.minecraft.Util/]: Entity illageandspillage:bone has no attributes
[31Jul2026 21:20:29.971] [main/ERROR] [net.minecraft.Util/]: Entity illageandspillage:axe has no attributes
[31Jul2026 21:20:29.971] [main/ERROR] [net.minecraft.Util/]: Entity mythsandlegends:molten_ball has no attributes
[31Jul2026 21:20:29.971] [main/ERROR] [net.minecraft.Util/]: Entity illageandspillage:bone has no attributes
[31Jul2026 21:20:29.972] [main/ERROR] [net.minecraft.Util/]: Entity illageandspillage:axe has no attributes
[31Jul2026 21:20:29.972] [main/ERROR] [net.minecraft.Util/]: Entity mythsandlegends:molten_ball has no attributes
[31Jul2026 21:20:29.972] [main/ERROR] [net.minecraft.Util/]: Entity illageandspillage:bone has no attributes
[31Jul2026 21:20:29.972] [main/ERROR] [net.minecraft.Util/]: Entity illageandspillage:axe has no attributes
[31Jul2026 21:20:29.972] [main/ERROR] [net.minecraft.Util/]: Entity mythsandlegends:molten_ball has no attributes
[31Jul2026 21:20:29.972] [main/ERROR] [net.minecraft.Util/]: Entity illageandspillage:bone has no attributes
[31Jul2026 21:20:29.972] [main/ERROR] [net.minecraft.Util/]: Entity illageandspillage:axe has no attributes
[31Jul2026 21:20:29.972] [main/ERROR] [net.minecraft.Util/]: Entity mythsandlegends:molten_ball has no attributes
[31Jul2026 21:20:29.973] [main/ERROR] [net.minecraft.Util/]: Entity illageandspillage:bone has no attributes
[31Jul2026 21:20:29.973] [main/ERROR] [net.minecraft.Util/]: Entity illageandspillage:axe has no attributes
[31Jul2026 21:20:29.973] [main/ERROR] [net.minecraft.Util/]: Entity mythsandlegends:molten_ball has no attributes
[31Jul2026 21:20:29.973] [main/ERROR] [net.minecraft.Util/]: Entity illageandspillage:bone has no attributes
[31Jul2026 21:20:29.973] [main/ERROR] [net.minecraft.Util/]: Entity illageandspillage:axe has no attributes
[31Jul2026 21:20:29.973] [main/ERROR] [net.minecraft.Util/]: Entity mythsandlegends:molten_ball has no attributes
[31Jul2026 21:20:29.973] [main/ERROR] [net.minecraft.Util/]: Entity illageandspillage:bone has no attributes
[31Jul2026 21:20:29.974] [main/ERROR] [net.minecraft.Util/]: Entity illageandspillage:axe has no attributes
[31Jul2026 21:20:29.974] [main/ERROR] [net.minecraft.Util/]: Entity mythsandlegends:molten_ball has no attributes
[31Jul2026 21:20:29.974] [main/ERROR] [net.minecraft.Util/]: Entity illageandspillage:bone has no attributes
[31Jul2026 21:20:29.974] [main/ERROR] [net.minecraft.Util/]: Entity illageandspillage:axe has no attributes
[31Jul2026 21:20:29.974] [main/ERROR] [net.minecraft.Util/]: Entity mythsandlegends:molten_ball has no attributes
[31Jul2026 21:20:29.974] [main/ERROR] [net.minecraft.Util/]: Entity illageandspillage:bone has no attributes
[31Jul2026 21:20:29.975] [main/ERROR] [net.minecraft.Util/]: Entity illageandspillage:axe has no attributes
[31Jul2026 21:20:29.975] [main/ERROR] [net.minecraft.Util/]: Entity mythsandlegends:molten_ball has no attributes
[31Jul2026 21:20:29.975] [main/ERROR] [net.minecraft.Util/]: Entity illageandspillage:bone has no attributes
[31Jul2026 21:20:29.975] [main/ERROR] [net.minecraft.Util/]: Entity illageandspillage:axe has no attributes
[31Jul2026 21:20:29.975] [main/ERROR] [net.minecraft.Util/]: Entity mythsandlegends:molten_ball has no attributes
[31Jul2026 21:20:29.975] [main/ERROR] [net.minecraft.Util/]: Entity illageandspillage:bone has no attributes
[31Jul2026 21:20:29.975] [main/ERROR] [net.minecraft.Util/]: Entity illageandspillage:axe has no attributes
[31Jul2026 21:20:29.975] [main/ERROR] [net.minecraft.Util/]: Entity mythsandlegends:molten_ball has no attributes
[31Jul2026 21:20:29.976] [main/ERROR] [net.minecraft.Util/]: Entity illageandspillage:bone has no attributes
[31Jul2026 21:20:29.976] [main/ERROR] [net.minecraft.Util/]: Entity illageandspillage:axe has no attributes
[31Jul2026 21:20:29.976] [main/ERROR] [net.minecraft.Util/]: Entity mythsandlegends:molten_ball has no attributes
[31Jul2026 21:20:29.976] [main/ERROR] [net.minecraft.Util/]: Entity illageandspillage:bone has no attributes
[31Jul2026 21:20:29.976] [main/ERROR] [net.minecraft.Util/]: Entity illageandspillage:axe has no attributes
[31Jul2026 21:20:29.976] [main/ERROR] [net.minecraft.Util/]: Entity mythsandlegends:molten_ball has no attributes
[31Jul2026 21:20:29.976] [main/ERROR] [net.minecraft.Util/]: Entity illageandspillage:bone has no attributes
[31Jul2026 21:20:29.976] [main/ERROR] [net.minecraft.Util/]: Entity illageandspillage:axe has no attributes
[31Jul2026 21:20:29.977] [main/ERROR] [net.minecraft.Util/]: Entity mythsandlegends:molten_ball has no attributes
[31Jul2026 21:20:29.977] [main/ERROR] [net.minecraft.Util/]: Entity illageandspillage:bone has no attributes
[31Jul2026 21:20:29.977] [main/ERROR] [net.minecraft.Util/]: Entity illageandspillage:axe has no attributes
[31Jul2026 21:20:29.977] [main/ERROR] [net.minecraft.Util/]: Entity mythsandlegends:molten_ball has no attributes
[31Jul2026 21:20:29.977] [main/ERROR] [net.minecraft.Util/]: Entity illageandspillage:bone has no attributes
[31Jul2026 21:20:29.977] [main/ERROR] [net.minecraft.Util/]: Entity illageandspillage:axe has no attributes
[31Jul2026 21:20:29.977] [main/ERROR] [net.minecraft.Util/]: Entity mythsandlegends:molten_ball has no attributes
[31Jul2026 21:20:29.978] [main/ERROR] [net.minecraft.Util/]: Entity illageandspillage:bone has no attributes
[31Jul2026 21:20:29.978] [main/ERROR] [net.minecraft.Util/]: Entity illageandspillage:axe has no attributes
[31Jul2026 21:20:29.978] [main/ERROR] [net.minecraft.Util/]: Entity mythsandlegends:molten_ball has no attributes
[31Jul2026 21:20:29.978] [main/ERROR] [net.minecraft.Util/]: Entity illageandspillage:bone has no attributes
[31Jul2026 21:20:29.978] [main/ERROR] [net.minecraft.Util/]: Entity illageandspillage:axe has no attributes
[31Jul2026 21:20:29.978] [main/ERROR] [net.minecraft.Util/]: Entity mythsandlegends:molten_ball has no attributes
[31Jul2026 21:20:29.978] [main/ERROR] [net.minecraft.Util/]: Entity illageandspillage:bone has no attributes
[31Jul2026 21:20:29.978] [main/ERROR] [net.minecraft.Util/]: Entity illageandspillage:axe has no attributes
[31Jul2026 21:20:29.979] [main/ERROR] [net.minecraft.Util/]: Entity mythsandlegends:molten_ball has no attributes
[31Jul2026 21:20:29.979] [main/ERROR] [net.minecraft.Util/]: Entity illageandspillage:bone has no attributes
[31Jul2026 21:20:29.979] [main/ERROR] [net.minecraft.Util/]: Entity illageandspillage:axe has no attributes
[31Jul2026 21:20:29.979] [main/ERROR] [net.minecraft.Util/]: Entity mythsandlegends:molten_ball has no attributes
[31Jul2026 21:20:29.979] [main/ERROR] [net.minecraft.Util/]: Entity illageandspillage:bone has no attributes
[31Jul2026 21:20:29.979] [main/ERROR] [net.minecraft.Util/]: Entity illageandspillage:axe has no attributes
[31Jul2026 21:20:29.979] [main/ERROR] [net.minecraft.Util/]: Entity mythsandlegends:molten_ball has no attributes
[31Jul2026 21:20:29.980] [main/ERROR] [net.minecraft.Util/]: Entity illageandspillage:bone has no attributes
[31Jul2026 21:20:29.980] [main/ERROR] [net.minecraft.Util/]: Entity illageandspillage:axe has no attributes
[31Jul2026 21:20:29.980] [main/ERROR] [net.minecraft.Util/]: Entity mythsandlegends:molten_ball has no attributes
[31Jul2026 21:20:29.980] [main/ERROR] [net.minecraft.Util/]: Entity illageandspillage:bone has no attributes
[31Jul2026 21:20:29.980] [main/ERROR] [net.minecraft.Util/]: Entity illageandspillage:axe has no attributes
[31Jul2026 21:20:29.980] [main/ERROR] [net.minecraft.Util/]: Entity mythsandlegends:molten_ball has no attributes
[31Jul2026 21:20:29.980] [main/ERROR] [net.minecraft.Util/]: Entity illageandspillage:bone has no attributes
[31Jul2026 21:20:29.980] [main/ERROR] [net.minecraft.Util/]: Entity illageandspillage:axe has no attributes
[31Jul2026 21:20:29.981] [main/ERROR] [net.minecraft.Util/]: Entity mythsandlegends:molten_ball has no attributes
[31Jul2026 21:20:29.981] [main/ERROR] [net.minecraft.Util/]: Entity illageandspillage:bone has no attributes
[31Jul2026 21:20:29.981] [main/ERROR] [net.minecraft.Util/]: Entity illageandspillage:axe has no attributes
[31Jul2026 21:20:29.981] [main/ERROR] [net.minecraft.Util/]: Entity mythsandlegends:molten_ball has no attributes
[31Jul2026 21:20:29.981] [main/ERROR] [net.minecraft.Util/]: Entity illageandspillage:bone has no attributes
[31Jul2026 21:20:29.981] [main/ERROR] [net.minecraft.Util/]: Entity illageandspillage:axe has no attributes
[31Jul2026 21:20:29.981] [main/ERROR] [net.minecraft.Util/]: Entity mythsandlegends:molten_ball has no attributes
[31Jul2026 21:20:29.982] [main/ERROR] [net.minecraft.Util/]: Entity illageandspillage:bone has no attributes
[31Jul2026 21:20:29.982] [main/ERROR] [net.minecraft.Util/]: Entity illageandspillage:axe has no attributes
[31Jul2026 21:20:29.982] [main/ERROR] [net.minecraft.Util/]: Entity mythsandlegends:molten_ball has no attributes
[31Jul2026 21:20:29.982] [main/ERROR] [net.minecraft.Util/]: Entity illageandspillage:bone has no attributes
[31Jul2026 21:20:29.982] [main/ERROR] [net.minecraft.Util/]: Entity illageandspillage:axe has no attributes
[31Jul2026 21:20:29.982] [main/ERROR] [net.minecraft.Util/]: Entity mythsandlegends:molten_ball has no attributes
[31Jul2026 21:20:29.982] [main/ERROR] [net.minecraft.Util/]: Entity illageandspillage:bone has no attributes
[31Jul2026 21:20:29.982] [main/ERROR] [net.minecraft.Util/]: Entity illageandspillage:axe has no attributes
[31Jul2026 21:20:29.982] [main/ERROR] [net.minecraft.Util/]: Entity mythsandlegends:molten_ball has no attributes
[31Jul2026 21:20:29.983] [main/ERROR] [net.minecraft.Util/]: Entity illageandspillage:bone has no attributes
[31Jul2026 21:20:29.983] [main/ERROR] [net.minecraft.Util/]: Entity illageandspillage:axe has no attributes
[31Jul2026 21:20:29.983] [main/ERROR] [net.minecraft.Util/]: Entity mythsandlegends:molten_ball has no attributes
[31Jul2026 21:20:29.983] [main/ERROR] [net.minecraft.Util/]: Entity illageandspillage:bone has no attributes
[31Jul2026 21:20:29.983] [main/ERROR] [net.minecraft.Util/]: Entity illageandspillage:axe has no attributes
[31Jul2026 21:20:29.983] [main/ERROR] [net.minecraft.Util/]: Entity mythsandlegends:molten_ball has no attributes
[31Jul2026 21:20:29.983] [main/ERROR] [net.minecraft.Util/]: Entity illageandspillage:bone has no attributes
[31Jul2026 21:20:29.984] [main/ERROR] [net.minecraft.Util/]: Entity illageandspillage:axe has no attributes
[31Jul2026 21:20:29.984] [main/ERROR] [net.minecraft.Util/]: Entity mythsandlegends:molten_ball has no attributes
[31Jul2026 21:20:29.984] [main/ERROR] [net.minecraft.Util/]: Entity illageandspillage:bone has no attributes
[31Jul2026 21:20:29.984] [main/ERROR] [net.minecraft.Util/]: Entity illageandspillage:axe has no attributes
[31Jul2026 21:20:29.984] [main/ERROR] [net.minecraft.Util/]: Entity mythsandlegends:molten_ball has no attributes
[31Jul2026 21:20:29.984] [main/ERROR] [net.minecraft.Util/]: Entity illageandspillage:bone has no attributes
[31Jul2026 21:20:29.984] [main/ERROR] [net.minecraft.Util/]: Entity illageandspillage:axe has no attributes
[31Jul2026 21:20:29.985] [main/ERROR] [net.minecraft.Util/]: Entity mythsandlegends:molten_ball has no attributes
[31Jul2026 21:20:29.985] [main/ERROR] [net.minecraft.Util/]: Entity illageandspillage:bone has no attributes
[31Jul2026 21:20:29.985] [main/ERROR] [net.minecraft.Util/]: Entity illageandspillage:axe has no attributes
[31Jul2026 21:20:29.985] [main/ERROR] [net.minecraft.Util/]: Entity mythsandlegends:molten_ball has no attributes
[31Jul2026 21:20:29.985] [main/ERROR] [net.minecraft.Util/]: Entity illageandspillage:bone has no attributes
[31Jul2026 21:20:29.985] [main/ERROR] [net.minecraft.Util/]: Entity illageandspillage:axe has no attributes
[31Jul2026 21:20:29.985] [main/ERROR] [net.minecraft.Util/]: Entity mythsandlegends:molten_ball has no attributes
[31Jul2026 21:20:29.986] [main/ERROR] [net.minecraft.Util/]: Entity illageandspillage:bone has no attributes
[31Jul2026 21:20:29.986] [main/ERROR] [net.minecraft.Util/]: Entity illageandspillage:axe has no attributes
[31Jul2026 21:20:29.986] [main/ERROR] [net.minecraft.Util/]: Entity mythsandlegends:molten_ball has no attributes
[31Jul2026 21:20:29.986] [main/ERROR] [net.minecraft.Util/]: Entity illageandspillage:bone has no attributes
[31Jul2026 21:20:29.986] [main/ERROR] [net.minecraft.Util/]: Entity illageandspillage:axe has no attributes
[31Jul2026 21:20:29.986] [main/ERROR] [net.minecraft.Util/]: Entity mythsandlegends:molten_ball has no attributes
[31Jul2026 21:20:29.986] [main/ERROR] [net.minecraft.Util/]: Entity illageandspillage:bone has no attributes
[31Jul2026 21:20:29.986] [main/ERROR] [net.minecraft.Util/]: Entity illageandspillage:axe has no attributes
[31Jul2026 21:20:29.987] [main/ERROR] [net.minecraft.Util/]: Entity mythsandlegends:molten_ball has no attributes
[31Jul2026 21:20:29.987] [main/ERROR] [net.minecraft.Util/]: Entity illageandspillage:bone has no attributes
[31Jul2026 21:20:29.987] [main/ERROR] [net.minecraft.Util/]: Entity illageandspillage:axe has no attributes
[31Jul2026 21:20:29.987] [main/ERROR] [net.minecraft.Util/]: Entity mythsandlegends:molten_ball has no attributes
[31Jul2026 21:20:29.987] [main/ERROR] [net.minecraft.Util/]: Entity illageandspillage:bone has no attributes
[31Jul2026 21:20:29.987] [main/ERROR] [net.minecraft.Util/]: Entity illageandspillage:axe has no attributes
[31Jul2026 21:20:29.987] [main/ERROR] [net.minecraft.Util/]: Entity mythsandlegends:molten_ball has no attributes
[31Jul2026 21:20:29.988] [main/ERROR] [net.minecraft.Util/]: Entity illageandspillage:bone has no attributes
[31Jul2026 21:20:29.988] [main/ERROR] [net.minecraft.Util/]: Entity illageandspillage:axe has no attributes
[31Jul2026 21:20:29.988] [main/ERROR] [net.minecraft.Util/]: Entity mythsandlegends:molten_ball has no attributes
[31Jul2026 21:20:29.988] [main/ERROR] [net.minecraft.Util/]: Entity illageandspillage:bone has no attributes
[31Jul2026 21:20:29.988] [main/ERROR] [net.minecraft.Util/]: Entity illageandspillage:axe has no attributes
[31Jul2026 21:20:29.988] [main/ERROR] [net.minecraft.Util/]: Entity mythsandlegends:molten_ball has no attributes
[31Jul2026 21:20:29.988] [main/ERROR] [net.minecraft.Util/]: Entity illageandspillage:bone has no attributes
[31Jul2026 21:20:29.989] [main/ERROR] [net.minecraft.Util/]: Entity illageandspillage:axe has no attributes
[31Jul2026 21:20:29.989] [main/ERROR] [net.minecraft.Util/]: Entity mythsandlegends:molten_ball has no attributes
[31Jul2026 21:20:29.989] [main/ERROR] [net.minecraft.Util/]: Entity illageandspillage:bone has no attributes
[31Jul2026 21:20:29.989] [main/ERROR] [net.minecraft.Util/]: Entity illageandspillage:axe has no attributes
[31Jul2026 21:20:29.989] [main/ERROR] [net.minecraft.Util/]: Entity mythsandlegends:molten_ball has no attributes
[31Jul2026 21:20:29.989] [main/ERROR] [net.minecraft.Util/]: Entity illageandspillage:bone has no attributes
[31Jul2026 21:20:29.989] [main/ERROR] [net.minecraft.Util/]: Entity illageandspillage:axe has no attributes
[31Jul2026 21:20:29.989] [main/ERROR] [net.minecraft.Util/]: Entity mythsandlegends:molten_ball has no attributes
[31Jul2026 21:20:29.990] [main/ERROR] [net.minecraft.Util/]: Entity illageandspillage:bone has no attributes
[31Jul2026 21:20:29.990] [main/ERROR] [net.minecraft.Util/]: Entity illageandspillage:axe has no attributes
[31Jul2026 21:20:29.990] [main/ERROR] [net.minecraft.Util/]: Entity mythsandlegends:molten_ball has no attributes
[31Jul2026 21:20:29.990] [main/ERROR] [net.minecraft.Util/]: Entity illageandspillage:bone has no attributes
[31Jul2026 21:20:29.990] [main/ERROR] [net.minecraft.Util/]: Entity illageandspillage:axe has no attributes
[31Jul2026 21:20:29.990] [main/ERROR] [net.minecraft.Util/]: Entity mythsandlegends:molten_ball has no attributes
[31Jul2026 21:20:29.990] [main/ERROR] [net.minecraft.Util/]: Entity illageandspillage:bone has no attributes
[31Jul2026 21:20:29.991] [main/ERROR] [net.minecraft.Util/]: Entity illageandspillage:axe has no attributes
[31Jul2026 21:20:29.991] [main/ERROR] [net.minecraft.Util/]: Entity mythsandlegends:molten_ball has no attributes
[31Jul2026 21:20:29.991] [main/ERROR] [net.minecraft.Util/]: Entity illageandspillage:bone has no attributes
[31Jul2026 21:20:29.991] [main/ERROR] [net.minecraft.Util/]: Entity illageandspillage:axe has no attributes
[31Jul2026 21:20:29.991] [main/ERROR] [net.minecraft.Util/]: Entity mythsandlegends:molten_ball has no attributes
[31Jul2026 21:20:29.991] [main/ERROR] [net.minecraft.Util/]: Entity illageandspillage:bone has no attributes
[31Jul2026 21:20:29.991] [main/ERROR] [net.minecraft.Util/]: Entity illageandspillage:axe has no attributes
[31Jul2026 21:20:29.991] [main/ERROR] [net.minecraft.Util/]: Entity mythsandlegends:molten_ball has no attributes
[31Jul2026 21:20:29.992] [main/ERROR] [net.minecraft.Util/]: Entity illageandspillage:bone has no attributes
[31Jul2026 21:20:29.992] [main/ERROR] [net.minecraft.Util/]: Entity illageandspillage:axe has no attributes
[31Jul2026 21:20:29.992] [main/ERROR] [net.minecraft.Util/]: Entity mythsandlegends:molten_ball has no attributes
[31Jul2026 21:20:29.992] [main/ERROR] [net.minecraft.Util/]: Entity illageandspillage:bone has no attributes
[31Jul2026 21:20:29.992] [main/ERROR] [net.minecraft.Util/]: Entity illageandspillage:axe has no attributes
[31Jul2026 21:20:29.992] [main/ERROR] [net.minecraft.Util/]: Entity mythsandlegends:molten_ball has no attributes
[31Jul2026 21:20:29.992] [main/ERROR] [net.minecraft.Util/]: Entity illageandspillage:bone has no attributes
[31Jul2026 21:20:29.993] [main/ERROR] [net.minecraft.Util/]: Entity illageandspillage:axe has no attributes
[31Jul2026 21:20:29.993] [main/ERROR] [net.minecraft.Util/]: Entity mythsandlegends:molten_ball has no attributes
[31Jul2026 21:20:29.993] [main/ERROR] [net.minecraft.Util/]: Entity illageandspillage:bone has no attributes
[31Jul2026 21:20:29.993] [main/ERROR] [net.minecraft.Util/]: Entity illageandspillage:axe has no attributes
[31Jul2026 21:20:29.993] [main/ERROR] [net.minecraft.Util/]: Entity mythsandlegends:molten_ball has no attributes
[31Jul2026 21:20:29.993] [main/ERROR] [net.minecraft.Util/]: Entity illageandspillage:bone has no attributes
[31Jul2026 21:20:29.993] [main/ERROR] [net.minecraft.Util/]: Entity illageandspillage:axe has no attributes
[31Jul2026 21:20:29.993] [main/ERROR] [net.minecraft.Util/]: Entity mythsandlegends:molten_ball has no attributes
[31Jul2026 21:20:29.994] [main/ERROR] [net.minecraft.Util/]: Entity illageandspillage:bone has no attributes
[31Jul2026 21:20:29.994] [main/ERROR] [net.minecraft.Util/]: Entity illageandspillage:axe has no attributes
[31Jul2026 21:20:29.994] [main/ERROR] [net.minecraft.Util/]: Entity mythsandlegends:molten_ball has no attributes
[31Jul2026 21:20:29.994] [main/ERROR] [net.minecraft.Util/]: Entity illageandspillage:bone has no attributes
[31Jul2026 21:20:29.994] [main/ERROR] [net.minecraft.Util/]: Entity illageandspillage:axe has no attributes
[31Jul2026 21:20:29.994] [main/ERROR] [net.minecraft.Util/]: Entity mythsandlegends:molten_ball has no attributes
[31Jul2026 21:20:29.995] [main/ERROR] [net.minecraft.Util/]: Entity illageandspillage:bone has no attributes
[31Jul2026 21:20:29.995] [main/ERROR] [net.minecraft.Util/]: Entity illageandspillage:axe has no attributes
[31Jul2026 21:20:29.995] [main/ERROR] [net.minecraft.Util/]: Entity mythsandlegends:molten_ball has no attributes
[31Jul2026 21:20:30.297] [main/INFO] [org.betterx.worlds.together.util.Logger/]: [DataFixerAPI] Applying Patch{bclib:3.0.11:12582923}
[31Jul2026 21:20:30.297] [main/INFO] [org.betterx.worlds.together.util.Logger/]: [bclib] Running Pre Patchers on ./world/.
[31Jul2026 21:20:30.321] [main/WARN] [org.betterx.worlds.together.util.Logger/]: [bclib] Applying Fixes on Level
[31Jul2026 21:20:30.332] [main/INFO] [org.betterx.worlds.together.util.Logger/]: [DataFixerAPI] Inspecting ./world/./playerdata/45e82446-1f7f-3d75-84de-457c366f7c74.dat
[31Jul2026 21:20:30.332] [ForkJoinPool.commonPool-worker-1/INFO] [org.betterx.worlds.together.util.Logger/]: [DataFixerAPI] Inspecting ./world/./playerdata/1128fd1f-1c23-3b53-9ea7-e408a49e7cdf.dat
[31Jul2026 21:20:30.337] [main/INFO] [org.betterx.worlds.together.util.Logger/]: [DataFixerAPI] Inspecting level.dat in ./world/.
[31Jul2026 21:20:30.338] [main/INFO] [org.betterx.worlds.together.util.Logger/]: [DataFixerAPI] Inspecting ./world/./region/r.0.-1.mca
[31Jul2026 21:20:30.339] [ForkJoinPool.commonPool-worker-1/INFO] [org.betterx.worlds.together.util.Logger/]: [DataFixerAPI] Inspecting ./world/./poi/r.-2.0.mca
[31Jul2026 21:20:30.342] [ForkJoinPool.commonPool-worker-2/INFO] [org.betterx.worlds.together.util.Logger/]: [DataFixerAPI] Inspecting ./world/./region/r.-2.1.mca
[31Jul2026 21:20:30.343] [ForkJoinPool.commonPool-worker-3/INFO] [org.betterx.worlds.together.util.Logger/]: [DataFixerAPI] Inspecting ./world/./region/r.0.1.mca
[31Jul2026 21:20:30.350] [ForkJoinPool.commonPool-worker-1/INFO] [org.betterx.worlds.together.util.Logger/]: [DataFixerAPI] Inspecting ./world/./poi/r.0.0.mca
[31Jul2026 21:20:30.464] [ForkJoinPool.commonPool-worker-1/INFO] [org.betterx.worlds.together.util.Logger/]: [DataFixerAPI] Inspecting ./world/./poi/r.-1.0.mca
[31Jul2026 21:20:30.503] [ForkJoinPool.commonPool-worker-2/INFO] [org.betterx.worlds.together.util.Logger/]: [DataFixerAPI] Inspecting ./world/./region/r.-1.1.mca
[31Jul2026 21:20:30.504] [ForkJoinPool.commonPool-worker-3/INFO] [org.betterx.worlds.together.util.Logger/]: [DataFixerAPI] Inspecting ./world/./region/r.-2.-1.mca
[31Jul2026 21:20:30.707] [ForkJoinPool.commonPool-worker-1/INFO] [org.betterx.worlds.together.util.Logger/]: [DataFixerAPI] Inspecting ./world/./poi/r.-2.-1.mca
[31Jul2026 21:20:30.709] [ForkJoinPool.commonPool-worker-1/INFO] [org.betterx.worlds.together.util.Logger/]: [DataFixerAPI] Inspecting ./world/./poi/r.-2.1.mca
[31Jul2026 21:20:30.710] [ForkJoinPool.commonPool-worker-1/INFO] [org.betterx.worlds.together.util.Logger/]: [DataFixerAPI] Inspecting ./world/./poi/r.0.1.mca
[31Jul2026 21:20:30.714] [ForkJoinPool.commonPool-worker-1/INFO] [org.betterx.worlds.together.util.Logger/]: [DataFixerAPI] Inspecting ./world/./entities/r.0.0.mca
[31Jul2026 21:20:30.715] [ForkJoinPool.commonPool-worker-1/INFO] [org.betterx.worlds.together.util.Logger/]: [DataFixerAPI] Inspecting ./world/./poi/r.0.-1.mca
[31Jul2026 21:20:30.749] [ForkJoinPool.commonPool-worker-1/INFO] [org.betterx.worlds.together.util.Logger/]: [DataFixerAPI] Inspecting ./world/./entities/r.-1.-1.mca
[31Jul2026 21:20:30.970] [ForkJoinPool.commonPool-worker-1/INFO] [org.betterx.worlds.together.util.Logger/]: [DataFixerAPI] Inspecting ./world/./entities/r.-1.0.mca
[31Jul2026 21:20:31.083] [ForkJoinPool.commonPool-worker-3/INFO] [org.betterx.worlds.together.util.Logger/]: [DataFixerAPI] Inspecting ./world/./region/r.0.0.mca
[31Jul2026 21:20:31.142] [ForkJoinPool.commonPool-worker-1/INFO] [org.betterx.worlds.together.util.Logger/]: [DataFixerAPI] Inspecting ./world/./entities/r.0.-1.mca
[31Jul2026 21:20:31.147] [ForkJoinPool.commonPool-worker-1/INFO] [org.betterx.worlds.together.util.Logger/]: [DataFixerAPI] Inspecting ./world/./poi/r.-1.1.mca
[31Jul2026 21:20:31.148] [ForkJoinPool.commonPool-worker-1/INFO] [org.betterx.worlds.together.util.Logger/]: [DataFixerAPI] Inspecting ./world/./poi/r.-1.-1.mca
[31Jul2026 21:20:31.178] [ForkJoinPool.commonPool-worker-2/INFO] [org.betterx.worlds.together.util.Logger/]: [DataFixerAPI] Inspecting ./world/./region/r.-1.-1.mca
[31Jul2026 21:20:31.313] [ForkJoinPool.commonPool-worker-1/INFO] [org.betterx.worlds.together.util.Logger/]: [DataFixerAPI] Inspecting ./world/./region/r.-2.0.mca
[31Jul2026 21:20:31.825] [ForkJoinPool.commonPool-worker-1/INFO] [org.betterx.worlds.together.util.Logger/]: [bclib] Patching... 82%
[31Jul2026 21:20:31.825] [ForkJoinPool.commonPool-worker-1/INFO] [org.betterx.worlds.together.util.Logger/]: [DataFixerAPI] Inspecting ./world/./region/r.-1.0.mca
[31Jul2026 21:20:32.175] [main/INFO] [org.betterx.worlds.together.util.Logger/]: [DataFixerAPI] Updating Patch-Level for 'bclib' from 0.0.0 to 3.0.11
[31Jul2026 21:20:32.193] [main/WARN] [net.minecraft.server.packs.VanillaPackResourcesBuilder/]: Assets URL 'union:/workspaces/prueba/servidor_minecraft/libraries/net/minecraft/server/1.20.1-20230612.114412/server-1.20.1-20230612.114412-srg.jar%23535!/assets/.mcassetsroot' uses unexpected schema
[31Jul2026 21:20:32.193] [main/WARN] [net.minecraft.server.packs.VanillaPackResourcesBuilder/]: Assets URL 'union:/workspaces/prueba/servidor_minecraft/libraries/net/minecraft/server/1.20.1-20230612.114412/server-1.20.1-20230612.114412-srg.jar%23535!/data/.mcassetsroot' uses unexpected schema
[31Jul2026 21:20:33.162] [main/INFO] [com.teamabnormals.blueprint.core.Blueprint/]: Successfully loaded 0 data remolders!
[31Jul2026 21:20:34.633] [main/INFO] [org.betterx.worlds.together.util.Logger/]: [bclib] Updating Pickers for BCLib - The End  BiomeSource (7efc8133)
[31Jul2026 21:20:34.637] [main/INFO] [org.betterx.worlds.together.util.Logger/]: [bclib] [datagen] register BCLBiome unusualend:gloopstone_lands
[31Jul2026 21:20:34.637] [main/INFO] [org.betterx.worlds.together.util.Logger/]: [bclib] [BiomeSourceCompat] Registered Unusual End unusualend:gloopstone_lands as UNUSUALEND_GLOOPSTONE_LANDS -> END_LAND -> END
[31Jul2026 21:20:34.637] [main/INFO] [org.betterx.worlds.together.util.Logger/]: [bclib] [datagen] register BCLBiome unusualend:warped_reef
[31Jul2026 21:20:34.637] [main/INFO] [org.betterx.worlds.together.util.Logger/]: [bclib] [BiomeSourceCompat] Registered Unusual End unusualend:warped_reef as UNUSUALEND_WARPED_REEF -> END_VOID -> END
[31Jul2026 21:20:34.639] [main/INFO] [org.betterx.worlds.together.util.Logger/]: [bclib] [BiomeSourceCompat] Registered Unusual End end biome deciders
[31Jul2026 21:20:34.645] [main/INFO] [org.betterx.worlds.together.util.Logger/]: [bclib] Unable to build Biome List yet
[31Jul2026 21:20:34.645] [main/INFO] [org.betterx.worlds.together.util.Logger/]: [bclib] [BiomeSourceCompat] Combined possible biomes for BCLib - The End  BiomeSource (7efc8133): owned=0, external=0, combined=0
[31Jul2026 21:20:34.646] [main/INFO] [org.betterx.worlds.together.util.Logger/]: [bclib] No Void Biomes found. Disabling by using barrens
[31Jul2026 21:20:34.647] [main/INFO] [org.betterx.worlds.together.util.Logger/]: [bclib] No Barrens Biomes found. Disabling by using land Biomes
[31Jul2026 21:20:34.647] [main/WARN] [org.betterx.worlds.together.util.Logger/]: [bclib] No Center Island Biomes found. Forcing use of vanilla center.
[31Jul2026 21:20:34.664] [main/INFO] [org.betterx.worlds.together.util.Logger/]: [bclib] Make sure features are loaded from terrablender:org.betterx.bclib.api.v2.generator.BCLibEndBiomeSource
[31Jul2026 21:20:34.664] [main/INFO] [org.betterx.worlds.together.util.Logger/]: [bclib] [ChunkGeneratorCompat] Rebuilt featuresPerStep for org.betterx.bclib.api.v2.generator.BCLChunkGenerator@36b4838e with 0 possible biomes: 
[31Jul2026 21:20:34.665] [main/INFO] [org.betterx.worlds.together.util.Logger/]: [bclib] Updating Pickers for BCLib - Nether BiomeSource (2933c9a5)
[31Jul2026 21:20:34.665] [main/INFO] [org.betterx.worlds.together.util.Logger/]: [bclib] Unable to build Biome List yet
[31Jul2026 21:20:34.665] [main/INFO] [org.betterx.worlds.together.util.Logger/]: [bclib] [BiomeSourceCompat] Combined possible biomes for BCLib - Nether BiomeSource (2933c9a5): owned=0, external=0, combined=0
[31Jul2026 21:20:34.674] [main/INFO] [org.betterx.worlds.together.util.Logger/]: [bclib] Make sure features are loaded from terrablender:org.betterx.bclib.api.v2.generator.BCLibNetherBiomeSource
[31Jul2026 21:20:34.675] [main/INFO] [org.betterx.worlds.together.util.Logger/]: [bclib] [ChunkGeneratorCompat] Rebuilt featuresPerStep for org.betterx.bclib.api.v2.generator.BCLChunkGenerator@66f34a6e with 0 possible biomes: 
[31Jul2026 21:20:34.681] [main/INFO] [org.betterx.worlds.together.util.Logger/]: [bclib] Updating Pickers for BCLib - The End  BiomeSource (708195c9)
[31Jul2026 21:20:34.682] [main/INFO] [org.betterx.worlds.together.util.Logger/]: [bclib] Unable to build Biome List yet
[31Jul2026 21:20:34.682] [main/INFO] [org.betterx.worlds.together.util.Logger/]: [bclib] [BiomeSourceCompat] Combined possible biomes for BCLib - The End  BiomeSource (708195c9): owned=0, external=0, combined=0
[31Jul2026 21:20:34.682] [main/INFO] [org.betterx.worlds.together.util.Logger/]: [bclib] No Void Biomes found. Disabling by using barrens
[31Jul2026 21:20:34.682] [main/INFO] [org.betterx.worlds.together.util.Logger/]: [bclib] No Barrens Biomes found. Disabling by using land Biomes
[31Jul2026 21:20:34.682] [main/WARN] [org.betterx.worlds.together.util.Logger/]: [bclib] No Center Island Biomes found. Forcing use of vanilla center.
[31Jul2026 21:20:34.683] [main/INFO] [org.betterx.worlds.together.util.Logger/]: [bclib] Make sure features are loaded from terrablender:org.betterx.bclib.api.v2.generator.BCLibEndBiomeSource
[31Jul2026 21:20:34.683] [main/INFO] [org.betterx.worlds.together.util.Logger/]: [bclib] [ChunkGeneratorCompat] Rebuilt featuresPerStep for org.betterx.bclib.api.v2.generator.BCLChunkGenerator@6acb90d3 with 0 possible biomes: 
[31Jul2026 21:20:34.683] [main/INFO] [org.betterx.worlds.together.util.Logger/]: [bclib] Updating Pickers for BCLib - Nether BiomeSource (1409c162)
[31Jul2026 21:20:34.683] [main/INFO] [org.betterx.worlds.together.util.Logger/]: [bclib] Unable to build Biome List yet
[31Jul2026 21:20:34.683] [main/INFO] [org.betterx.worlds.together.util.Logger/]: [bclib] [BiomeSourceCompat] Combined possible biomes for BCLib - Nether BiomeSource (1409c162): owned=0, external=0, combined=0
[31Jul2026 21:20:34.684] [main/INFO] [org.betterx.worlds.together.util.Logger/]: [bclib] Make sure features are loaded from terrablender:org.betterx.bclib.api.v2.generator.BCLibNetherBiomeSource
[31Jul2026 21:20:34.684] [main/INFO] [org.betterx.worlds.together.util.Logger/]: [bclib] [ChunkGeneratorCompat] Rebuilt featuresPerStep for org.betterx.bclib.api.v2.generator.BCLChunkGenerator@66b70497 with 0 possible biomes: 
[31Jul2026 21:20:34.685] [main/INFO] [org.betterx.worlds.together.util.Logger/]: [bclib] Updating Pickers for BCLib - The End  BiomeSource (2bd6cd67)
[31Jul2026 21:20:34.685] [main/INFO] [org.betterx.worlds.together.util.Logger/]: [bclib] Unable to build Biome List yet
[31Jul2026 21:20:34.685] [main/INFO] [org.betterx.worlds.together.util.Logger/]: [bclib] [BiomeSourceCompat] Combined possible biomes for BCLib - The End  BiomeSource (2bd6cd67): owned=0, external=0, combined=0
[31Jul2026 21:20:34.685] [main/INFO] [org.betterx.worlds.together.util.Logger/]: [bclib] No Void Biomes found. Disabling by using barrens
[31Jul2026 21:20:34.685] [main/INFO] [org.betterx.worlds.together.util.Logger/]: [bclib] No Barrens Biomes found. Disabling by using land Biomes
[31Jul2026 21:20:34.685] [main/WARN] [org.betterx.worlds.together.util.Logger/]: [bclib] No Center Island Biomes found. Forcing use of vanilla center.
[31Jul2026 21:20:34.687] [main/INFO] [org.betterx.worlds.together.util.Logger/]: [bclib] Make sure features are loaded from terrablender:org.betterx.bclib.api.v2.generator.BCLibEndBiomeSource
[31Jul2026 21:20:34.687] [main/INFO] [org.betterx.worlds.together.util.Logger/]: [bclib] [ChunkGeneratorCompat] Rebuilt featuresPerStep for org.betterx.bclib.api.v2.generator.BCLChunkGenerator@71b20946 with 0 possible biomes: 
[31Jul2026 21:20:34.687] [main/INFO] [org.betterx.worlds.together.util.Logger/]: [bclib] Updating Pickers for BCLib - Nether BiomeSource (1bee7f6)
[31Jul2026 21:20:34.687] [main/INFO] [org.betterx.worlds.together.util.Logger/]: [bclib] Unable to build Biome List yet
[31Jul2026 21:20:34.687] [main/INFO] [org.betterx.worlds.together.util.Logger/]: [bclib] [BiomeSourceCompat] Combined possible biomes for BCLib - Nether BiomeSource (1bee7f6): owned=0, external=0, combined=0
[31Jul2026 21:20:34.688] [main/INFO] [org.betterx.worlds.together.util.Logger/]: [bclib] Make sure features are loaded from terrablender:org.betterx.bclib.api.v2.generator.BCLibNetherBiomeSource
[31Jul2026 21:20:34.688] [main/INFO] [org.betterx.worlds.together.util.Logger/]: [bclib] [ChunkGeneratorCompat] Rebuilt featuresPerStep for org.betterx.bclib.api.v2.generator.BCLChunkGenerator@7231deb5 with 0 possible biomes: 
[31Jul2026 21:20:34.688] [main/INFO] [org.betterx.worlds.together.util.Logger/]: [bclib] Updating Pickers for BCLib - The End  BiomeSource (71d428cf)
[31Jul2026 21:20:34.688] [main/INFO] [org.betterx.worlds.together.util.Logger/]: [bclib] Unable to build Biome List yet
[31Jul2026 21:20:34.689] [main/INFO] [org.betterx.worlds.together.util.Logger/]: [bclib] [BiomeSourceCompat] Combined possible biomes for BCLib - The End  BiomeSource (71d428cf): owned=0, external=0, combined=0
[31Jul2026 21:20:34.689] [main/INFO] [org.betterx.worlds.together.util.Logger/]: [bclib] No Void Biomes found. Disabling by using barrens
[31Jul2026 21:20:34.689] [main/INFO] [org.betterx.worlds.together.util.Logger/]: [bclib] No Barrens Biomes found. Disabling by using land Biomes
[31Jul2026 21:20:34.689] [main/WARN] [org.betterx.worlds.together.util.Logger/]: [bclib] No Center Island Biomes found. Forcing use of vanilla center.
[31Jul2026 21:20:34.690] [main/INFO] [org.betterx.worlds.together.util.Logger/]: [bclib] Make sure features are loaded from terrablender:org.betterx.bclib.api.v2.generator.BCLibEndBiomeSource
[31Jul2026 21:20:34.690] [main/INFO] [org.betterx.worlds.together.util.Logger/]: [bclib] [ChunkGeneratorCompat] Rebuilt featuresPerStep for org.betterx.bclib.api.v2.generator.BCLChunkGenerator@75af9697 with 0 possible biomes: 
[31Jul2026 21:20:34.690] [main/INFO] [org.betterx.worlds.together.util.Logger/]: [bclib] Updating Pickers for BCLib - Nether BiomeSource (7e4d1774)
[31Jul2026 21:20:34.690] [main/INFO] [org.betterx.worlds.together.util.Logger/]: [bclib] Unable to build Biome List yet
[31Jul2026 21:20:34.690] [main/INFO] [org.betterx.worlds.together.util.Logger/]: [bclib] [BiomeSourceCompat] Combined possible biomes for BCLib - Nether BiomeSource (7e4d1774): owned=0, external=0, combined=0
[31Jul2026 21:20:34.691] [main/INFO] [org.betterx.worlds.together.util.Logger/]: [bclib] Make sure features are loaded from terrablender:org.betterx.bclib.api.v2.generator.BCLibNetherBiomeSource
[31Jul2026 21:20:34.691] [main/INFO] [org.betterx.worlds.together.util.Logger/]: [bclib] [ChunkGeneratorCompat] Rebuilt featuresPerStep for org.betterx.bclib.api.v2.generator.BCLChunkGenerator@c9d0af5 with 0 possible biomes: 
[31Jul2026 21:20:35.381] [main/INFO] [org.betterx.worlds.together.util.Logger/]: [bclib] Updating Pickers for BCLib - Nether BiomeSource (25646bdd)
[31Jul2026 21:20:35.382] [main/INFO] [org.betterx.worlds.together.util.Logger/]: [bclib] Unable to build Biome List yet
[31Jul2026 21:20:35.382] [main/INFO] [org.betterx.worlds.together.util.Logger/]: [bclib] [BiomeSourceCompat] Combined possible biomes for BCLib - Nether BiomeSource (25646bdd): owned=0, external=0, combined=0
[31Jul2026 21:20:35.383] [main/INFO] [org.betterx.worlds.together.util.Logger/]: [bclib] Make sure features are loaded from terrablender:org.betterx.bclib.api.v2.generator.BCLibNetherBiomeSource
[31Jul2026 21:20:35.383] [main/INFO] [org.betterx.worlds.together.util.Logger/]: [bclib] [ChunkGeneratorCompat] Rebuilt featuresPerStep for org.betterx.bclib.api.v2.generator.BCLChunkGenerator@1274455c with 0 possible biomes: 
[31Jul2026 21:20:35.384] [main/INFO] [org.betterx.worlds.together.util.Logger/]: [bclib] Updating Pickers for BCLib - The End  BiomeSource (53cb7487)
[31Jul2026 21:20:35.384] [main/INFO] [org.betterx.worlds.together.util.Logger/]: [bclib] Unable to build Biome List yet
[31Jul2026 21:20:35.384] [main/INFO] [org.betterx.worlds.together.util.Logger/]: [bclib] [BiomeSourceCompat] Combined possible biomes for BCLib - The End  BiomeSource (53cb7487): owned=0, external=0, combined=0
[31Jul2026 21:20:35.384] [main/INFO] [org.betterx.worlds.together.util.Logger/]: [bclib] No Void Biomes found. Disabling by using barrens
[31Jul2026 21:20:35.384] [main/INFO] [org.betterx.worlds.together.util.Logger/]: [bclib] No Barrens Biomes found. Disabling by using land Biomes
[31Jul2026 21:20:35.384] [main/WARN] [org.betterx.worlds.together.util.Logger/]: [bclib] No Center Island Biomes found. Forcing use of vanilla center.
[31Jul2026 21:20:35.385] [main/INFO] [org.betterx.worlds.together.util.Logger/]: [bclib] Make sure features are loaded from terrablender:org.betterx.bclib.api.v2.generator.BCLibEndBiomeSource
[31Jul2026 21:20:35.385] [main/INFO] [org.betterx.worlds.together.util.Logger/]: [bclib] [ChunkGeneratorCompat] Rebuilt featuresPerStep for org.betterx.bclib.api.v2.generator.BCLChunkGenerator@6fd655d6 with 0 possible biomes: 
[31Jul2026 21:20:35.957] [main/INFO] [com.github.alexthe666.alexsmobs.AlexsMobs/]: Adding datapack listener capsid_recipes
[31Jul2026 21:20:36.027] [Worker-Main-1/ERROR] [net.minecraft.tags.TagLoader/]: [Load My Fucking Tags] Couldn't load certain entries with the tag unusualend:void_tracker_located: unusualend:gloopy_citadel (from unusualend-2.3.1d.jar)
[31Jul2026 21:20:36.028] [Worker-Main-1/ERROR] [net.minecraft.tags.TagLoader/]: [Load My Fucking Tags] Couldn't load certain entries with the tag minecraft:void_tracker_located: minecraft: (from unusualend-2.3.1d.jar)
[31Jul2026 21:20:36.179] [Worker-Main-2/ERROR] [net.minecraft.tags.TagLoader/]: [Load My Fucking Tags] Couldn't load certain entries with the tag unusual_furniture:card: create_furniture:blank_ticket (from unusual_furniture-1.1.1-forge-1.20.1.jar), create_furniture:blank_card (from unusual_furniture-1.1.1-forge-1.20.1.jar)
[31Jul2026 21:20:36.185] [Worker-Main-2/ERROR] [net.minecraft.tags.TagLoader/]: [Load My Fucking Tags] Couldn't load certain entries with the tag mutantmore:repairs_mutant_shulker_turret: minecraft:raw_cod (from mutantmore-1.20.1-early_access-2.0.0 (1).jar)
[31Jul2026 21:20:36.203] [Worker-Main-1/ERROR] [net.minecraft.tags.TagLoader/]: [Load My Fucking Tags] Couldn't load certain entries with the tag blueprint:generates_overrides: unusualend:prismalite_gem (from unusualend-2.3.1d.jar), unusualend:shiny_crystal (from unusualend-2.3.1d.jar), unusualend:citrine_chunk (from unusualend-2.3.1d.jar), unusualend:pearlescent_ingot (from unusualend-2.3.1d.jar)
[31Jul2026 21:20:36.239] [Worker-Main-3/ERROR] [net.minecraft.tags.TagLoader/]: [Load My Fucking Tags] Couldn't load certain entries with the tag create:non_movable: unusual_furniture:industrial_bench (from unusual_furniture-1.1.1-forge-1.20.1.jar)
[31Jul2026 21:20:36.240] [Worker-Main-3/ERROR] [net.minecraft.tags.TagLoader/]: [Load My Fucking Tags] Couldn't load certain entries with the tag create:seats: unusual_furniture:industrial_bench (from unusual_furniture-1.1.1-forge-1.20.1.jar)
[31Jul2026 21:20:36.261] [Worker-Main-3/ERROR] [net.minecraft.tags.TagLoader/]: [Load My Fucking Tags] Couldn't load certain entries with the tag forge:sit_tag: unusual_furniture:industrial_bench (from unusual_furniture-1.1.1-forge-1.20.1.jar)
[31Jul2026 21:20:36.437] [Worker-Main-1/ERROR] [net.minecraft.server.packs.resources.SimpleJsonResourceReloadListener/]: Couldn't parse data file fathomless:archbishop_treasure_map from fathomless:loot_tables/archbishop_treasure_map.json
com.google.gson.JsonParseException: com.google.gson.stream.MalformedJsonException: Unterminated array at line 20 column 14 path $.pools[0].entries[0].functions[1]
	at net.minecraft.util.GsonHelper.m_13780_(GsonHelper.java:526) ~[server-1.20.1-20230612.114412-srg.jar%23535!/:?]
	at net.minecraft.util.GsonHelper.m_263475_(GsonHelper.java:531) ~[server-1.20.1-20230612.114412-srg.jar%23535!/:?]
	at net.minecraft.util.GsonHelper.m_13776_(GsonHelper.java:581) ~[server-1.20.1-20230612.114412-srg.jar%23535!/:?]
	at net.minecraft.server.packs.resources.SimpleJsonResourceReloadListener.m_278771_(SimpleJsonResourceReloadListener.java:41) ~[server-1.20.1-20230612.114412-srg.jar%23535!/:?]
	at net.minecraft.world.level.storage.loot.LootDataManager.m_278660_(LootDataManager.java:54) ~[server-1.20.1-20230612.114412-srg.jar%23535!/:?]
	at java.util.concurrent.CompletableFuture$AsyncRun.run(CompletableFuture.java:1804) ~[?:?]
	at java.util.concurrent.CompletableFuture$AsyncRun.exec(CompletableFuture.java:1796) ~[?:?]
	at java.util.concurrent.ForkJoinTask.doExec(ForkJoinTask.java:373) ~[?:?]
	at java.util.concurrent.ForkJoinPool$WorkQueue.topLevelExec(ForkJoinPool.java:1182) ~[?:?]
	at java.util.concurrent.ForkJoinPool.scan(ForkJoinPool.java:1655) ~[?:?]
	at java.util.concurrent.ForkJoinPool.runWorker(ForkJoinPool.java:1622) ~[?:?]
	at java.util.concurrent.ForkJoinWorkerThread.run(ForkJoinWorkerThread.java:165) ~[?:?]
Caused by: com.google.gson.stream.MalformedJsonException: Unterminated array at line 20 column 14 path $.pools[0].entries[0].functions[1]
	at com.google.gson.stream.JsonReader.syntaxError(JsonReader.java:1657) ~[gson-2.10.jar%2372!/:?]
	at com.google.gson.stream.JsonReader.doPeek(JsonReader.java:485) ~[gson-2.10.jar%2372!/:?]
	at com.google.gson.stream.JsonReader.hasNext(JsonReader.java:422) ~[gson-2.10.jar%2372!/:?]
	at com.google.gson.internal.bind.TypeAdapters$28.read(TypeAdapters.java:779) ~[gson-2.10.jar%2372!/:?]
	at com.google.gson.internal.bind.TypeAdapters$28.read(TypeAdapters.java:725) ~[gson-2.10.jar%2372!/:?]
	at com.google.gson.internal.bind.TypeAdapters$34$1.read(TypeAdapters.java:1007) ~[gson-2.10.jar%2372!/:?]
	at net.minecraft.util.GsonHelper.m_13780_(GsonHelper.java:524) ~[server-1.20.1-20230612.114412-srg.jar%23535!/:?]
	... 11 more
[31Jul2026 21:20:37.752] [Worker-Main-1/ERROR] [net.minecraftforge.common.ForgeHooks/]: Couldn't parse element loot_tables:simplyswords:grant_book_on_first_join
com.google.gson.JsonSyntaxException: Expected name to be an item, was unknown string 'patchouli:guide_book'
	at net.minecraft.util.GsonHelper.m_13866_(GsonHelper.java:145) ~[server-1.20.1-20230612.114412-srg.jar%23535!/:?]
	at java.util.Optional.orElseThrow(Optional.java:403) ~[?:?]
	at net.minecraft.util.GsonHelper.m_13874_(GsonHelper.java:145) ~[server-1.20.1-20230612.114412-srg.jar%23535!/:?]
	at net.minecraft.util.GsonHelper.m_13909_(GsonHelper.java:153) ~[server-1.20.1-20230612.114412-srg.jar%23535!/:?]
	at net.minecraft.world.level.storage.loot.entries.LootItem$Serializer.m_7267_(LootItem.java:55) ~[server-1.20.1-20230612.114412-srg.jar%23535!/:?]
	at net.minecraft.world.level.storage.loot.entries.LootItem$Serializer.m_7267_(LootItem.java:40) ~[server-1.20.1-20230612.114412-srg.jar%23535!/:?]
	at net.minecraft.world.level.storage.loot.entries.LootPoolSingletonContainer$Serializer.m_5921_(LootPoolSingletonContainer.java:151) ~[server-1.20.1-20230612.114412-srg.jar%23535!/:?]
	at net.minecraft.world.level.storage.loot.entries.LootPoolSingletonContainer$Serializer.m_5921_(LootPoolSingletonContainer.java:129) ~[server-1.20.1-20230612.114412-srg.jar%23535!/:?]
	at net.minecraft.world.level.storage.loot.entries.LootPoolEntryContainer$Serializer.m_7561_(LootPoolEntryContainer.java:86) ~[server-1.20.1-20230612.114412-srg.jar%23535!/:?]
	at net.minecraft.world.level.storage.loot.entries.LootPoolEntryContainer$Serializer.m_7561_(LootPoolEntryContainer.java:74) ~[server-1.20.1-20230612.114412-srg.jar%23535!/:?]
	at net.minecraft.world.level.storage.loot.GsonAdapterFactory$JsonAdapter.deserialize(GsonAdapterFactory.java:102) ~[server-1.20.1-20230612.114412-srg.jar%23535!/:?]
	at com.google.gson.internal.bind.TreeTypeAdapter.read(TreeTypeAdapter.java:76) ~[gson-2.10.jar%2372!/:?]
	at com.google.gson.internal.bind.TypeAdapterRuntimeTypeWrapper.read(TypeAdapterRuntimeTypeWrapper.java:40) ~[gson-2.10.jar%2372!/:?]
	at com.google.gson.internal.bind.ArrayTypeAdapter.read(ArrayTypeAdapter.java:72) ~[gson-2.10.jar%2372!/:?]
	at com.google.gson.Gson.fromJson(Gson.java:1214) ~[gson-2.10.jar%2372!/:?]
	at com.google.gson.Gson.fromJson(Gson.java:1319) ~[gson-2.10.jar%2372!/:?]
	at com.google.gson.Gson.fromJson(Gson.java:1290) ~[gson-2.10.jar%2372!/:?]
	at com.google.gson.internal.bind.TreeTypeAdapter$GsonContextImpl.deserialize(TreeTypeAdapter.java:179) ~[gson-2.10.jar%2372!/:?]
	at net.minecraft.util.GsonHelper.m_13808_(GsonHelper.java:463) ~[server-1.20.1-20230612.114412-srg.jar%23535!/:?]
	at net.minecraft.util.GsonHelper.m_13836_(GsonHelper.java:471) ~[server-1.20.1-20230612.114412-srg.jar%23535!/:?]
	at net.minecraft.world.level.storage.loot.LootPool$Serializer.deserialize(LootPool.java:192) ~[server-1.20.1-20230612.114412-srg.jar%23535!/:?]
	at net.minecraft.world.level.storage.loot.LootPool$Serializer.deserialize(LootPool.java:189) ~[server-1.20.1-20230612.114412-srg.jar%23535!/:?]
	at com.google.gson.internal.bind.TreeTypeAdapter.read(TreeTypeAdapter.java:76) ~[gson-2.10.jar%2372!/:?]
	at com.google.gson.internal.bind.TypeAdapterRuntimeTypeWrapper.read(TypeAdapterRuntimeTypeWrapper.java:40) ~[gson-2.10.jar%2372!/:?]
	at com.google.gson.internal.bind.ArrayTypeAdapter.read(ArrayTypeAdapter.java:72) ~[gson-2.10.jar%2372!/:?]
	at com.google.gson.Gson.fromJson(Gson.java:1214) ~[gson-2.10.jar%2372!/:?]
	at com.google.gson.Gson.fromJson(Gson.java:1319) ~[gson-2.10.jar%2372!/:?]
	at com.google.gson.Gson.fromJson(Gson.java:1290) ~[gson-2.10.jar%2372!/:?]
	at com.google.gson.internal.bind.TreeTypeAdapter$GsonContextImpl.deserialize(TreeTypeAdapter.java:179) ~[gson-2.10.jar%2372!/:?]
	at net.minecraft.util.GsonHelper.m_13808_(GsonHelper.java:463) ~[server-1.20.1-20230612.114412-srg.jar%23535!/:?]
	at net.minecraft.util.GsonHelper.m_13845_(GsonHelper.java:481) ~[server-1.20.1-20230612.114412-srg.jar%23535!/:?]
	at net.minecraft.world.level.storage.loot.LootTable$Serializer.deserialize(LootTable.java:294) ~[server-1.20.1-20230612.114412-srg.jar%23535!/:?]
	at net.minecraft.world.level.storage.loot.LootTable$Serializer.deserialize(LootTable.java:291) ~[server-1.20.1-20230612.114412-srg.jar%23535!/:?]
	at com.google.gson.internal.bind.TreeTypeAdapter.read(TreeTypeAdapter.java:76) ~[gson-2.10.jar%2372!/:?]
	at com.google.gson.Gson.fromJson(Gson.java:1214) ~[gson-2.10.jar%2372!/:?]
	at com.google.gson.Gson.fromJson(Gson.java:1319) ~[gson-2.10.jar%2372!/:?]
	at com.google.gson.Gson.fromJson(Gson.java:1261) ~[gson-2.10.jar%2372!/:?]
	at net.minecraftforge.common.ForgeHooks.loadLootTable(ForgeHooks.java:872) ~[forge-1.20.1-47.4.20-universal.jar%23540!/:?]
	at net.minecraftforge.common.ForgeHooks.lambda$getLootTableDeserializer$3(ForgeHooks.java:849) ~[forge-1.20.1-47.4.20-universal.jar%23540!/:?]
	at net.minecraft.world.level.storage.loot.LootDataType.deserialize(LootDataType.java:45) ~[server-1.20.1-20230612.114412-srg.jar%23535!/:?]
	at net.minecraft.world.level.storage.loot.LootDataManager.lambda$scheduleElementParse$4(LootDataManager.java:56) ~[server-1.20.1-20230612.114412-srg.jar%23535!/:?]
	at java.util.HashMap.forEach(HashMap.java:1421) ~[?:?]
	at net.minecraft.world.level.storage.loot.LootDataManager.m_278660_(LootDataManager.java:55) ~[server-1.20.1-20230612.114412-srg.jar%23535!/:?]
	at java.util.concurrent.CompletableFuture$AsyncRun.run(CompletableFuture.java:1804) ~[?:?]
	at java.util.concurrent.CompletableFuture$AsyncRun.exec(CompletableFuture.java:1796) ~[?:?]
	at java.util.concurrent.ForkJoinTask.doExec(ForkJoinTask.java:373) ~[?:?]
	at java.util.concurrent.ForkJoinPool$WorkQueue.topLevelExec(ForkJoinPool.java:1182) ~[?:?]
	at java.util.concurrent.ForkJoinPool.scan(ForkJoinPool.java:1655) ~[?:?]
	at java.util.concurrent.ForkJoinPool.runWorker(ForkJoinPool.java:1622) ~[?:?]
	at java.util.concurrent.ForkJoinWorkerThread.run(ForkJoinWorkerThread.java:165) ~[?:?]
[31Jul2026 21:20:37.827] [Worker-Main-1/ERROR] [net.minecraftforge.common.ForgeHooks/]: Couldn't parse element loot_tables:mansions:mansion_common
com.google.gson.JsonSyntaxException: Missing name, expected to find a string
	at net.minecraft.util.GsonHelper.m_13906_(GsonHelper.java:127) ~[server-1.20.1-20230612.114412-srg.jar%23535!/:?]
	at net.minecraft.world.level.storage.loot.entries.LootTableReference$Serializer.m_7267_(LootTableReference.java:67) ~[server-1.20.1-20230612.114412-srg.jar%23535!/:?]
	at net.minecraft.world.level.storage.loot.entries.LootTableReference$Serializer.m_7267_(LootTableReference.java:58) ~[server-1.20.1-20230612.114412-srg.jar%23535!/:?]
	at net.minecraft.world.level.storage.loot.entries.LootPoolSingletonContainer$Serializer.m_5921_(LootPoolSingletonContainer.java:151) ~[server-1.20.1-20230612.114412-srg.jar%23535!/:?]
	at net.minecraft.world.level.storage.loot.entries.LootPoolSingletonContainer$Serializer.m_5921_(LootPoolSingletonContainer.java:129) ~[server-1.20.1-20230612.114412-srg.jar%23535!/:?]
	at net.minecraft.world.level.storage.loot.entries.LootPoolEntryContainer$Serializer.m_7561_(LootPoolEntryContainer.java:86) ~[server-1.20.1-20230612.114412-srg.jar%23535!/:?]
	at net.minecraft.world.level.storage.loot.entries.LootPoolEntryContainer$Serializer.m_7561_(LootPoolEntryContainer.java:74) ~[server-1.20.1-20230612.114412-srg.jar%23535!/:?]
	at net.minecraft.world.level.storage.loot.GsonAdapterFactory$JsonAdapter.deserialize(GsonAdapterFactory.java:102) ~[server-1.20.1-20230612.114412-srg.jar%23535!/:?]
	at com.google.gson.internal.bind.TreeTypeAdapter.read(TreeTypeAdapter.java:76) ~[gson-2.10.jar%2372!/:?]
	at com.google.gson.internal.bind.TypeAdapterRuntimeTypeWrapper.read(TypeAdapterRuntimeTypeWrapper.java:40) ~[gson-2.10.jar%2372!/:?]
	at com.google.gson.internal.bind.ArrayTypeAdapter.read(ArrayTypeAdapter.java:72) ~[gson-2.10.jar%2372!/:?]
	at com.google.gson.Gson.fromJson(Gson.java:1214) ~[gson-2.10.jar%2372!/:?]
	at com.google.gson.Gson.fromJson(Gson.java:1319) ~[gson-2.10.jar%2372!/:?]
	at com.google.gson.Gson.fromJson(Gson.java:1290) ~[gson-2.10.jar%2372!/:?]
	at com.google.gson.internal.bind.TreeTypeAdapter$GsonContextImpl.deserialize(TreeTypeAdapter.java:179) ~[gson-2.10.jar%2372!/:?]
	at net.minecraft.util.GsonHelper.m_13808_(GsonHelper.java:463) ~[server-1.20.1-20230612.114412-srg.jar%23535!/:?]
	at net.minecraft.util.GsonHelper.m_13836_(GsonHelper.java:471) ~[server-1.20.1-20230612.114412-srg.jar%23535!/:?]
	at net.minecraft.world.level.storage.loot.LootPool$Serializer.deserialize(LootPool.java:192) ~[server-1.20.1-20230612.114412-srg.jar%23535!/:?]
	at net.minecraft.world.level.storage.loot.LootPool$Serializer.deserialize(LootPool.java:189) ~[server-1.20.1-20230612.114412-srg.jar%23535!/:?]
	at com.google.gson.internal.bind.TreeTypeAdapter.read(TreeTypeAdapter.java:76) ~[gson-2.10.jar%2372!/:?]
	at com.google.gson.internal.bind.TypeAdapterRuntimeTypeWrapper.read(TypeAdapterRuntimeTypeWrapper.java:40) ~[gson-2.10.jar%2372!/:?]
	at com.google.gson.internal.bind.ArrayTypeAdapter.read(ArrayTypeAdapter.java:72) ~[gson-2.10.jar%2372!/:?]
	at com.google.gson.Gson.fromJson(Gson.java:1214) ~[gson-2.10.jar%2372!/:?]
	at com.google.gson.Gson.fromJson(Gson.java:1319) ~[gson-2.10.jar%2372!/:?]
	at com.google.gson.Gson.fromJson(Gson.java:1290) ~[gson-2.10.jar%2372!/:?]
	at com.google.gson.internal.bind.TreeTypeAdapter$GsonContextImpl.deserialize(TreeTypeAdapter.java:179) ~[gson-2.10.jar%2372!/:?]
	at net.minecraft.util.GsonHelper.m_13808_(GsonHelper.java:463) ~[server-1.20.1-20230612.114412-srg.jar%23535!/:?]
	at net.minecraft.util.GsonHelper.m_13845_(GsonHelper.java:481) ~[server-1.20.1-20230612.114412-srg.jar%23535!/:?]
	at net.minecraft.world.level.storage.loot.LootTable$Serializer.deserialize(LootTable.java:294) ~[server-1.20.1-20230612.114412-srg.jar%23535!/:?]
	at net.minecraft.world.level.storage.loot.LootTable$Serializer.deserialize(LootTable.java:291) ~[server-1.20.1-20230612.114412-srg.jar%23535!/:?]
	at com.google.gson.internal.bind.TreeTypeAdapter.read(TreeTypeAdapter.java:76) ~[gson-2.10.jar%2372!/:?]
	at com.google.gson.Gson.fromJson(Gson.java:1214) ~[gson-2.10.jar%2372!/:?]
	at com.google.gson.Gson.fromJson(Gson.java:1319) ~[gson-2.10.jar%2372!/:?]
	at com.google.gson.Gson.fromJson(Gson.java:1261) ~[gson-2.10.jar%2372!/:?]
	at net.minecraftforge.common.ForgeHooks.loadLootTable(ForgeHooks.java:872) ~[forge-1.20.1-47.4.20-universal.jar%23540!/:?]
	at net.minecraftforge.common.ForgeHooks.lambda$getLootTableDeserializer$3(ForgeHooks.java:849) ~[forge-1.20.1-47.4.20-universal.jar%23540!/:?]
	at net.minecraft.world.level.storage.loot.LootDataType.deserialize(LootDataType.java:45) ~[server-1.20.1-20230612.114412-srg.jar%23535!/:?]
	at net.minecraft.world.level.storage.loot.LootDataManager.lambda$scheduleElementParse$4(LootDataManager.java:56) ~[server-1.20.1-20230612.114412-srg.jar%23535!/:?]
	at java.util.HashMap.forEach(HashMap.java:1421) ~[?:?]
	at net.minecraft.world.level.storage.loot.LootDataManager.m_278660_(LootDataManager.java:55) ~[server-1.20.1-20230612.114412-srg.jar%23535!/:?]
	at java.util.concurrent.CompletableFuture$AsyncRun.run(CompletableFuture.java:1804) ~[?:?]
	at java.util.concurrent.CompletableFuture$AsyncRun.exec(CompletableFuture.java:1796) ~[?:?]
	at java.util.concurrent.ForkJoinTask.doExec(ForkJoinTask.java:373) ~[?:?]
	at java.util.concurrent.ForkJoinPool$WorkQueue.topLevelExec(ForkJoinPool.java:1182) ~[?:?]
	at java.util.concurrent.ForkJoinPool.scan(ForkJoinPool.java:1655) ~[?:?]
	at java.util.concurrent.ForkJoinPool.runWorker(ForkJoinPool.java:1622) ~[?:?]
	at java.util.concurrent.ForkJoinWorkerThread.run(ForkJoinWorkerThread.java:165) ~[?:?]
[31Jul2026 21:20:38.144] [Worker-Main-1/ERROR] [net.minecraftforge.common.ForgeHooks/]: Couldn't parse element loot_tables:thirst:blocks/sand_filter
com.google.gson.JsonSyntaxException: Expected name to be an item, was unknown string 'thirst:sand_filter'
	at net.minecraft.util.GsonHelper.m_13866_(GsonHelper.java:145) ~[server-1.20.1-20230612.114412-srg.jar%23535!/:?]
	at java.util.Optional.orElseThrow(Optional.java:403) ~[?:?]
	at net.minecraft.util.GsonHelper.m_13874_(GsonHelper.java:145) ~[server-1.20.1-20230612.114412-srg.jar%23535!/:?]
	at net.minecraft.util.GsonHelper.m_13909_(GsonHelper.java:153) ~[server-1.20.1-20230612.114412-srg.jar%23535!/:?]
	at net.minecraft.world.level.storage.loot.entries.LootItem$Serializer.m_7267_(LootItem.java:55) ~[server-1.20.1-20230612.114412-srg.jar%23535!/:?]
	at net.minecraft.world.level.storage.loot.entries.LootItem$Serializer.m_7267_(LootItem.java:40) ~[server-1.20.1-20230612.114412-srg.jar%23535!/:?]
	at net.minecraft.world.level.storage.loot.entries.LootPoolSingletonContainer$Serializer.m_5921_(LootPoolSingletonContainer.java:151) ~[server-1.20.1-20230612.114412-srg.jar%23535!/:?]
	at net.minecraft.world.level.storage.loot.entries.LootPoolSingletonContainer$Serializer.m_5921_(LootPoolSingletonContainer.java:129) ~[server-1.20.1-20230612.114412-srg.jar%23535!/:?]
	at net.minecraft.world.level.storage.loot.entries.LootPoolEntryContainer$Serializer.m_7561_(LootPoolEntryContainer.java:86) ~[server-1.20.1-20230612.114412-srg.jar%23535!/:?]
	at net.minecraft.world.level.storage.loot.entries.LootPoolEntryContainer$Serializer.m_7561_(LootPoolEntryContainer.java:74) ~[server-1.20.1-20230612.114412-srg.jar%23535!/:?]
	at net.minecraft.world.level.storage.loot.GsonAdapterFactory$JsonAdapter.deserialize(GsonAdapterFactory.java:102) ~[server-1.20.1-20230612.114412-srg.jar%23535!/:?]
	at com.google.gson.internal.bind.TreeTypeAdapter.read(TreeTypeAdapter.java:76) ~[gson-2.10.jar%2372!/:?]
	at com.google.gson.internal.bind.TypeAdapterRuntimeTypeWrapper.read(TypeAdapterRuntimeTypeWrapper.java:40) ~[gson-2.10.jar%2372!/:?]
	at com.google.gson.internal.bind.ArrayTypeAdapter.read(ArrayTypeAdapter.java:72) ~[gson-2.10.jar%2372!/:?]
	at com.google.gson.Gson.fromJson(Gson.java:1214) ~[gson-2.10.jar%2372!/:?]
	at com.google.gson.Gson.fromJson(Gson.java:1319) ~[gson-2.10.jar%2372!/:?]
	at com.google.gson.Gson.fromJson(Gson.java:1290) ~[gson-2.10.jar%2372!/:?]
	at com.google.gson.internal.bind.TreeTypeAdapter$GsonContextImpl.deserialize(TreeTypeAdapter.java:179) ~[gson-2.10.jar%2372!/:?]
	at net.minecraft.util.GsonHelper.m_13808_(GsonHelper.java:463) ~[server-1.20.1-20230612.114412-srg.jar%23535!/:?]
	at net.minecraft.util.GsonHelper.m_13836_(GsonHelper.java:471) ~[server-1.20.1-20230612.114412-srg.jar%23535!/:?]
	at net.minecraft.world.level.storage.loot.LootPool$Serializer.deserialize(LootPool.java:192) ~[server-1.20.1-20230612.114412-srg.jar%23535!/:?]
	at net.minecraft.world.level.storage.loot.LootPool$Serializer.deserialize(LootPool.java:189) ~[server-1.20.1-20230612.114412-srg.jar%23535!/:?]
	at com.google.gson.internal.bind.TreeTypeAdapter.read(TreeTypeAdapter.java:76) ~[gson-2.10.jar%2372!/:?]
	at com.google.gson.internal.bind.TypeAdapterRuntimeTypeWrapper.read(TypeAdapterRuntimeTypeWrapper.java:40) ~[gson-2.10.jar%2372!/:?]
	at com.google.gson.internal.bind.ArrayTypeAdapter.read(ArrayTypeAdapter.java:72) ~[gson-2.10.jar%2372!/:?]
	at com.google.gson.Gson.fromJson(Gson.java:1214) ~[gson-2.10.jar%2372!/:?]
	at com.google.gson.Gson.fromJson(Gson.java:1319) ~[gson-2.10.jar%2372!/:?]
	at com.google.gson.Gson.fromJson(Gson.java:1290) ~[gson-2.10.jar%2372!/:?]
	at com.google.gson.internal.bind.TreeTypeAdapter$GsonContextImpl.deserialize(TreeTypeAdapter.java:179) ~[gson-2.10.jar%2372!/:?]
	at net.minecraft.util.GsonHelper.m_13808_(GsonHelper.java:463) ~[server-1.20.1-20230612.114412-srg.jar%23535!/:?]
	at net.minecraft.util.GsonHelper.m_13845_(GsonHelper.java:481) ~[server-1.20.1-20230612.114412-srg.jar%23535!/:?]
	at net.minecraft.world.level.storage.loot.LootTable$Serializer.deserialize(LootTable.java:294) ~[server-1.20.1-20230612.114412-srg.jar%23535!/:?]
	at net.minecraft.world.level.storage.loot.LootTable$Serializer.deserialize(LootTable.java:291) ~[server-1.20.1-20230612.114412-srg.jar%23535!/:?]
	at com.google.gson.internal.bind.TreeTypeAdapter.read(TreeTypeAdapter.java:76) ~[gson-2.10.jar%2372!/:?]
	at com.google.gson.Gson.fromJson(Gson.java:1214) ~[gson-2.10.jar%2372!/:?]
	at com.google.gson.Gson.fromJson(Gson.java:1319) ~[gson-2.10.jar%2372!/:?]
	at com.google.gson.Gson.fromJson(Gson.java:1261) ~[gson-2.10.jar%2372!/:?]
	at net.minecraftforge.common.ForgeHooks.loadLootTable(ForgeHooks.java:872) ~[forge-1.20.1-47.4.20-universal.jar%23540!/:?]
	at net.minecraftforge.common.ForgeHooks.lambda$getLootTableDeserializer$3(ForgeHooks.java:849) ~[forge-1.20.1-47.4.20-universal.jar%23540!/:?]
	at net.minecraft.world.level.storage.loot.LootDataType.deserialize(LootDataType.java:45) ~[server-1.20.1-20230612.114412-srg.jar%23535!/:?]
	at net.minecraft.world.level.storage.loot.LootDataManager.lambda$scheduleElementParse$4(LootDataManager.java:56) ~[server-1.20.1-20230612.114412-srg.jar%23535!/:?]
	at java.util.HashMap.forEach(HashMap.java:1421) ~[?:?]
	at net.minecraft.world.level.storage.loot.LootDataManager.m_278660_(LootDataManager.java:55) ~[server-1.20.1-20230612.114412-srg.jar%23535!/:?]
	at java.util.concurrent.CompletableFuture$AsyncRun.run(CompletableFuture.java:1804) ~[?:?]
	at java.util.concurrent.CompletableFuture$AsyncRun.exec(CompletableFuture.java:1796) ~[?:?]
	at java.util.concurrent.ForkJoinTask.doExec(ForkJoinTask.java:373) ~[?:?]
	at java.util.concurrent.ForkJoinPool$WorkQueue.topLevelExec(ForkJoinPool.java:1182) ~[?:?]
	at java.util.concurrent.ForkJoinPool.scan(ForkJoinPool.java:1655) ~[?:?]
	at java.util.concurrent.ForkJoinPool.runWorker(ForkJoinPool.java:1622) ~[?:?]
	at java.util.concurrent.ForkJoinWorkerThread.run(ForkJoinWorkerThread.java:165) ~[?:?]
[31Jul2026 21:20:38.678] [Worker-Main-1/ERROR] [net.minecraftforge.common.ForgeHooks/]: Couldn't parse element loot_tables:armageddon_mod:blocks/helionite_brick_slab
java.lang.IllegalArgumentException: Can't find block armageddon_mod:helionite_brick_slab
	at net.minecraft.world.level.storage.loot.predicates.LootItemBlockStatePropertyCondition$Serializer.m_81802_(LootItemBlockStatePropertyCondition.java:79) ~[server-1.20.1-20230612.114412-srg.jar%23535!/:?]
	at java.util.Optional.orElseThrow(Optional.java:403) ~[?:?]
	at net.minecraft.world.level.storage.loot.predicates.LootItemBlockStatePropertyCondition$Serializer.m_7561_(LootItemBlockStatePropertyCondition.java:79) ~[server-1.20.1-20230612.114412-srg.jar%23535!/:?]
	at net.minecraft.world.level.storage.loot.predicates.LootItemBlockStatePropertyCondition$Serializer.m_7561_(LootItemBlockStatePropertyCondition.java:68) ~[server-1.20.1-20230612.114412-srg.jar%23535!/:?]
	at net.minecraft.world.level.storage.loot.GsonAdapterFactory$JsonAdapter.deserialize(GsonAdapterFactory.java:102) ~[server-1.20.1-20230612.114412-srg.jar%23535!/:?]
	at com.google.gson.internal.bind.TreeTypeAdapter.read(TreeTypeAdapter.java:76) ~[gson-2.10.jar%2372!/:?]
	at com.google.gson.internal.bind.TypeAdapterRuntimeTypeWrapper.read(TypeAdapterRuntimeTypeWrapper.java:40) ~[gson-2.10.jar%2372!/:?]
	at com.google.gson.internal.bind.ArrayTypeAdapter.read(ArrayTypeAdapter.java:72) ~[gson-2.10.jar%2372!/:?]
	at com.google.gson.Gson.fromJson(Gson.java:1214) ~[gson-2.10.jar%2372!/:?]
	at com.google.gson.Gson.fromJson(Gson.java:1319) ~[gson-2.10.jar%2372!/:?]
	at com.google.gson.Gson.fromJson(Gson.java:1290) ~[gson-2.10.jar%2372!/:?]
	at com.google.gson.internal.bind.TreeTypeAdapter$GsonContextImpl.deserialize(TreeTypeAdapter.java:179) ~[gson-2.10.jar%2372!/:?]
	at net.minecraft.util.GsonHelper.m_13808_(GsonHelper.java:463) ~[server-1.20.1-20230612.114412-srg.jar%23535!/:?]
	at net.minecraft.util.GsonHelper.m_13845_(GsonHelper.java:481) ~[server-1.20.1-20230612.114412-srg.jar%23535!/:?]
	at net.minecraft.world.level.storage.loot.functions.LootItemConditionalFunction$Serializer.m_7561_(LootItemConditionalFunction.java:98) ~[server-1.20.1-20230612.114412-srg.jar%23535!/:?]
	at net.minecraft.world.level.storage.loot.functions.LootItemConditionalFunction$Serializer.m_7561_(LootItemConditionalFunction.java:88) ~[server-1.20.1-20230612.114412-srg.jar%23535!/:?]
	at net.minecraft.world.level.storage.loot.GsonAdapterFactory$JsonAdapter.deserialize(GsonAdapterFactory.java:102) ~[server-1.20.1-20230612.114412-srg.jar%23535!/:?]
	at com.google.gson.internal.bind.TreeTypeAdapter.read(TreeTypeAdapter.java:76) ~[gson-2.10.jar%2372!/:?]
	at com.google.gson.internal.bind.TypeAdapterRuntimeTypeWrapper.read(TypeAdapterRuntimeTypeWrapper.java:40) ~[gson-2.10.jar%2372!/:?]
	at com.google.gson.internal.bind.ArrayTypeAdapter.read(ArrayTypeAdapter.java:72) ~[gson-2.10.jar%2372!/:?]
	at com.google.gson.Gson.fromJson(Gson.java:1214) ~[gson-2.10.jar%2372!/:?]
	at com.google.gson.Gson.fromJson(Gson.java:1319) ~[gson-2.10.jar%2372!/:?]
	at com.google.gson.Gson.fromJson(Gson.java:1290) ~[gson-2.10.jar%2372!/:?]
	at com.google.gson.internal.bind.TreeTypeAdapter$GsonContextImpl.deserialize(TreeTypeAdapter.java:179) ~[gson-2.10.jar%2372!/:?]
	at net.minecraft.util.GsonHelper.m_13808_(GsonHelper.java:463) ~[server-1.20.1-20230612.114412-srg.jar%23535!/:?]
	at net.minecraft.util.GsonHelper.m_13845_(GsonHelper.java:481) ~[server-1.20.1-20230612.114412-srg.jar%23535!/:?]
	at net.minecraft.world.level.storage.loot.entries.LootPoolSingletonContainer$Serializer.m_5921_(LootPoolSingletonContainer.java:149) ~[server-1.20.1-20230612.114412-srg.jar%23535!/:?]
	at net.minecraft.world.level.storage.loot.entries.LootPoolSingletonContainer$Serializer.m_5921_(LootPoolSingletonContainer.java:129) ~[server-1.20.1-20230612.114412-srg.jar%23535!/:?]
	at net.minecraft.world.level.storage.loot.entries.LootPoolEntryContainer$Serializer.m_7561_(LootPoolEntryContainer.java:86) ~[server-1.20.1-20230612.114412-srg.jar%23535!/:?]
	at net.minecraft.world.level.storage.loot.entries.LootPoolEntryContainer$Serializer.m_7561_(LootPoolEntryContainer.java:74) ~[server-1.20.1-20230612.114412-srg.jar%23535!/:?]
	at net.minecraft.world.level.storage.loot.GsonAdapterFactory$JsonAdapter.deserialize(GsonAdapterFactory.java:102) ~[server-1.20.1-20230612.114412-srg.jar%23535!/:?]
	at com.google.gson.internal.bind.TreeTypeAdapter.read(TreeTypeAdapter.java:76) ~[gson-2.10.jar%2372!/:?]
	at com.google.gson.internal.bind.TypeAdapterRuntimeTypeWrapper.read(TypeAdapterRuntimeTypeWrapper.java:40) ~[gson-2.10.jar%2372!/:?]
	at com.google.gson.internal.bind.ArrayTypeAdapter.read(ArrayTypeAdapter.java:72) ~[gson-2.10.jar%2372!/:?]
	at com.google.gson.Gson.fromJson(Gson.java:1214) ~[gson-2.10.jar%2372!/:?]
	at com.google.gson.Gson.fromJson(Gson.java:1319) ~[gson-2.10.jar%2372!/:?]
	at com.google.gson.Gson.fromJson(Gson.java:1290) ~[gson-2.10.jar%2372!/:?]
	at com.google.gson.internal.bind.TreeTypeAdapter$GsonContextImpl.deserialize(TreeTypeAdapter.java:179) ~[gson-2.10.jar%2372!/:?]
	at net.minecraft.util.GsonHelper.m_13808_(GsonHelper.java:463) ~[server-1.20.1-20230612.114412-srg.jar%23535!/:?]
	at net.minecraft.util.GsonHelper.m_13836_(GsonHelper.java:471) ~[server-1.20.1-20230612.114412-srg.jar%23535!/:?]
	at net.minecraft.world.level.storage.loot.LootPool$Serializer.deserialize(LootPool.java:192) ~[server-1.20.1-20230612.114412-srg.jar%23535!/:?]
	at net.minecraft.world.level.storage.loot.LootPool$Serializer.deserialize(LootPool.java:189) ~[server-1.20.1-20230612.114412-srg.jar%23535!/:?]
	at com.google.gson.internal.bind.TreeTypeAdapter.read(TreeTypeAdapter.java:76) ~[gson-2.10.jar%2372!/:?]
	at com.google.gson.internal.bind.TypeAdapterRuntimeTypeWrapper.read(TypeAdapterRuntimeTypeWrapper.java:40) ~[gson-2.10.jar%2372!/:?]
	at com.google.gson.internal.bind.ArrayTypeAdapter.read(ArrayTypeAdapter.java:72) ~[gson-2.10.jar%2372!/:?]
	at com.google.gson.Gson.fromJson(Gson.java:1214) ~[gson-2.10.jar%2372!/:?]
	at com.google.gson.Gson.fromJson(Gson.java:1319) ~[gson-2.10.jar%2372!/:?]
	at com.google.gson.Gson.fromJson(Gson.java:1290) ~[gson-2.10.jar%2372!/:?]
	at com.google.gson.internal.bind.TreeTypeAdapter$GsonContextImpl.deserialize(TreeTypeAdapter.java:179) ~[gson-2.10.jar%2372!/:?]
	at net.minecraft.util.GsonHelper.m_13808_(GsonHelper.java:463) ~[server-1.20.1-20230612.114412-srg.jar%23535!/:?]
	at net.minecraft.util.GsonHelper.m_13845_(GsonHelper.java:481) ~[server-1.20.1-20230612.114412-srg.jar%23535!/:?]
	at net.minecraft.world.level.storage.loot.LootTable$Serializer.deserialize(LootTable.java:294) ~[server-1.20.1-20230612.114412-srg.jar%23535!/:?]
	at net.minecraft.world.level.storage.loot.LootTable$Serializer.deserialize(LootTable.java:291) ~[server-1.20.1-20230612.114412-srg.jar%23535!/:?]
	at com.google.gson.internal.bind.TreeTypeAdapter.read(TreeTypeAdapter.java:76) ~[gson-2.10.jar%2372!/:?]
	at com.google.gson.Gson.fromJson(Gson.java:1214) ~[gson-2.10.jar%2372!/:?]
	at com.google.gson.Gson.fromJson(Gson.java:1319) ~[gson-2.10.jar%2372!/:?]
	at com.google.gson.Gson.fromJson(Gson.java:1261) ~[gson-2.10.jar%2372!/:?]
	at net.minecraftforge.common.ForgeHooks.loadLootTable(ForgeHooks.java:872) ~[forge-1.20.1-47.4.20-universal.jar%23540!/:?]
	at net.minecraftforge.common.ForgeHooks.lambda$getLootTableDeserializer$3(ForgeHooks.java:849) ~[forge-1.20.1-47.4.20-universal.jar%23540!/:?]
	at net.minecraft.world.level.storage.loot.LootDataType.deserialize(LootDataType.java:45) ~[server-1.20.1-20230612.114412-srg.jar%23535!/:?]
	at net.minecraft.world.level.storage.loot.LootDataManager.lambda$scheduleElementParse$4(LootDataManager.java:56) ~[server-1.20.1-20230612.114412-srg.jar%23535!/:?]
	at java.util.HashMap.forEach(HashMap.java:1421) ~[?:?]
	at net.minecraft.world.level.storage.loot.LootDataManager.m_278660_(LootDataManager.java:55) ~[server-1.20.1-20230612.114412-srg.jar%23535!/:?]
	at java.util.concurrent.CompletableFuture$AsyncRun.run(CompletableFuture.java:1804) ~[?:?]
	at java.util.concurrent.CompletableFuture$AsyncRun.exec(CompletableFuture.java:1796) ~[?:?]
	at java.util.concurrent.ForkJoinTask.doExec(ForkJoinTask.java:373) ~[?:?]
	at java.util.concurrent.ForkJoinPool$WorkQueue.topLevelExec(ForkJoinPool.java:1182) ~[?:?]
	at java.util.concurrent.ForkJoinPool.scan(ForkJoinPool.java:1655) ~[?:?]
	at java.util.concurrent.ForkJoinPool.runWorker(ForkJoinPool.java:1622) ~[?:?]
	at java.util.concurrent.ForkJoinWorkerThread.run(ForkJoinWorkerThread.java:165) ~[?:?]
[31Jul2026 21:20:38.823] [Worker-Main-1/ERROR] [net.minecraftforge.common.ForgeHooks/]: Couldn't parse element loot_tables:armageddon_mod:blocks/mossy_helionite_brick_slab
java.lang.IllegalArgumentException: Can't find block armageddon_mod:mossy_helionite_brick_slab
	at net.minecraft.world.level.storage.loot.predicates.LootItemBlockStatePropertyCondition$Serializer.m_81802_(LootItemBlockStatePropertyCondition.java:79) ~[server-1.20.1-20230612.114412-srg.jar%23535!/:?]
	at java.util.Optional.orElseThrow(Optional.java:403) ~[?:?]
	at net.minecraft.world.level.storage.loot.predicates.LootItemBlockStatePropertyCondition$Serializer.m_7561_(LootItemBlockStatePropertyCondition.java:79) ~[server-1.20.1-20230612.114412-srg.jar%23535!/:?]
	at net.minecraft.world.level.storage.loot.predicates.LootItemBlockStatePropertyCondition$Serializer.m_7561_(LootItemBlockStatePropertyCondition.java:68) ~[server-1.20.1-20230612.114412-srg.jar%23535!/:?]
	at net.minecraft.world.level.storage.loot.GsonAdapterFactory$JsonAdapter.deserialize(GsonAdapterFactory.java:102) ~[server-1.20.1-20230612.114412-srg.jar%23535!/:?]
	at com.google.gson.internal.bind.TreeTypeAdapter.read(TreeTypeAdapter.java:76) ~[gson-2.10.jar%2372!/:?]
	at com.google.gson.internal.bind.TypeAdapterRuntimeTypeWrapper.read(TypeAdapterRuntimeTypeWrapper.java:40) ~[gson-2.10.jar%2372!/:?]
	at com.google.gson.internal.bind.ArrayTypeAdapter.read(ArrayTypeAdapter.java:72) ~[gson-2.10.jar%2372!/:?]
	at com.google.gson.Gson.fromJson(Gson.java:1214) ~[gson-2.10.jar%2372!/:?]
	at com.google.gson.Gson.fromJson(Gson.java:1319) ~[gson-2.10.jar%2372!/:?]
	at com.google.gson.Gson.fromJson(Gson.java:1290) ~[gson-2.10.jar%2372!/:?]
	at com.google.gson.internal.bind.TreeTypeAdapter$GsonContextImpl.deserialize(TreeTypeAdapter.java:179) ~[gson-2.10.jar%2372!/:?]
	at net.minecraft.util.GsonHelper.m_13808_(GsonHelper.java:463) ~[server-1.20.1-20230612.114412-srg.jar%23535!/:?]
	at net.minecraft.util.GsonHelper.m_13845_(GsonHelper.java:481) ~[server-1.20.1-20230612.114412-srg.jar%23535!/:?]
	at net.minecraft.world.level.storage.loot.functions.LootItemConditionalFunction$Serializer.m_7561_(LootItemConditionalFunction.java:98) ~[server-1.20.1-20230612.114412-srg.jar%23535!/:?]
	at net.minecraft.world.level.storage.loot.functions.LootItemConditionalFunction$Serializer.m_7561_(LootItemConditionalFunction.java:88) ~[server-1.20.1-20230612.114412-srg.jar%23535!/:?]
	at net.minecraft.world.level.storage.loot.GsonAdapterFactory$JsonAdapter.deserialize(GsonAdapterFactory.java:102) ~[server-1.20.1-20230612.114412-srg.jar%23535!/:?]
	at com.google.gson.internal.bind.TreeTypeAdapter.read(TreeTypeAdapter.java:76) ~[gson-2.10.jar%2372!/:?]
	at com.google.gson.internal.bind.TypeAdapterRuntimeTypeWrapper.read(TypeAdapterRuntimeTypeWrapper.java:40) ~[gson-2.10.jar%2372!/:?]
	at com.google.gson.internal.bind.ArrayTypeAdapter.read(ArrayTypeAdapter.java:72) ~[gson-2.10.jar%2372!/:?]
	at com.google.gson.Gson.fromJson(Gson.java:1214) ~[gson-2.10.jar%2372!/:?]
	at com.google.gson.Gson.fromJson(Gson.java:1319) ~[gson-2.10.jar%2372!/:?]
	at com.google.gson.Gson.fromJson(Gson.java:1290) ~[gson-2.10.jar%2372!/:?]
	at com.google.gson.internal.bind.TreeTypeAdapter$GsonContextImpl.deserialize(TreeTypeAdapter.java:179) ~[gson-2.10.jar%2372!/:?]
	at net.minecraft.util.GsonHelper.m_13808_(GsonHelper.java:463) ~[server-1.20.1-20230612.114412-srg.jar%23535!/:?]
	at net.minecraft.util.GsonHelper.m_13845_(GsonHelper.java:481) ~[server-1.20.1-20230612.114412-srg.jar%23535!/:?]
	at net.minecraft.world.level.storage.loot.entries.LootPoolSingletonContainer$Serializer.m_5921_(LootPoolSingletonContainer.java:149) ~[server-1.20.1-20230612.114412-srg.jar%23535!/:?]
	at net.minecraft.world.level.storage.loot.entries.LootPoolSingletonContainer$Serializer.m_5921_(LootPoolSingletonContainer.java:129) ~[server-1.20.1-20230612.114412-srg.jar%23535!/:?]
	at net.minecraft.world.level.storage.loot.entries.LootPoolEntryContainer$Serializer.m_7561_(LootPoolEntryContainer.java:86) ~[server-1.20.1-20230612.114412-srg.jar%23535!/:?]
	at net.minecraft.world.level.storage.loot.entries.LootPoolEntryContainer$Serializer.m_7561_(LootPoolEntryContainer.java:74) ~[server-1.20.1-20230612.114412-srg.jar%23535!/:?]
	at net.minecraft.world.level.storage.loot.GsonAdapterFactory$JsonAdapter.deserialize(GsonAdapterFactory.java:102) ~[server-1.20.1-20230612.114412-srg.jar%23535!/:?]
	at com.google.gson.internal.bind.TreeTypeAdapter.read(TreeTypeAdapter.java:76) ~[gson-2.10.jar%2372!/:?]
	at com.google.gson.internal.bind.TypeAdapterRuntimeTypeWrapper.read(TypeAdapterRuntimeTypeWrapper.java:40) ~[gson-2.10.jar%2372!/:?]
	at com.google.gson.internal.bind.ArrayTypeAdapter.read(ArrayTypeAdapter.java:72) ~[gson-2.10.jar%2372!/:?]
	at com.google.gson.Gson.fromJson(Gson.java:1214) ~[gson-2.10.jar%2372!/:?]
	at com.google.gson.Gson.fromJson(Gson.java:1319) ~[gson-2.10.jar%2372!/:?]
	at com.google.gson.Gson.fromJson(Gson.java:1290) ~[gson-2.10.jar%2372!/:?]
	at com.google.gson.internal.bind.TreeTypeAdapter$GsonContextImpl.deserialize(TreeTypeAdapter.java:179) ~[gson-2.10.jar%2372!/:?]
	at net.minecraft.util.GsonHelper.m_13808_(GsonHelper.java:463) ~[server-1.20.1-20230612.114412-srg.jar%23535!/:?]
	at net.minecraft.util.GsonHelper.m_13836_(GsonHelper.java:471) ~[server-1.20.1-20230612.114412-srg.jar%23535!/:?]
	at net.minecraft.world.level.storage.loot.LootPool$Serializer.deserialize(LootPool.java:192) ~[server-1.20.1-20230612.114412-srg.jar%23535!/:?]
	at net.minecraft.world.level.storage.loot.LootPool$Serializer.deserialize(LootPool.java:189) ~[server-1.20.1-20230612.114412-srg.jar%23535!/:?]
	at com.google.gson.internal.bind.TreeTypeAdapter.read(TreeTypeAdapter.java:76) ~[gson-2.10.jar%2372!/:?]
	at com.google.gson.internal.bind.TypeAdapterRuntimeTypeWrapper.read(TypeAdapterRuntimeTypeWrapper.java:40) ~[gson-2.10.jar%2372!/:?]
	at com.google.gson.internal.bind.ArrayTypeAdapter.read(ArrayTypeAdapter.java:72) ~[gson-2.10.jar%2372!/:?]
	at com.google.gson.Gson.fromJson(Gson.java:1214) ~[gson-2.10.jar%2372!/:?]
	at com.google.gson.Gson.fromJson(Gson.java:1319) ~[gson-2.10.jar%2372!/:?]
	at com.google.gson.Gson.fromJson(Gson.java:1290) ~[gson-2.10.jar%2372!/:?]
	at com.google.gson.internal.bind.TreeTypeAdapter$GsonContextImpl.deserialize(TreeTypeAdapter.java:179) ~[gson-2.10.jar%2372!/:?]
	at net.minecraft.util.GsonHelper.m_13808_(GsonHelper.java:463) ~[server-1.20.1-20230612.114412-srg.jar%23535!/:?]
	at net.minecraft.util.GsonHelper.m_13845_(GsonHelper.java:481) ~[server-1.20.1-20230612.114412-srg.jar%23535!/:?]
	at net.minecraft.world.level.storage.loot.LootTable$Serializer.deserialize(LootTable.java:294) ~[server-1.20.1-20230612.114412-srg.jar%23535!/:?]
	at net.minecraft.world.level.storage.loot.LootTable$Serializer.deserialize(LootTable.java:291) ~[server-1.20.1-20230612.114412-srg.jar%23535!/:?]
	at com.google.gson.internal.bind.TreeTypeAdapter.read(TreeTypeAdapter.java:76) ~[gson-2.10.jar%2372!/:?]
	at com.google.gson.Gson.fromJson(Gson.java:1214) ~[gson-2.10.jar%2372!/:?]
	at com.google.gson.Gson.fromJson(Gson.java:1319) ~[gson-2.10.jar%2372!/:?]
	at com.google.gson.Gson.fromJson(Gson.java:1261) ~[gson-2.10.jar%2372!/:?]
	at net.minecraftforge.common.ForgeHooks.loadLootTable(ForgeHooks.java:872) ~[forge-1.20.1-47.4.20-universal.jar%23540!/:?]
	at net.minecraftforge.common.ForgeHooks.lambda$getLootTableDeserializer$3(ForgeHooks.java:849) ~[forge-1.20.1-47.4.20-universal.jar%23540!/:?]
	at net.minecraft.world.level.storage.loot.LootDataType.deserialize(LootDataType.java:45) ~[server-1.20.1-20230612.114412-srg.jar%23535!/:?]
	at net.minecraft.world.level.storage.loot.LootDataManager.lambda$scheduleElementParse$4(LootDataManager.java:56) ~[server-1.20.1-20230612.114412-srg.jar%23535!/:?]
	at java.util.HashMap.forEach(HashMap.java:1421) ~[?:?]
	at net.minecraft.world.level.storage.loot.LootDataManager.m_278660_(LootDataManager.java:55) ~[server-1.20.1-20230612.114412-srg.jar%23535!/:?]
	at java.util.concurrent.CompletableFuture$AsyncRun.run(CompletableFuture.java:1804) ~[?:?]
	at java.util.concurrent.CompletableFuture$AsyncRun.exec(CompletableFuture.java:1796) ~[?:?]
	at java.util.concurrent.ForkJoinTask.doExec(ForkJoinTask.java:373) ~[?:?]
	at java.util.concurrent.ForkJoinPool$WorkQueue.topLevelExec(ForkJoinPool.java:1182) ~[?:?]
	at java.util.concurrent.ForkJoinPool.scan(ForkJoinPool.java:1655) ~[?:?]
	at java.util.concurrent.ForkJoinPool.runWorker(ForkJoinPool.java:1622) ~[?:?]
	at java.util.concurrent.ForkJoinWorkerThread.run(ForkJoinWorkerThread.java:165) ~[?:?]
[31Jul2026 21:20:38.969] [Worker-Main-1/ERROR] [net.minecraftforge.common.ForgeHooks/]: Couldn't parse element loot_tables:thirst:chests/shipwreck_supply_bc
com.google.gson.JsonSyntaxException: Expected name to be an item, was unknown string 'brewinandchewin:mead'
	at net.minecraft.util.GsonHelper.m_13866_(GsonHelper.java:145) ~[server-1.20.1-20230612.114412-srg.jar%23535!/:?]
	at java.util.Optional.orElseThrow(Optional.java:403) ~[?:?]
	at net.minecraft.util.GsonHelper.m_13874_(GsonHelper.java:145) ~[server-1.20.1-20230612.114412-srg.jar%23535!/:?]
	at net.minecraft.util.GsonHelper.m_13909_(GsonHelper.java:153) ~[server-1.20.1-20230612.114412-srg.jar%23535!/:?]
	at net.minecraft.world.level.storage.loot.entries.LootItem$Serializer.m_7267_(LootItem.java:55) ~[server-1.20.1-20230612.114412-srg.jar%23535!/:?]
	at net.minecraft.world.level.storage.loot.entries.LootItem$Serializer.m_7267_(LootItem.java:40) ~[server-1.20.1-20230612.114412-srg.jar%23535!/:?]
	at net.minecraft.world.level.storage.loot.entries.LootPoolSingletonContainer$Serializer.m_5921_(LootPoolSingletonContainer.java:151) ~[server-1.20.1-20230612.114412-srg.jar%23535!/:?]
	at net.minecraft.world.level.storage.loot.entries.LootPoolSingletonContainer$Serializer.m_5921_(LootPoolSingletonContainer.java:129) ~[server-1.20.1-20230612.114412-srg.jar%23535!/:?]
	at net.minecraft.world.level.storage.loot.entries.LootPoolEntryContainer$Serializer.m_7561_(LootPoolEntryContainer.java:86) ~[server-1.20.1-20230612.114412-srg.jar%23535!/:?]
	at net.minecraft.world.level.storage.loot.entries.LootPoolEntryContainer$Serializer.m_7561_(LootPoolEntryContainer.java:74) ~[server-1.20.1-20230612.114412-srg.jar%23535!/:?]
	at net.minecraft.world.level.storage.loot.GsonAdapterFactory$JsonAdapter.deserialize(GsonAdapterFactory.java:102) ~[server-1.20.1-20230612.114412-srg.jar%23535!/:?]
	at com.google.gson.internal.bind.TreeTypeAdapter.read(TreeTypeAdapter.java:76) ~[gson-2.10.jar%2372!/:?]
	at com.google.gson.internal.bind.TypeAdapterRuntimeTypeWrapper.read(TypeAdapterRuntimeTypeWrapper.java:40) ~[gson-2.10.jar%2372!/:?]
	at com.google.gson.internal.bind.ArrayTypeAdapter.read(ArrayTypeAdapter.java:72) ~[gson-2.10.jar%2372!/:?]
	at com.google.gson.Gson.fromJson(Gson.java:1214) ~[gson-2.10.jar%2372!/:?]
	at com.google.gson.Gson.fromJson(Gson.java:1319) ~[gson-2.10.jar%2372!/:?]
	at com.google.gson.Gson.fromJson(Gson.java:1290) ~[gson-2.10.jar%2372!/:?]
	at com.google.gson.internal.bind.TreeTypeAdapter$GsonContextImpl.deserialize(TreeTypeAdapter.java:179) ~[gson-2.10.jar%2372!/:?]
	at net.minecraft.util.GsonHelper.m_13808_(GsonHelper.java:463) ~[server-1.20.1-20230612.114412-srg.jar%23535!/:?]
	at net.minecraft.util.GsonHelper.m_13836_(GsonHelper.java:471) ~[server-1.20.1-20230612.114412-srg.jar%23535!/:?]
	at net.minecraft.world.level.storage.loot.LootPool$Serializer.deserialize(LootPool.java:192) ~[server-1.20.1-20230612.114412-srg.jar%23535!/:?]
	at net.minecraft.world.level.storage.loot.LootPool$Serializer.deserialize(LootPool.java:189) ~[server-1.20.1-20230612.114412-srg.jar%23535!/:?]
	at com.google.gson.internal.bind.TreeTypeAdapter.read(TreeTypeAdapter.java:76) ~[gson-2.10.jar%2372!/:?]
	at com.google.gson.internal.bind.TypeAdapterRuntimeTypeWrapper.read(TypeAdapterRuntimeTypeWrapper.java:40) ~[gson-2.10.jar%2372!/:?]
	at com.google.gson.internal.bind.ArrayTypeAdapter.read(ArrayTypeAdapter.java:72) ~[gson-2.10.jar%2372!/:?]
	at com.google.gson.Gson.fromJson(Gson.java:1214) ~[gson-2.10.jar%2372!/:?]
	at com.google.gson.Gson.fromJson(Gson.java:1319) ~[gson-2.10.jar%2372!/:?]
	at com.google.gson.Gson.fromJson(Gson.java:1290) ~[gson-2.10.jar%2372!/:?]
	at com.google.gson.internal.bind.TreeTypeAdapter$GsonContextImpl.deserialize(TreeTypeAdapter.java:179) ~[gson-2.10.jar%2372!/:?]
	at net.minecraft.util.GsonHelper.m_13808_(GsonHelper.java:463) ~[server-1.20.1-20230612.114412-srg.jar%23535!/:?]
	at net.minecraft.util.GsonHelper.m_13845_(GsonHelper.java:481) ~[server-1.20.1-20230612.114412-srg.jar%23535!/:?]
	at net.minecraft.world.level.storage.loot.LootTable$Serializer.deserialize(LootTable.java:294) ~[server-1.20.1-20230612.114412-srg.jar%23535!/:?]
	at net.minecraft.world.level.storage.loot.LootTable$Serializer.deserialize(LootTable.java:291) ~[server-1.20.1-20230612.114412-srg.jar%23535!/:?]
	at com.google.gson.internal.bind.TreeTypeAdapter.read(TreeTypeAdapter.java:76) ~[gson-2.10.jar%2372!/:?]
	at com.google.gson.Gson.fromJson(Gson.java:1214) ~[gson-2.10.jar%2372!/:?]
	at com.google.gson.Gson.fromJson(Gson.java:1319) ~[gson-2.10.jar%2372!/:?]
	at com.google.gson.Gson.fromJson(Gson.java:1261) ~[gson-2.10.jar%2372!/:?]
	at net.minecraftforge.common.ForgeHooks.loadLootTable(ForgeHooks.java:872) ~[forge-1.20.1-47.4.20-universal.jar%23540!/:?]
	at net.minecraftforge.common.ForgeHooks.lambda$getLootTableDeserializer$3(ForgeHooks.java:849) ~[forge-1.20.1-47.4.20-universal.jar%23540!/:?]
	at net.minecraft.world.level.storage.loot.LootDataType.deserialize(LootDataType.java:45) ~[server-1.20.1-20230612.114412-srg.jar%23535!/:?]
	at net.minecraft.world.level.storage.loot.LootDataManager.lambda$scheduleElementParse$4(LootDataManager.java:56) ~[server-1.20.1-20230612.114412-srg.jar%23535!/:?]
	at java.util.HashMap.forEach(HashMap.java:1421) ~[?:?]
	at net.minecraft.world.level.storage.loot.LootDataManager.m_278660_(LootDataManager.java:55) ~[server-1.20.1-20230612.114412-srg.jar%23535!/:?]
	at java.util.concurrent.CompletableFuture$AsyncRun.run(CompletableFuture.java:1804) ~[?:?]
	at java.util.concurrent.CompletableFuture$AsyncRun.exec(CompletableFuture.java:1796) ~[?:?]
	at java.util.concurrent.ForkJoinTask.doExec(ForkJoinTask.java:373) ~[?:?]
	at java.util.concurrent.ForkJoinPool$WorkQueue.topLevelExec(ForkJoinPool.java:1182) ~[?:?]
	at java.util.concurrent.ForkJoinPool.scan(ForkJoinPool.java:1655) ~[?:?]
	at java.util.concurrent.ForkJoinPool.runWorker(ForkJoinPool.java:1622) ~[?:?]
	at java.util.concurrent.ForkJoinWorkerThread.run(ForkJoinWorkerThread.java:165) ~[?:?]
[31Jul2026 21:20:39.014] [Worker-Main-1/ERROR] [net.minecraftforge.common.ForgeHooks/]: Couldn't parse element loot_tables:thirst:chests/shipwreck_supply_fr
com.google.gson.JsonSyntaxException: Expected name to be an item, was unknown string 'farmersrespite:black_tea'
	at net.minecraft.util.GsonHelper.m_13866_(GsonHelper.java:145) ~[server-1.20.1-20230612.114412-srg.jar%23535!/:?]
	at java.util.Optional.orElseThrow(Optional.java:403) ~[?:?]
	at net.minecraft.util.GsonHelper.m_13874_(GsonHelper.java:145) ~[server-1.20.1-20230612.114412-srg.jar%23535!/:?]
	at net.minecraft.util.GsonHelper.m_13909_(GsonHelper.java:153) ~[server-1.20.1-20230612.114412-srg.jar%23535!/:?]
	at net.minecraft.world.level.storage.loot.entries.LootItem$Serializer.m_7267_(LootItem.java:55) ~[server-1.20.1-20230612.114412-srg.jar%23535!/:?]
	at net.minecraft.world.level.storage.loot.entries.LootItem$Serializer.m_7267_(LootItem.java:40) ~[server-1.20.1-20230612.114412-srg.jar%23535!/:?]
	at net.minecraft.world.level.storage.loot.entries.LootPoolSingletonContainer$Serializer.m_5921_(LootPoolSingletonContainer.java:151) ~[server-1.20.1-20230612.114412-srg.jar%23535!/:?]
	at net.minecraft.world.level.storage.loot.entries.LootPoolSingletonContainer$Serializer.m_5921_(LootPoolSingletonContainer.java:129) ~[server-1.20.1-20230612.114412-srg.jar%23535!/:?]
	at net.minecraft.world.level.storage.loot.entries.LootPoolEntryContainer$Serializer.m_7561_(LootPoolEntryContainer.java:86) ~[server-1.20.1-20230612.114412-srg.jar%23535!/:?]
	at net.minecraft.world.level.storage.loot.entries.LootPoolEntryContainer$Serializer.m_7561_(LootPoolEntryContainer.java:74) ~[server-1.20.1-20230612.114412-srg.jar%23535!/:?]
	at net.minecraft.world.level.storage.loot.GsonAdapterFactory$JsonAdapter.deserialize(GsonAdapterFactory.java:102) ~[server-1.20.1-20230612.114412-srg.jar%23535!/:?]
	at com.google.gson.internal.bind.TreeTypeAdapter.read(TreeTypeAdapter.java:76) ~[gson-2.10.jar%2372!/:?]
	at com.google.gson.internal.bind.TypeAdapterRuntimeTypeWrapper.read(TypeAdapterRuntimeTypeWrapper.java:40) ~[gson-2.10.jar%2372!/:?]
	at com.google.gson.internal.bind.ArrayTypeAdapter.read(ArrayTypeAdapter.java:72) ~[gson-2.10.jar%2372!/:?]
	at com.google.gson.Gson.fromJson(Gson.java:1214) ~[gson-2.10.jar%2372!/:?]
	at com.google.gson.Gson.fromJson(Gson.java:1319) ~[gson-2.10.jar%2372!/:?]
	at com.google.gson.Gson.fromJson(Gson.java:1290) ~[gson-2.10.jar%2372!/:?]
	at com.google.gson.internal.bind.TreeTypeAdapter$GsonContextImpl.deserialize(TreeTypeAdapter.java:179) ~[gson-2.10.jar%2372!/:?]
	at net.minecraft.util.GsonHelper.m_13808_(GsonHelper.java:463) ~[server-1.20.1-20230612.114412-srg.jar%23535!/:?]
	at net.minecraft.util.GsonHelper.m_13836_(GsonHelper.java:471) ~[server-1.20.1-20230612.114412-srg.jar%23535!/:?]
	at net.minecraft.world.level.storage.loot.LootPool$Serializer.deserialize(LootPool.java:192) ~[server-1.20.1-20230612.114412-srg.jar%23535!/:?]
	at net.minecraft.world.level.storage.loot.LootPool$Serializer.deserialize(LootPool.java:189) ~[server-1.20.1-20230612.114412-srg.jar%23535!/:?]
	at com.google.gson.internal.bind.TreeTypeAdapter.read(TreeTypeAdapter.java:76) ~[gson-2.10.jar%2372!/:?]
	at com.google.gson.internal.bind.TypeAdapterRuntimeTypeWrapper.read(TypeAdapterRuntimeTypeWrapper.java:40) ~[gson-2.10.jar%2372!/:?]
	at com.google.gson.internal.bind.ArrayTypeAdapter.read(ArrayTypeAdapter.java:72) ~[gson-2.10.jar%2372!/:?]
	at com.google.gson.Gson.fromJson(Gson.java:1214) ~[gson-2.10.jar%2372!/:?]
	at com.google.gson.Gson.fromJson(Gson.java:1319) ~[gson-2.10.jar%2372!/:?]
	at com.google.gson.Gson.fromJson(Gson.java:1290) ~[gson-2.10.jar%2372!/:?]
	at com.google.gson.internal.bind.TreeTypeAdapter$GsonContextImpl.deserialize(TreeTypeAdapter.java:179) ~[gson-2.10.jar%2372!/:?]
	at net.minecraft.util.GsonHelper.m_13808_(GsonHelper.java:463) ~[server-1.20.1-20230612.114412-srg.jar%23535!/:?]
	at net.minecraft.util.GsonHelper.m_13845_(GsonHelper.java:481) ~[server-1.20.1-20230612.114412-srg.jar%23535!/:?]
	at net.minecraft.world.level.storage.loot.LootTable$Serializer.deserialize(LootTable.java:294) ~[server-1.20.1-20230612.114412-srg.jar%23535!/:?]
	at net.minecraft.world.level.storage.loot.LootTable$Serializer.deserialize(LootTable.java:291) ~[server-1.20.1-20230612.114412-srg.jar%23535!/:?]
	at com.google.gson.internal.bind.TreeTypeAdapter.read(TreeTypeAdapter.java:76) ~[gson-2.10.jar%2372!/:?]
	at com.google.gson.Gson.fromJson(Gson.java:1214) ~[gson-2.10.jar%2372!/:?]
	at com.google.gson.Gson.fromJson(Gson.java:1319) ~[gson-2.10.jar%2372!/:?]
	at com.google.gson.Gson.fromJson(Gson.java:1261) ~[gson-2.10.jar%2372!/:?]
	at net.minecraftforge.common.ForgeHooks.loadLootTable(ForgeHooks.java:872) ~[forge-1.20.1-47.4.20-universal.jar%23540!/:?]
	at net.minecraftforge.common.ForgeHooks.lambda$getLootTableDeserializer$3(ForgeHooks.java:849) ~[forge-1.20.1-47.4.20-universal.jar%23540!/:?]
	at net.minecraft.world.level.storage.loot.LootDataType.deserialize(LootDataType.java:45) ~[server-1.20.1-20230612.114412-srg.jar%23535!/:?]
	at net.minecraft.world.level.storage.loot.LootDataManager.lambda$scheduleElementParse$4(LootDataManager.java:56) ~[server-1.20.1-20230612.114412-srg.jar%23535!/:?]
	at java.util.HashMap.forEach(HashMap.java:1421) ~[?:?]
	at net.minecraft.world.level.storage.loot.LootDataManager.m_278660_(LootDataManager.java:55) ~[server-1.20.1-20230612.114412-srg.jar%23535!/:?]
	at java.util.concurrent.CompletableFuture$AsyncRun.run(CompletableFuture.java:1804) ~[?:?]
	at java.util.concurrent.CompletableFuture$AsyncRun.exec(CompletableFuture.java:1796) ~[?:?]
	at java.util.concurrent.ForkJoinTask.doExec(ForkJoinTask.java:373) ~[?:?]
	at java.util.concurrent.ForkJoinPool$WorkQueue.topLevelExec(ForkJoinPool.java:1182) ~[?:?]
	at java.util.concurrent.ForkJoinPool.scan(ForkJoinPool.java:1655) ~[?:?]
	at java.util.concurrent.ForkJoinPool.runWorker(ForkJoinPool.java:1622) ~[?:?]
	at java.util.concurrent.ForkJoinWorkerThread.run(ForkJoinWorkerThread.java:165) ~[?:?]
[31Jul2026 21:20:39.029] [Worker-Main-1/ERROR] [net.minecraftforge.common.ForgeHooks/]: Couldn't parse element loot_tables:armageddon_mod:blocks/mossy_bloody_brick_slab
java.lang.IllegalArgumentException: Can't find block armageddon_mod:mossy_bloody_brick_slab
	at net.minecraft.world.level.storage.loot.predicates.LootItemBlockStatePropertyCondition$Serializer.m_81802_(LootItemBlockStatePropertyCondition.java:79) ~[server-1.20.1-20230612.114412-srg.jar%23535!/:?]
	at java.util.Optional.orElseThrow(Optional.java:403) ~[?:?]
	at net.minecraft.world.level.storage.loot.predicates.LootItemBlockStatePropertyCondition$Serializer.m_7561_(LootItemBlockStatePropertyCondition.java:79) ~[server-1.20.1-20230612.114412-srg.jar%23535!/:?]
	at net.minecraft.world.level.storage.loot.predicates.LootItemBlockStatePropertyCondition$Serializer.m_7561_(LootItemBlockStatePropertyCondition.java:68) ~[server-1.20.1-20230612.114412-srg.jar%23535!/:?]
	at net.minecraft.world.level.storage.loot.GsonAdapterFactory$JsonAdapter.deserialize(GsonAdapterFactory.java:102) ~[server-1.20.1-20230612.114412-srg.jar%23535!/:?]
	at com.google.gson.internal.bind.TreeTypeAdapter.read(TreeTypeAdapter.java:76) ~[gson-2.10.jar%2372!/:?]
	at com.google.gson.internal.bind.TypeAdapterRuntimeTypeWrapper.read(TypeAdapterRuntimeTypeWrapper.java:40) ~[gson-2.10.jar%2372!/:?]
	at com.google.gson.internal.bind.ArrayTypeAdapter.read(ArrayTypeAdapter.java:72) ~[gson-2.10.jar%2372!/:?]
	at com.google.gson.Gson.fromJson(Gson.java:1214) ~[gson-2.10.jar%2372!/:?]
	at com.google.gson.Gson.fromJson(Gson.java:1319) ~[gson-2.10.jar%2372!/:?]
	at com.google.gson.Gson.fromJson(Gson.java:1290) ~[gson-2.10.jar%2372!/:?]
	at com.google.gson.internal.bind.TreeTypeAdapter$GsonContextImpl.deserialize(TreeTypeAdapter.java:179) ~[gson-2.10.jar%2372!/:?]
	at net.minecraft.util.GsonHelper.m_13808_(GsonHelper.java:463) ~[server-1.20.1-20230612.114412-srg.jar%23535!/:?]
	at net.minecraft.util.GsonHelper.m_13845_(GsonHelper.java:481) ~[server-1.20.1-20230612.114412-srg.jar%23535!/:?]
	at net.minecraft.world.level.storage.loot.functions.LootItemConditionalFunction$Serializer.m_7561_(LootItemConditionalFunction.java:98) ~[server-1.20.1-20230612.114412-srg.jar%23535!/:?]
	at net.minecraft.world.level.storage.loot.functions.LootItemConditionalFunction$Serializer.m_7561_(LootItemConditionalFunction.java:88) ~[server-1.20.1-20230612.114412-srg.jar%23535!/:?]
	at net.minecraft.world.level.storage.loot.GsonAdapterFactory$JsonAdapter.deserialize(GsonAdapterFactory.java:102) ~[server-1.20.1-20230612.114412-srg.jar%23535!/:?]
	at com.google.gson.internal.bind.TreeTypeAdapter.read(TreeTypeAdapter.java:76) ~[gson-2.10.jar%2372!/:?]
	at com.google.gson.internal.bind.TypeAdapterRuntimeTypeWrapper.read(TypeAdapterRuntimeTypeWrapper.java:40) ~[gson-2.10.jar%2372!/:?]
	at com.google.gson.internal.bind.ArrayTypeAdapter.read(ArrayTypeAdapter.java:72) ~[gson-2.10.jar%2372!/:?]
	at com.google.gson.Gson.fromJson(Gson.java:1214) ~[gson-2.10.jar%2372!/:?]
	at com.google.gson.Gson.fromJson(Gson.java:1319) ~[gson-2.10.jar%2372!/:?]
	at com.google.gson.Gson.fromJson(Gson.java:1290) ~[gson-2.10.jar%2372!/:?]
	at com.google.gson.internal.bind.TreeTypeAdapter$GsonContextImpl.deserialize(TreeTypeAdapter.java:179) ~[gson-2.10.jar%2372!/:?]
	at net.minecraft.util.GsonHelper.m_13808_(GsonHelper.java:463) ~[server-1.20.1-20230612.114412-srg.jar%23535!/:?]
	at net.minecraft.util.GsonHelper.m_13845_(GsonHelper.java:481) ~[server-1.20.1-20230612.114412-srg.jar%23535!/:?]
	at net.minecraft.world.level.storage.loot.entries.LootPoolSingletonContainer$Serializer.m_5921_(LootPoolSingletonContainer.java:149) ~[server-1.20.1-20230612.114412-srg.jar%23535!/:?]
	at net.minecraft.world.level.storage.loot.entries.LootPoolSingletonContainer$Serializer.m_5921_(LootPoolSingletonContainer.java:129) ~[server-1.20.1-20230612.114412-srg.jar%23535!/:?]
	at net.minecraft.world.level.storage.loot.entries.LootPoolEntryContainer$Serializer.m_7561_(LootPoolEntryContainer.java:86) ~[server-1.20.1-20230612.114412-srg.jar%23535!/:?]
	at net.minecraft.world.level.storage.loot.entries.LootPoolEntryContainer$Serializer.m_7561_(LootPoolEntryContainer.java:74) ~[server-1.20.1-20230612.114412-srg.jar%23535!/:?]
	at net.minecraft.world.level.storage.loot.GsonAdapterFactory$JsonAdapter.deserialize(GsonAdapterFactory.java:102) ~[server-1.20.1-20230612.114412-srg.jar%23535!/:?]
	at com.google.gson.internal.bind.TreeTypeAdapter.read(TreeTypeAdapter.java:76) ~[gson-2.10.jar%2372!/:?]
	at com.google.gson.internal.bind.TypeAdapterRuntimeTypeWrapper.read(TypeAdapterRuntimeTypeWrapper.java:40) ~[gson-2.10.jar%2372!/:?]
	at com.google.gson.internal.bind.ArrayTypeAdapter.read(ArrayTypeAdapter.java:72) ~[gson-2.10.jar%2372!/:?]
	at com.google.gson.Gson.fromJson(Gson.java:1214) ~[gson-2.10.jar%2372!/:?]
	at com.google.gson.Gson.fromJson(Gson.java:1319) ~[gson-2.10.jar%2372!/:?]
	at com.google.gson.Gson.fromJson(Gson.java:1290) ~[gson-2.10.jar%2372!/:?]
	at com.google.gson.internal.bind.TreeTypeAdapter$GsonContextImpl.deserialize(TreeTypeAdapter.java:179) ~[gson-2.10.jar%2372!/:?]
	at net.minecraft.util.GsonHelper.m_13808_(GsonHelper.java:463) ~[server-1.20.1-20230612.114412-srg.jar%23535!/:?]
	at net.minecraft.util.GsonHelper.m_13836_(GsonHelper.java:471) ~[server-1.20.1-20230612.114412-srg.jar%23535!/:?]
	at net.minecraft.world.level.storage.loot.LootPool$Serializer.deserialize(LootPool.java:192) ~[server-1.20.1-20230612.114412-srg.jar%23535!/:?]
	at net.minecraft.world.level.storage.loot.LootPool$Serializer.deserialize(LootPool.java:189) ~[server-1.20.1-20230612.114412-srg.jar%23535!/:?]
	at com.google.gson.internal.bind.TreeTypeAdapter.read(TreeTypeAdapter.java:76) ~[gson-2.10.jar%2372!/:?]
	at com.google.gson.internal.bind.TypeAdapterRuntimeTypeWrapper.read(TypeAdapterRuntimeTypeWrapper.java:40) ~[gson-2.10.jar%2372!/:?]
	at com.google.gson.internal.bind.ArrayTypeAdapter.read(ArrayTypeAdapter.java:72) ~[gson-2.10.jar%2372!/:?]
	at com.google.gson.Gson.fromJson(Gson.java:1214) ~[gson-2.10.jar%2372!/:?]
	at com.google.gson.Gson.fromJson(Gson.java:1319) ~[gson-2.10.jar%2372!/:?]
	at com.google.gson.Gson.fromJson(Gson.java:1290) ~[gson-2.10.jar%2372!/:?]
	at com.google.gson.internal.bind.TreeTypeAdapter$GsonContextImpl.deserialize(TreeTypeAdapter.java:179) ~[gson-2.10.jar%2372!/:?]
	at net.minecraft.util.GsonHelper.m_13808_(GsonHelper.java:463) ~[server-1.20.1-20230612.114412-srg.jar%23535!/:?]
	at net.minecraft.util.GsonHelper.m_13845_(GsonHelper.java:481) ~[server-1.20.1-20230612.114412-srg.jar%23535!/:?]
	at net.minecraft.world.level.storage.loot.LootTable$Serializer.deserialize(LootTable.java:294) ~[server-1.20.1-20230612.114412-srg.jar%23535!/:?]
	at net.minecraft.world.level.storage.loot.LootTable$Serializer.deserialize(LootTable.java:291) ~[server-1.20.1-20230612.114412-srg.jar%23535!/:?]
	at com.google.gson.internal.bind.TreeTypeAdapter.read(TreeTypeAdapter.java:76) ~[gson-2.10.jar%2372!/:?]
	at com.google.gson.Gson.fromJson(Gson.java:1214) ~[gson-2.10.jar%2372!/:?]
	at com.google.gson.Gson.fromJson(Gson.java:1319) ~[gson-2.10.jar%2372!/:?]
	at com.google.gson.Gson.fromJson(Gson.java:1261) ~[gson-2.10.jar%2372!/:?]
	at net.minecraftforge.common.ForgeHooks.loadLootTable(ForgeHooks.java:872) ~[forge-1.20.1-47.4.20-universal.jar%23540!/:?]
	at net.minecraftforge.common.ForgeHooks.lambda$getLootTableDeserializer$3(ForgeHooks.java:849) ~[forge-1.20.1-47.4.20-universal.jar%23540!/:?]
	at net.minecraft.world.level.storage.loot.LootDataType.deserialize(LootDataType.java:45) ~[server-1.20.1-20230612.114412-srg.jar%23535!/:?]
	at net.minecraft.world.level.storage.loot.LootDataManager.lambda$scheduleElementParse$4(LootDataManager.java:56) ~[server-1.20.1-20230612.114412-srg.jar%23535!/:?]
	at java.util.HashMap.forEach(HashMap.java:1421) ~[?:?]
	at net.minecraft.world.level.storage.loot.LootDataManager.m_278660_(LootDataManager.java:55) ~[server-1.20.1-20230612.114412-srg.jar%23535!/:?]
	at java.util.concurrent.CompletableFuture$AsyncRun.run(CompletableFuture.java:1804) ~[?:?]
	at java.util.concurrent.CompletableFuture$AsyncRun.exec(CompletableFuture.java:1796) ~[?:?]
	at java.util.concurrent.ForkJoinTask.doExec(ForkJoinTask.java:373) ~[?:?]
	at java.util.concurrent.ForkJoinPool$WorkQueue.topLevelExec(ForkJoinPool.java:1182) ~[?:?]
	at java.util.concurrent.ForkJoinPool.scan(ForkJoinPool.java:1655) ~[?:?]
	at java.util.concurrent.ForkJoinPool.runWorker(ForkJoinPool.java:1622) ~[?:?]
	at java.util.concurrent.ForkJoinWorkerThread.run(ForkJoinWorkerThread.java:165) ~[?:?]
[31Jul2026 21:20:39.087] [Worker-Main-1/ERROR] [net.minecraftforge.common.ForgeHooks/]: Couldn't parse element loot_tables:thirst:chests/simple_dungeon_bc
com.google.gson.JsonSyntaxException: Expected name to be an item, was unknown string 'brewinandchewin:vodka'
	at net.minecraft.util.GsonHelper.m_13866_(GsonHelper.java:145) ~[server-1.20.1-20230612.114412-srg.jar%23535!/:?]
	at java.util.Optional.orElseThrow(Optional.java:403) ~[?:?]
	at net.minecraft.util.GsonHelper.m_13874_(GsonHelper.java:145) ~[server-1.20.1-20230612.114412-srg.jar%23535!/:?]
	at net.minecraft.util.GsonHelper.m_13909_(GsonHelper.java:153) ~[server-1.20.1-20230612.114412-srg.jar%23535!/:?]
	at net.minecraft.world.level.storage.loot.entries.LootItem$Serializer.m_7267_(LootItem.java:55) ~[server-1.20.1-20230612.114412-srg.jar%23535!/:?]
	at net.minecraft.world.level.storage.loot.entries.LootItem$Serializer.m_7267_(LootItem.java:40) ~[server-1.20.1-20230612.114412-srg.jar%23535!/:?]
	at net.minecraft.world.level.storage.loot.entries.LootPoolSingletonContainer$Serializer.m_5921_(LootPoolSingletonContainer.java:151) ~[server-1.20.1-20230612.114412-srg.jar%23535!/:?]
	at net.minecraft.world.level.storage.loot.entries.LootPoolSingletonContainer$Serializer.m_5921_(LootPoolSingletonContainer.java:129) ~[server-1.20.1-20230612.114412-srg.jar%23535!/:?]
	at net.minecraft.world.level.storage.loot.entries.LootPoolEntryContainer$Serializer.m_7561_(LootPoolEntryContainer.java:86) ~[server-1.20.1-20230612.114412-srg.jar%23535!/:?]
	at net.minecraft.world.level.storage.loot.entries.LootPoolEntryContainer$Serializer.m_7561_(LootPoolEntryContainer.java:74) ~[server-1.20.1-20230612.114412-srg.jar%23535!/:?]
	at net.minecraft.world.level.storage.loot.GsonAdapterFactory$JsonAdapter.deserialize(GsonAdapterFactory.java:102) ~[server-1.20.1-20230612.114412-srg.jar%23535!/:?]
	at com.google.gson.internal.bind.TreeTypeAdapter.read(TreeTypeAdapter.java:76) ~[gson-2.10.jar%2372!/:?]
	at com.google.gson.internal.bind.TypeAdapterRuntimeTypeWrapper.read(TypeAdapterRuntimeTypeWrapper.java:40) ~[gson-2.10.jar%2372!/:?]
	at com.google.gson.internal.bind.ArrayTypeAdapter.read(ArrayTypeAdapter.java:72) ~[gson-2.10.jar%2372!/:?]
	at com.google.gson.Gson.fromJson(Gson.java:1214) ~[gson-2.10.jar%2372!/:?]
	at com.google.gson.Gson.fromJson(Gson.java:1319) ~[gson-2.10.jar%2372!/:?]
	at com.google.gson.Gson.fromJson(Gson.java:1290) ~[gson-2.10.jar%2372!/:?]
	at com.google.gson.internal.bind.TreeTypeAdapter$GsonContextImpl.deserialize(TreeTypeAdapter.java:179) ~[gson-2.10.jar%2372!/:?]
	at net.minecraft.util.GsonHelper.m_13808_(GsonHelper.java:463) ~[server-1.20.1-20230612.114412-srg.jar%23535!/:?]
	at net.minecraft.util.GsonHelper.m_13836_(GsonHelper.java:471) ~[server-1.20.1-20230612.114412-srg.jar%23535!/:?]
	at net.minecraft.world.level.storage.loot.LootPool$Serializer.deserialize(LootPool.java:192) ~[server-1.20.1-20230612.114412-srg.jar%23535!/:?]
	at net.minecraft.world.level.storage.loot.LootPool$Serializer.deserialize(LootPool.java:189) ~[server-1.20.1-20230612.114412-srg.jar%23535!/:?]
	at com.google.gson.internal.bind.TreeTypeAdapter.read(TreeTypeAdapter.java:76) ~[gson-2.10.jar%2372!/:?]
	at com.google.gson.internal.bind.TypeAdapterRuntimeTypeWrapper.read(TypeAdapterRuntimeTypeWrapper.java:40) ~[gson-2.10.jar%2372!/:?]
	at com.google.gson.internal.bind.ArrayTypeAdapter.read(ArrayTypeAdapter.java:72) ~[gson-2.10.jar%2372!/:?]
	at com.google.gson.Gson.fromJson(Gson.java:1214) ~[gson-2.10.jar%2372!/:?]
	at com.google.gson.Gson.fromJson(Gson.java:1319) ~[gson-2.10.jar%2372!/:?]
	at com.google.gson.Gson.fromJson(Gson.java:1290) ~[gson-2.10.jar%2372!/:?]
	at com.google.gson.internal.bind.TreeTypeAdapter$GsonContextImpl.deserialize(TreeTypeAdapter.java:179) ~[gson-2.10.jar%2372!/:?]
	at net.minecraft.util.GsonHelper.m_13808_(GsonHelper.java:463) ~[server-1.20.1-20230612.114412-srg.jar%23535!/:?]
	at net.minecraft.util.GsonHelper.m_13845_(GsonHelper.java:481) ~[server-1.20.1-20230612.114412-srg.jar%23535!/:?]
	at net.minecraft.world.level.storage.loot.LootTable$Serializer.deserialize(LootTable.java:294) ~[server-1.20.1-20230612.114412-srg.jar%23535!/:?]
	at net.minecraft.world.level.storage.loot.LootTable$Serializer.deserialize(LootTable.java:291) ~[server-1.20.1-20230612.114412-srg.jar%23535!/:?]
	at com.google.gson.internal.bind.TreeTypeAdapter.read(TreeTypeAdapter.java:76) ~[gson-2.10.jar%2372!/:?]
	at com.google.gson.Gson.fromJson(Gson.java:1214) ~[gson-2.10.jar%2372!/:?]
	at com.google.gson.Gson.fromJson(Gson.java:1319) ~[gson-2.10.jar%2372!/:?]
	at com.google.gson.Gson.fromJson(Gson.java:1261) ~[gson-2.10.jar%2372!/:?]
	at net.minecraftforge.common.ForgeHooks.loadLootTable(ForgeHooks.java:872) ~[forge-1.20.1-47.4.20-universal.jar%23540!/:?]
	at net.minecraftforge.common.ForgeHooks.lambda$getLootTableDeserializer$3(ForgeHooks.java:849) ~[forge-1.20.1-47.4.20-universal.jar%23540!/:?]
	at net.minecraft.world.level.storage.loot.LootDataType.deserialize(LootDataType.java:45) ~[server-1.20.1-20230612.114412-srg.jar%23535!/:?]
	at net.minecraft.world.level.storage.loot.LootDataManager.lambda$scheduleElementParse$4(LootDataManager.java:56) ~[server-1.20.1-20230612.114412-srg.jar%23535!/:?]
	at java.util.HashMap.forEach(HashMap.java:1421) ~[?:?]
	at net.minecraft.world.level.storage.loot.LootDataManager.m_278660_(LootDataManager.java:55) ~[server-1.20.1-20230612.114412-srg.jar%23535!/:?]
	at java.util.concurrent.CompletableFuture$AsyncRun.run(CompletableFuture.java:1804) ~[?:?]
	at java.util.concurrent.CompletableFuture$AsyncRun.exec(CompletableFuture.java:1796) ~[?:?]
	at java.util.concurrent.ForkJoinTask.doExec(ForkJoinTask.java:373) ~[?:?]
	at java.util.concurrent.ForkJoinPool$WorkQueue.topLevelExec(ForkJoinPool.java:1182) ~[?:?]
	at java.util.concurrent.ForkJoinPool.scan(ForkJoinPool.java:1655) ~[?:?]
	at java.util.concurrent.ForkJoinPool.runWorker(ForkJoinPool.java:1622) ~[?:?]
	at java.util.concurrent.ForkJoinWorkerThread.run(ForkJoinWorkerThread.java:165) ~[?:?]
[31Jul2026 21:20:39.153] [Worker-Main-1/ERROR] [net.minecraftforge.common.ForgeHooks/]: Couldn't parse element loot_tables:thirst:chests/simple_dungeon_fr
com.google.gson.JsonSyntaxException: Expected name to be an item, was unknown string 'farmersrespite:dandelion_tea'
	at net.minecraft.util.GsonHelper.m_13866_(GsonHelper.java:145) ~[server-1.20.1-20230612.114412-srg.jar%23535!/:?]
	at java.util.Optional.orElseThrow(Optional.java:403) ~[?:?]
	at net.minecraft.util.GsonHelper.m_13874_(GsonHelper.java:145) ~[server-1.20.1-20230612.114412-srg.jar%23535!/:?]
	at net.minecraft.util.GsonHelper.m_13909_(GsonHelper.java:153) ~[server-1.20.1-20230612.114412-srg.jar%23535!/:?]
	at net.minecraft.world.level.storage.loot.entries.LootItem$Serializer.m_7267_(LootItem.java:55) ~[server-1.20.1-20230612.114412-srg.jar%23535!/:?]
	at net.minecraft.world.level.storage.loot.entries.LootItem$Serializer.m_7267_(LootItem.java:40) ~[server-1.20.1-20230612.114412-srg.jar%23535!/:?]
	at net.minecraft.world.level.storage.loot.entries.LootPoolSingletonContainer$Serializer.m_5921_(LootPoolSingletonContainer.java:151) ~[server-1.20.1-20230612.114412-srg.jar%23535!/:?]
	at net.minecraft.world.level.storage.loot.entries.LootPoolSingletonContainer$Serializer.m_5921_(LootPoolSingletonContainer.java:129) ~[server-1.20.1-20230612.114412-srg.jar%23535!/:?]
	at net.minecraft.world.level.storage.loot.entries.LootPoolEntryContainer$Serializer.m_7561_(LootPoolEntryContainer.java:86) ~[server-1.20.1-20230612.114412-srg.jar%23535!/:?]
	at net.minecraft.world.level.storage.loot.entries.LootPoolEntryContainer$Serializer.m_7561_(LootPoolEntryContainer.java:74) ~[server-1.20.1-20230612.114412-srg.jar%23535!/:?]
	at net.minecraft.world.level.storage.loot.GsonAdapterFactory$JsonAdapter.deserialize(GsonAdapterFactory.java:102) ~[server-1.20.1-20230612.114412-srg.jar%23535!/:?]
	at com.google.gson.internal.bind.TreeTypeAdapter.read(TreeTypeAdapter.java:76) ~[gson-2.10.jar%2372!/:?]
	at com.google.gson.internal.bind.TypeAdapterRuntimeTypeWrapper.read(TypeAdapterRuntimeTypeWrapper.java:40) ~[gson-2.10.jar%2372!/:?]
	at com.google.gson.internal.bind.ArrayTypeAdapter.read(ArrayTypeAdapter.java:72) ~[gson-2.10.jar%2372!/:?]
	at com.google.gson.Gson.fromJson(Gson.java:1214) ~[gson-2.10.jar%2372!/:?]
	at com.google.gson.Gson.fromJson(Gson.java:1319) ~[gson-2.10.jar%2372!/:?]
	at com.google.gson.Gson.fromJson(Gson.java:1290) ~[gson-2.10.jar%2372!/:?]
	at com.google.gson.internal.bind.TreeTypeAdapter$GsonContextImpl.deserialize(TreeTypeAdapter.java:179) ~[gson-2.10.jar%2372!/:?]
	at net.minecraft.util.GsonHelper.m_13808_(GsonHelper.java:463) ~[server-1.20.1-20230612.114412-srg.jar%23535!/:?]
	at net.minecraft.util.GsonHelper.m_13836_(GsonHelper.java:471) ~[server-1.20.1-20230612.114412-srg.jar%23535!/:?]
	at net.minecraft.world.level.storage.loot.LootPool$Serializer.deserialize(LootPool.java:192) ~[server-1.20.1-20230612.114412-srg.jar%23535!/:?]
	at net.minecraft.world.level.storage.loot.LootPool$Serializer.deserialize(LootPool.java:189) ~[server-1.20.1-20230612.114412-srg.jar%23535!/:?]
	at com.google.gson.internal.bind.TreeTypeAdapter.read(TreeTypeAdapter.java:76) ~[gson-2.10.jar%2372!/:?]
	at com.google.gson.internal.bind.TypeAdapterRuntimeTypeWrapper.read(TypeAdapterRuntimeTypeWrapper.java:40) ~[gson-2.10.jar%2372!/:?]
	at com.google.gson.internal.bind.ArrayTypeAdapter.read(ArrayTypeAdapter.java:72) ~[gson-2.10.jar%2372!/:?]
	at com.google.gson.Gson.fromJson(Gson.java:1214) ~[gson-2.10.jar%2372!/:?]
	at com.google.gson.Gson.fromJson(Gson.java:1319) ~[gson-2.10.jar%2372!/:?]
	at com.google.gson.Gson.fromJson(Gson.java:1290) ~[gson-2.10.jar%2372!/:?]
	at com.google.gson.internal.bind.TreeTypeAdapter$GsonContextImpl.deserialize(TreeTypeAdapter.java:179) ~[gson-2.10.jar%2372!/:?]
	at net.minecraft.util.GsonHelper.m_13808_(GsonHelper.java:463) ~[server-1.20.1-20230612.114412-srg.jar%23535!/:?]
	at net.minecraft.util.GsonHelper.m_13845_(GsonHelper.java:481) ~[server-1.20.1-20230612.114412-srg.jar%23535!/:?]
	at net.minecraft.world.level.storage.loot.LootTable$Serializer.deserialize(LootTable.java:294) ~[server-1.20.1-20230612.114412-srg.jar%23535!/:?]
	at net.minecraft.world.level.storage.loot.LootTable$Serializer.deserialize(LootTable.java:291) ~[server-1.20.1-20230612.114412-srg.jar%23535!/:?]
	at com.google.gson.internal.bind.TreeTypeAdapter.read(TreeTypeAdapter.java:76) ~[gson-2.10.jar%2372!/:?]
	at com.google.gson.Gson.fromJson(Gson.java:1214) ~[gson-2.10.jar%2372!/:?]
	at com.google.gson.Gson.fromJson(Gson.java:1319) ~[gson-2.10.jar%2372!/:?]
	at com.google.gson.Gson.fromJson(Gson.java:1261) ~[gson-2.10.jar%2372!/:?]
	at net.minecraftforge.common.ForgeHooks.loadLootTable(ForgeHooks.java:872) ~[forge-1.20.1-47.4.20-universal.jar%23540!/:?]
	at net.minecraftforge.common.ForgeHooks.lambda$getLootTableDeserializer$3(ForgeHooks.java:849) ~[forge-1.20.1-47.4.20-universal.jar%23540!/:?]
	at net.minecraft.world.level.storage.loot.LootDataType.deserialize(LootDataType.java:45) ~[server-1.20.1-20230612.114412-srg.jar%23535!/:?]
	at net.minecraft.world.level.storage.loot.LootDataManager.lambda$scheduleElementParse$4(LootDataManager.java:56) ~[server-1.20.1-20230612.114412-srg.jar%23535!/:?]
	at java.util.HashMap.forEach(HashMap.java:1421) ~[?:?]
	at net.minecraft.world.level.storage.loot.LootDataManager.m_278660_(LootDataManager.java:55) ~[server-1.20.1-20230612.114412-srg.jar%23535!/:?]
	at java.util.concurrent.CompletableFuture$AsyncRun.run(CompletableFuture.java:1804) ~[?:?]
	at java.util.concurrent.CompletableFuture$AsyncRun.exec(CompletableFuture.java:1796) ~[?:?]
	at java.util.concurrent.ForkJoinTask.doExec(ForkJoinTask.java:373) ~[?:?]
	at java.util.concurrent.ForkJoinPool$WorkQueue.topLevelExec(ForkJoinPool.java:1182) ~[?:?]
	at java.util.concurrent.ForkJoinPool.scan(ForkJoinPool.java:1655) ~[?:?]
	at java.util.concurrent.ForkJoinPool.runWorker(ForkJoinPool.java:1622) ~[?:?]
	at java.util.concurrent.ForkJoinWorkerThread.run(ForkJoinWorkerThread.java:165) ~[?:?]
[31Jul2026 21:20:39.731] [Worker-Main-1/ERROR] [net.minecraftforge.common.ForgeHooks/]: Couldn't parse element loot_tables:armageddon_mod:blocks/mossy_helionite_wall_brick
com.google.gson.JsonSyntaxException: Expected name to be an item, was unknown string 'armageddon_mod:mossy_helionite_wall_brick'
	at net.minecraft.util.GsonHelper.m_13866_(GsonHelper.java:145) ~[server-1.20.1-20230612.114412-srg.jar%23535!/:?]
	at java.util.Optional.orElseThrow(Optional.java:403) ~[?:?]
	at net.minecraft.util.GsonHelper.m_13874_(GsonHelper.java:145) ~[server-1.20.1-20230612.114412-srg.jar%23535!/:?]
	at net.minecraft.util.GsonHelper.m_13909_(GsonHelper.java:153) ~[server-1.20.1-20230612.114412-srg.jar%23535!/:?]
	at net.minecraft.world.level.storage.loot.entries.LootItem$Serializer.m_7267_(LootItem.java:55) ~[server-1.20.1-20230612.114412-srg.jar%23535!/:?]
	at net.minecraft.world.level.storage.loot.entries.LootItem$Serializer.m_7267_(LootItem.java:40) ~[server-1.20.1-20230612.114412-srg.jar%23535!/:?]
	at net.minecraft.world.level.storage.loot.entries.LootPoolSingletonContainer$Serializer.m_5921_(LootPoolSingletonContainer.java:151) ~[server-1.20.1-20230612.114412-srg.jar%23535!/:?]
	at net.minecraft.world.level.storage.loot.entries.LootPoolSingletonContainer$Serializer.m_5921_(LootPoolSingletonContainer.java:129) ~[server-1.20.1-20230612.114412-srg.jar%23535!/:?]
	at net.minecraft.world.level.storage.loot.entries.LootPoolEntryContainer$Serializer.m_7561_(LootPoolEntryContainer.java:86) ~[server-1.20.1-20230612.114412-srg.jar%23535!/:?]
	at net.minecraft.world.level.storage.loot.entries.LootPoolEntryContainer$Serializer.m_7561_(LootPoolEntryContainer.java:74) ~[server-1.20.1-20230612.114412-srg.jar%23535!/:?]
	at net.minecraft.world.level.storage.loot.GsonAdapterFactory$JsonAdapter.deserialize(GsonAdapterFactory.java:102) ~[server-1.20.1-20230612.114412-srg.jar%23535!/:?]
	at com.google.gson.internal.bind.TreeTypeAdapter.read(TreeTypeAdapter.java:76) ~[gson-2.10.jar%2372!/:?]
	at com.google.gson.internal.bind.TypeAdapterRuntimeTypeWrapper.read(TypeAdapterRuntimeTypeWrapper.java:40) ~[gson-2.10.jar%2372!/:?]
	at com.google.gson.internal.bind.ArrayTypeAdapter.read(ArrayTypeAdapter.java:72) ~[gson-2.10.jar%2372!/:?]
	at com.google.gson.Gson.fromJson(Gson.java:1214) ~[gson-2.10.jar%2372!/:?]
	at com.google.gson.Gson.fromJson(Gson.java:1319) ~[gson-2.10.jar%2372!/:?]
	at com.google.gson.Gson.fromJson(Gson.java:1290) ~[gson-2.10.jar%2372!/:?]
	at com.google.gson.internal.bind.TreeTypeAdapter$GsonContextImpl.deserialize(TreeTypeAdapter.java:179) ~[gson-2.10.jar%2372!/:?]
	at net.minecraft.util.GsonHelper.m_13808_(GsonHelper.java:463) ~[server-1.20.1-20230612.114412-srg.jar%23535!/:?]
	at net.minecraft.util.GsonHelper.m_13836_(GsonHelper.java:471) ~[server-1.20.1-20230612.114412-srg.jar%23535!/:?]
	at net.minecraft.world.level.storage.loot.LootPool$Serializer.deserialize(LootPool.java:192) ~[server-1.20.1-20230612.114412-srg.jar%23535!/:?]
	at net.minecraft.world.level.storage.loot.LootPool$Serializer.deserialize(LootPool.java:189) ~[server-1.20.1-20230612.114412-srg.jar%23535!/:?]
	at com.google.gson.internal.bind.TreeTypeAdapter.read(TreeTypeAdapter.java:76) ~[gson-2.10.jar%2372!/:?]
	at com.google.gson.internal.bind.TypeAdapterRuntimeTypeWrapper.read(TypeAdapterRuntimeTypeWrapper.java:40) ~[gson-2.10.jar%2372!/:?]
	at com.google.gson.internal.bind.ArrayTypeAdapter.read(ArrayTypeAdapter.java:72) ~[gson-2.10.jar%2372!/:?]
	at com.google.gson.Gson.fromJson(Gson.java:1214) ~[gson-2.10.jar%2372!/:?]
	at com.google.gson.Gson.fromJson(Gson.java:1319) ~[gson-2.10.jar%2372!/:?]
	at com.google.gson.Gson.fromJson(Gson.java:1290) ~[gson-2.10.jar%2372!/:?]
	at com.google.gson.internal.bind.TreeTypeAdapter$GsonContextImpl.deserialize(TreeTypeAdapter.java:179) ~[gson-2.10.jar%2372!/:?]
	at net.minecraft.util.GsonHelper.m_13808_(GsonHelper.java:463) ~[server-1.20.1-20230612.114412-srg.jar%23535!/:?]
	at net.minecraft.util.GsonHelper.m_13845_(GsonHelper.java:481) ~[server-1.20.1-20230612.114412-srg.jar%23535!/:?]
	at net.minecraft.world.level.storage.loot.LootTable$Serializer.deserialize(LootTable.java:294) ~[server-1.20.1-20230612.114412-srg.jar%23535!/:?]
	at net.minecraft.world.level.storage.loot.LootTable$Serializer.deserialize(LootTable.java:291) ~[server-1.20.1-20230612.114412-srg.jar%23535!/:?]
	at com.google.gson.internal.bind.TreeTypeAdapter.read(TreeTypeAdapter.java:76) ~[gson-2.10.jar%2372!/:?]
	at com.google.gson.Gson.fromJson(Gson.java:1214) ~[gson-2.10.jar%2372!/:?]
	at com.google.gson.Gson.fromJson(Gson.java:1319) ~[gson-2.10.jar%2372!/:?]
	at com.google.gson.Gson.fromJson(Gson.java:1261) ~[gson-2.10.jar%2372!/:?]
	at net.minecraftforge.common.ForgeHooks.loadLootTable(ForgeHooks.java:872) ~[forge-1.20.1-47.4.20-universal.jar%23540!/:?]
	at net.minecraftforge.common.ForgeHooks.lambda$getLootTableDeserializer$3(ForgeHooks.java:849) ~[forge-1.20.1-47.4.20-universal.jar%23540!/:?]
	at net.minecraft.world.level.storage.loot.LootDataType.deserialize(LootDataType.java:45) ~[server-1.20.1-20230612.114412-srg.jar%23535!/:?]
	at net.minecraft.world.level.storage.loot.LootDataManager.lambda$scheduleElementParse$4(LootDataManager.java:56) ~[server-1.20.1-20230612.114412-srg.jar%23535!/:?]
	at java.util.HashMap.forEach(HashMap.java:1421) ~[?:?]
	at net.minecraft.world.level.storage.loot.LootDataManager.m_278660_(LootDataManager.java:55) ~[server-1.20.1-20230612.114412-srg.jar%23535!/:?]
	at java.util.concurrent.CompletableFuture$AsyncRun.run(CompletableFuture.java:1804) ~[?:?]
	at java.util.concurrent.CompletableFuture$AsyncRun.exec(CompletableFuture.java:1796) ~[?:?]
	at java.util.concurrent.ForkJoinTask.doExec(ForkJoinTask.java:373) ~[?:?]
	at java.util.concurrent.ForkJoinPool$WorkQueue.topLevelExec(ForkJoinPool.java:1182) ~[?:?]
	at java.util.concurrent.ForkJoinPool.scan(ForkJoinPool.java:1655) ~[?:?]
	at java.util.concurrent.ForkJoinPool.runWorker(ForkJoinPool.java:1622) ~[?:?]
	at java.util.concurrent.ForkJoinWorkerThread.run(ForkJoinWorkerThread.java:165) ~[?:?]
[31Jul2026 21:20:40.170] [Worker-Main-1/ERROR] [net.minecraftforge.common.ForgeHooks/]: Couldn't parse element loot_tables:armageddon_mod:blocks/helionite_brick_wall
com.google.gson.JsonSyntaxException: Expected name to be an item, was unknown string 'armageddon_mod:helionite_brick_wall'
	at net.minecraft.util.GsonHelper.m_13866_(GsonHelper.java:145) ~[server-1.20.1-20230612.114412-srg.jar%23535!/:?]
	at java.util.Optional.orElseThrow(Optional.java:403) ~[?:?]
	at net.minecraft.util.GsonHelper.m_13874_(GsonHelper.java:145) ~[server-1.20.1-20230612.114412-srg.jar%23535!/:?]
	at net.minecraft.util.GsonHelper.m_13909_(GsonHelper.java:153) ~[server-1.20.1-20230612.114412-srg.jar%23535!/:?]
	at net.minecraft.world.level.storage.loot.entries.LootItem$Serializer.m_7267_(LootItem.java:55) ~[server-1.20.1-20230612.114412-srg.jar%23535!/:?]
	at net.minecraft.world.level.storage.loot.entries.LootItem$Serializer.m_7267_(LootItem.java:40) ~[server-1.20.1-20230612.114412-srg.jar%23535!/:?]
	at net.minecraft.world.level.storage.loot.entries.LootPoolSingletonContainer$Serializer.m_5921_(LootPoolSingletonContainer.java:151) ~[server-1.20.1-20230612.114412-srg.jar%23535!/:?]
	at net.minecraft.world.level.storage.loot.entries.LootPoolSingletonContainer$Serializer.m_5921_(LootPoolSingletonContainer.java:129) ~[server-1.20.1-20230612.114412-srg.jar%23535!/:?]
	at net.minecraft.world.level.storage.loot.entries.LootPoolEntryContainer$Serializer.m_7561_(LootPoolEntryContainer.java:86) ~[server-1.20.1-20230612.114412-srg.jar%23535!/:?]
	at net.minecraft.world.level.storage.loot.entries.LootPoolEntryContainer$Serializer.m_7561_(LootPoolEntryContainer.java:74) ~[server-1.20.1-20230612.114412-srg.jar%23535!/:?]
	at net.minecraft.world.level.storage.loot.GsonAdapterFactory$JsonAdapter.deserialize(GsonAdapterFactory.java:102) ~[server-1.20.1-20230612.114412-srg.jar%23535!/:?]
	at com.google.gson.internal.bind.TreeTypeAdapter.read(TreeTypeAdapter.java:76) ~[gson-2.10.jar%2372!/:?]
	at com.google.gson.internal.bind.TypeAdapterRuntimeTypeWrapper.read(TypeAdapterRuntimeTypeWrapper.java:40) ~[gson-2.10.jar%2372!/:?]
	at com.google.gson.internal.bind.ArrayTypeAdapter.read(ArrayTypeAdapter.java:72) ~[gson-2.10.jar%2372!/:?]
	at com.google.gson.Gson.fromJson(Gson.java:1214) ~[gson-2.10.jar%2372!/:?]
	at com.google.gson.Gson.fromJson(Gson.java:1319) ~[gson-2.10.jar%2372!/:?]
	at com.google.gson.Gson.fromJson(Gson.java:1290) ~[gson-2.10.jar%2372!/:?]
	at com.google.gson.internal.bind.TreeTypeAdapter$GsonContextImpl.deserialize(TreeTypeAdapter.java:179) ~[gson-2.10.jar%2372!/:?]
	at net.minecraft.util.GsonHelper.m_13808_(GsonHelper.java:463) ~[server-1.20.1-20230612.114412-srg.jar%23535!/:?]
	at net.minecraft.util.GsonHelper.m_13836_(GsonHelper.java:471) ~[server-1.20.1-20230612.114412-srg.jar%23535!/:?]
	at net.minecraft.world.level.storage.loot.LootPool$Serializer.deserialize(LootPool.java:192) ~[server-1.20.1-20230612.114412-srg.jar%23535!/:?]
	at net.minecraft.world.level.storage.loot.LootPool$Serializer.deserialize(LootPool.java:189) ~[server-1.20.1-20230612.114412-srg.jar%23535!/:?]
	at com.google.gson.internal.bind.TreeTypeAdapter.read(TreeTypeAdapter.java:76) ~[gson-2.10.jar%2372!/:?]
	at com.google.gson.internal.bind.TypeAdapterRuntimeTypeWrapper.read(TypeAdapterRuntimeTypeWrapper.java:40) ~[gson-2.10.jar%2372!/:?]
	at com.google.gson.internal.bind.ArrayTypeAdapter.read(ArrayTypeAdapter.java:72) ~[gson-2.10.jar%2372!/:?]
	at com.google.gson.Gson.fromJson(Gson.java:1214) ~[gson-2.10.jar%2372!/:?]
	at com.google.gson.Gson.fromJson(Gson.java:1319) ~[gson-2.10.jar%2372!/:?]
	at com.google.gson.Gson.fromJson(Gson.java:1290) ~[gson-2.10.jar%2372!/:?]
	at com.google.gson.internal.bind.TreeTypeAdapter$GsonContextImpl.deserialize(TreeTypeAdapter.java:179) ~[gson-2.10.jar%2372!/:?]
	at net.minecraft.util.GsonHelper.m_13808_(GsonHelper.java:463) ~[server-1.20.1-20230612.114412-srg.jar%23535!/:?]
	at net.minecraft.util.GsonHelper.m_13845_(GsonHelper.java:481) ~[server-1.20.1-20230612.114412-srg.jar%23535!/:?]
	at net.minecraft.world.level.storage.loot.LootTable$Serializer.deserialize(LootTable.java:294) ~[server-1.20.1-20230612.114412-srg.jar%23535!/:?]
	at net.minecraft.world.level.storage.loot.LootTable$Serializer.deserialize(LootTable.java:291) ~[server-1.20.1-20230612.114412-srg.jar%23535!/:?]
	at com.google.gson.internal.bind.TreeTypeAdapter.read(TreeTypeAdapter.java:76) ~[gson-2.10.jar%2372!/:?]
	at com.google.gson.Gson.fromJson(Gson.java:1214) ~[gson-2.10.jar%2372!/:?]
	at com.google.gson.Gson.fromJson(Gson.java:1319) ~[gson-2.10.jar%2372!/:?]
	at com.google.gson.Gson.fromJson(Gson.java:1261) ~[gson-2.10.jar%2372!/:?]
	at net.minecraftforge.common.ForgeHooks.loadLootTable(ForgeHooks.java:872) ~[forge-1.20.1-47.4.20-universal.jar%23540!/:?]
	at net.minecraftforge.common.ForgeHooks.lambda$getLootTableDeserializer$3(ForgeHooks.java:849) ~[forge-1.20.1-47.4.20-universal.jar%23540!/:?]
	at net.minecraft.world.level.storage.loot.LootDataType.deserialize(LootDataType.java:45) ~[server-1.20.1-20230612.114412-srg.jar%23535!/:?]
	at net.minecraft.world.level.storage.loot.LootDataManager.lambda$scheduleElementParse$4(LootDataManager.java:56) ~[server-1.20.1-20230612.114412-srg.jar%23535!/:?]
	at java.util.HashMap.forEach(HashMap.java:1421) ~[?:?]
	at net.minecraft.world.level.storage.loot.LootDataManager.m_278660_(LootDataManager.java:55) ~[server-1.20.1-20230612.114412-srg.jar%23535!/:?]
	at java.util.concurrent.CompletableFuture$AsyncRun.run(CompletableFuture.java:1804) ~[?:?]
	at java.util.concurrent.CompletableFuture$AsyncRun.exec(CompletableFuture.java:1796) ~[?:?]
	at java.util.concurrent.ForkJoinTask.doExec(ForkJoinTask.java:373) ~[?:?]
	at java.util.concurrent.ForkJoinPool$WorkQueue.topLevelExec(ForkJoinPool.java:1182) ~[?:?]
	at java.util.concurrent.ForkJoinPool.scan(ForkJoinPool.java:1655) ~[?:?]
	at java.util.concurrent.ForkJoinPool.runWorker(ForkJoinPool.java:1622) ~[?:?]
	at java.util.concurrent.ForkJoinWorkerThread.run(ForkJoinWorkerThread.java:165) ~[?:?]
[31Jul2026 21:20:40.192] [Worker-Main-1/ERROR] [net.minecraftforge.common.ForgeHooks/]: Couldn't parse element loot_tables:irons_spellbooks:chests/citadel/citadel_tomes
com.google.gson.JsonSyntaxException: Unknown type 'minecraft:set_written_book_pages'
	at net.minecraft.world.level.storage.loot.GsonAdapterFactory$JsonAdapter.deserialize(GsonAdapterFactory.java:99) ~[server-1.20.1-20230612.114412-srg.jar%23535!/:?]
	at com.google.gson.internal.bind.TreeTypeAdapter.read(TreeTypeAdapter.java:76) ~[gson-2.10.jar%2372!/:?]
	at com.google.gson.internal.bind.TypeAdapterRuntimeTypeWrapper.read(TypeAdapterRuntimeTypeWrapper.java:40) ~[gson-2.10.jar%2372!/:?]
	at com.google.gson.internal.bind.ArrayTypeAdapter.read(ArrayTypeAdapter.java:72) ~[gson-2.10.jar%2372!/:?]
	at com.google.gson.Gson.fromJson(Gson.java:1214) ~[gson-2.10.jar%2372!/:?]
	at com.google.gson.Gson.fromJson(Gson.java:1319) ~[gson-2.10.jar%2372!/:?]
	at com.google.gson.Gson.fromJson(Gson.java:1290) ~[gson-2.10.jar%2372!/:?]
	at com.google.gson.internal.bind.TreeTypeAdapter$GsonContextImpl.deserialize(TreeTypeAdapter.java:179) ~[gson-2.10.jar%2372!/:?]
	at net.minecraft.util.GsonHelper.m_13808_(GsonHelper.java:463) ~[server-1.20.1-20230612.114412-srg.jar%23535!/:?]
	at net.minecraft.util.GsonHelper.m_13845_(GsonHelper.java:481) ~[server-1.20.1-20230612.114412-srg.jar%23535!/:?]
	at net.minecraft.world.level.storage.loot.entries.LootPoolSingletonContainer$Serializer.m_5921_(LootPoolSingletonContainer.java:149) ~[server-1.20.1-20230612.114412-srg.jar%23535!/:?]
	at net.minecraft.world.level.storage.loot.entries.LootPoolSingletonContainer$Serializer.m_5921_(LootPoolSingletonContainer.java:129) ~[server-1.20.1-20230612.114412-srg.jar%23535!/:?]
	at net.minecraft.world.level.storage.loot.entries.LootPoolEntryContainer$Serializer.m_7561_(LootPoolEntryContainer.java:86) ~[server-1.20.1-20230612.114412-srg.jar%23535!/:?]
	at net.minecraft.world.level.storage.loot.entries.LootPoolEntryContainer$Serializer.m_7561_(LootPoolEntryContainer.java:74) ~[server-1.20.1-20230612.114412-srg.jar%23535!/:?]
	at net.minecraft.world.level.storage.loot.GsonAdapterFactory$JsonAdapter.deserialize(GsonAdapterFactory.java:102) ~[server-1.20.1-20230612.114412-srg.jar%23535!/:?]
	at com.google.gson.internal.bind.TreeTypeAdapter.read(TreeTypeAdapter.java:76) ~[gson-2.10.jar%2372!/:?]
	at com.google.gson.internal.bind.TypeAdapterRuntimeTypeWrapper.read(TypeAdapterRuntimeTypeWrapper.java:40) ~[gson-2.10.jar%2372!/:?]
	at com.google.gson.internal.bind.ArrayTypeAdapter.read(ArrayTypeAdapter.java:72) ~[gson-2.10.jar%2372!/:?]
	at com.google.gson.Gson.fromJson(Gson.java:1214) ~[gson-2.10.jar%2372!/:?]
	at com.google.gson.Gson.fromJson(Gson.java:1319) ~[gson-2.10.jar%2372!/:?]
	at com.google.gson.Gson.fromJson(Gson.java:1290) ~[gson-2.10.jar%2372!/:?]
	at com.google.gson.internal.bind.TreeTypeAdapter$GsonContextImpl.deserialize(TreeTypeAdapter.java:179) ~[gson-2.10.jar%2372!/:?]
	at net.minecraft.util.GsonHelper.m_13808_(GsonHelper.java:463) ~[server-1.20.1-20230612.114412-srg.jar%23535!/:?]
	at net.minecraft.util.GsonHelper.m_13836_(GsonHelper.java:471) ~[server-1.20.1-20230612.114412-srg.jar%23535!/:?]
	at net.minecraft.world.level.storage.loot.LootPool$Serializer.deserialize(LootPool.java:192) ~[server-1.20.1-20230612.114412-srg.jar%23535!/:?]
	at net.minecraft.world.level.storage.loot.LootPool$Serializer.deserialize(LootPool.java:189) ~[server-1.20.1-20230612.114412-srg.jar%23535!/:?]
	at com.google.gson.internal.bind.TreeTypeAdapter.read(TreeTypeAdapter.java:76) ~[gson-2.10.jar%2372!/:?]
	at com.google.gson.internal.bind.TypeAdapterRuntimeTypeWrapper.read(TypeAdapterRuntimeTypeWrapper.java:40) ~[gson-2.10.jar%2372!/:?]
	at com.google.gson.internal.bind.ArrayTypeAdapter.read(ArrayTypeAdapter.java:72) ~[gson-2.10.jar%2372!/:?]
	at com.google.gson.Gson.fromJson(Gson.java:1214) ~[gson-2.10.jar%2372!/:?]
	at com.google.gson.Gson.fromJson(Gson.java:1319) ~[gson-2.10.jar%2372!/:?]
	at com.google.gson.Gson.fromJson(Gson.java:1290) ~[gson-2.10.jar%2372!/:?]
	at com.google.gson.internal.bind.TreeTypeAdapter$GsonContextImpl.deserialize(TreeTypeAdapter.java:179) ~[gson-2.10.jar%2372!/:?]
	at net.minecraft.util.GsonHelper.m_13808_(GsonHelper.java:463) ~[server-1.20.1-20230612.114412-srg.jar%23535!/:?]
	at net.minecraft.util.GsonHelper.m_13845_(GsonHelper.java:481) ~[server-1.20.1-20230612.114412-srg.jar%23535!/:?]
	at net.minecraft.world.level.storage.loot.LootTable$Serializer.deserialize(LootTable.java:294) ~[server-1.20.1-20230612.114412-srg.jar%23535!/:?]
	at net.minecraft.world.level.storage.loot.LootTable$Serializer.deserialize(LootTable.java:291) ~[server-1.20.1-20230612.114412-srg.jar%23535!/:?]
	at com.google.gson.internal.bind.TreeTypeAdapter.read(TreeTypeAdapter.java:76) ~[gson-2.10.jar%2372!/:?]
	at com.google.gson.Gson.fromJson(Gson.java:1214) ~[gson-2.10.jar%2372!/:?]
	at com.google.gson.Gson.fromJson(Gson.java:1319) ~[gson-2.10.jar%2372!/:?]
	at com.google.gson.Gson.fromJson(Gson.java:1261) ~[gson-2.10.jar%2372!/:?]
	at net.minecraftforge.common.ForgeHooks.loadLootTable(ForgeHooks.java:872) ~[forge-1.20.1-47.4.20-universal.jar%23540!/:?]
	at net.minecraftforge.common.ForgeHooks.lambda$getLootTableDeserializer$3(ForgeHooks.java:849) ~[forge-1.20.1-47.4.20-universal.jar%23540!/:?]
	at net.minecraft.world.level.storage.loot.LootDataType.deserialize(LootDataType.java:45) ~[server-1.20.1-20230612.114412-srg.jar%23535!/:?]
	at net.minecraft.world.level.storage.loot.LootDataManager.lambda$scheduleElementParse$4(LootDataManager.java:56) ~[server-1.20.1-20230612.114412-srg.jar%23535!/:?]
	at java.util.HashMap.forEach(HashMap.java:1421) ~[?:?]
	at net.minecraft.world.level.storage.loot.LootDataManager.m_278660_(LootDataManager.java:55) ~[server-1.20.1-20230612.114412-srg.jar%23535!/:?]
	at java.util.concurrent.CompletableFuture$AsyncRun.run(CompletableFuture.java:1804) ~[?:?]
	at java.util.concurrent.CompletableFuture$AsyncRun.exec(CompletableFuture.java:1796) ~[?:?]
	at java.util.concurrent.ForkJoinTask.doExec(ForkJoinTask.java:373) ~[?:?]
	at java.util.concurrent.ForkJoinPool$WorkQueue.topLevelExec(ForkJoinPool.java:1182) ~[?:?]
	at java.util.concurrent.ForkJoinPool.scan(ForkJoinPool.java:1655) ~[?:?]
	at java.util.concurrent.ForkJoinPool.runWorker(ForkJoinPool.java:1622) ~[?:?]
	at java.util.concurrent.ForkJoinWorkerThread.run(ForkJoinWorkerThread.java:165) ~[?:?]
[31Jul2026 21:20:40.601] [Worker-Main-1/ERROR] [net.minecraftforge.common.ForgeHooks/]: Couldn't parse element loot_tables:irons_spellbooks:chests/catacombs/crypt_loot
com.google.gson.JsonSyntaxException: Missing name, expected to find a string
	at net.minecraft.util.GsonHelper.m_13906_(GsonHelper.java:127) ~[server-1.20.1-20230612.114412-srg.jar%23535!/:?]
	at net.minecraft.world.level.storage.loot.entries.LootTableReference$Serializer.m_7267_(LootTableReference.java:67) ~[server-1.20.1-20230612.114412-srg.jar%23535!/:?]
	at net.minecraft.world.level.storage.loot.entries.LootTableReference$Serializer.m_7267_(LootTableReference.java:58) ~[server-1.20.1-20230612.114412-srg.jar%23535!/:?]
	at net.minecraft.world.level.storage.loot.entries.LootPoolSingletonContainer$Serializer.m_5921_(LootPoolSingletonContainer.java:151) ~[server-1.20.1-20230612.114412-srg.jar%23535!/:?]
	at net.minecraft.world.level.storage.loot.entries.LootPoolSingletonContainer$Serializer.m_5921_(LootPoolSingletonContainer.java:129) ~[server-1.20.1-20230612.114412-srg.jar%23535!/:?]
	at net.minecraft.world.level.storage.loot.entries.LootPoolEntryContainer$Serializer.m_7561_(LootPoolEntryContainer.java:86) ~[server-1.20.1-20230612.114412-srg.jar%23535!/:?]
	at net.minecraft.world.level.storage.loot.entries.LootPoolEntryContainer$Serializer.m_7561_(LootPoolEntryContainer.java:74) ~[server-1.20.1-20230612.114412-srg.jar%23535!/:?]
	at net.minecraft.world.level.storage.loot.GsonAdapterFactory$JsonAdapter.deserialize(GsonAdapterFactory.java:102) ~[server-1.20.1-20230612.114412-srg.jar%23535!/:?]
	at com.google.gson.internal.bind.TreeTypeAdapter.read(TreeTypeAdapter.java:76) ~[gson-2.10.jar%2372!/:?]
	at com.google.gson.internal.bind.TypeAdapterRuntimeTypeWrapper.read(TypeAdapterRuntimeTypeWrapper.java:40) ~[gson-2.10.jar%2372!/:?]
	at com.google.gson.internal.bind.ArrayTypeAdapter.read(ArrayTypeAdapter.java:72) ~[gson-2.10.jar%2372!/:?]
	at com.google.gson.Gson.fromJson(Gson.java:1214) ~[gson-2.10.jar%2372!/:?]
	at com.google.gson.Gson.fromJson(Gson.java:1319) ~[gson-2.10.jar%2372!/:?]
	at com.google.gson.Gson.fromJson(Gson.java:1290) ~[gson-2.10.jar%2372!/:?]
	at com.google.gson.internal.bind.TreeTypeAdapter$GsonContextImpl.deserialize(TreeTypeAdapter.java:179) ~[gson-2.10.jar%2372!/:?]
	at net.minecraft.util.GsonHelper.m_13808_(GsonHelper.java:463) ~[server-1.20.1-20230612.114412-srg.jar%23535!/:?]
	at net.minecraft.util.GsonHelper.m_13836_(GsonHelper.java:471) ~[server-1.20.1-20230612.114412-srg.jar%23535!/:?]
	at net.minecraft.world.level.storage.loot.LootPool$Serializer.deserialize(LootPool.java:192) ~[server-1.20.1-20230612.114412-srg.jar%23535!/:?]
	at net.minecraft.world.level.storage.loot.LootPool$Serializer.deserialize(LootPool.java:189) ~[server-1.20.1-20230612.114412-srg.jar%23535!/:?]
	at com.google.gson.internal.bind.TreeTypeAdapter.read(TreeTypeAdapter.java:76) ~[gson-2.10.jar%2372!/:?]
	at com.google.gson.internal.bind.TypeAdapterRuntimeTypeWrapper.read(TypeAdapterRuntimeTypeWrapper.java:40) ~[gson-2.10.jar%2372!/:?]
	at com.google.gson.internal.bind.ArrayTypeAdapter.read(ArrayTypeAdapter.java:72) ~[gson-2.10.jar%2372!/:?]
	at com.google.gson.Gson.fromJson(Gson.java:1214) ~[gson-2.10.jar%2372!/:?]
	at com.google.gson.Gson.fromJson(Gson.java:1319) ~[gson-2.10.jar%2372!/:?]
	at com.google.gson.Gson.fromJson(Gson.java:1290) ~[gson-2.10.jar%2372!/:?]
	at com.google.gson.internal.bind.TreeTypeAdapter$GsonContextImpl.deserialize(TreeTypeAdapter.java:179) ~[gson-2.10.jar%2372!/:?]
	at net.minecraft.util.GsonHelper.m_13808_(GsonHelper.java:463) ~[server-1.20.1-20230612.114412-srg.jar%23535!/:?]
	at net.minecraft.util.GsonHelper.m_13845_(GsonHelper.java:481) ~[server-1.20.1-20230612.114412-srg.jar%23535!/:?]
	at net.minecraft.world.level.storage.loot.LootTable$Serializer.deserialize(LootTable.java:294) ~[server-1.20.1-20230612.114412-srg.jar%23535!/:?]
	at net.minecraft.world.level.storage.loot.LootTable$Serializer.deserialize(LootTable.java:291) ~[server-1.20.1-20230612.114412-srg.jar%23535!/:?]
	at com.google.gson.internal.bind.TreeTypeAdapter.read(TreeTypeAdapter.java:76) ~[gson-2.10.jar%2372!/:?]
	at com.google.gson.Gson.fromJson(Gson.java:1214) ~[gson-2.10.jar%2372!/:?]
	at com.google.gson.Gson.fromJson(Gson.java:1319) ~[gson-2.10.jar%2372!/:?]
	at com.google.gson.Gson.fromJson(Gson.java:1261) ~[gson-2.10.jar%2372!/:?]
	at net.minecraftforge.common.ForgeHooks.loadLootTable(ForgeHooks.java:872) ~[forge-1.20.1-47.4.20-universal.jar%23540!/:?]
	at net.minecraftforge.common.ForgeHooks.lambda$getLootTableDeserializer$3(ForgeHooks.java:849) ~[forge-1.20.1-47.4.20-universal.jar%23540!/:?]
	at net.minecraft.world.level.storage.loot.LootDataType.deserialize(LootDataType.java:45) ~[server-1.20.1-20230612.114412-srg.jar%23535!/:?]
	at net.minecraft.world.level.storage.loot.LootDataManager.lambda$scheduleElementParse$4(LootDataManager.java:56) ~[server-1.20.1-20230612.114412-srg.jar%23535!/:?]
	at java.util.HashMap.forEach(HashMap.java:1421) ~[?:?]
	at net.minecraft.world.level.storage.loot.LootDataManager.m_278660_(LootDataManager.java:55) ~[server-1.20.1-20230612.114412-srg.jar%23535!/:?]
	at java.util.concurrent.CompletableFuture$AsyncRun.run(CompletableFuture.java:1804) ~[?:?]
	at java.util.concurrent.CompletableFuture$AsyncRun.exec(CompletableFuture.java:1796) ~[?:?]
	at java.util.concurrent.ForkJoinTask.doExec(ForkJoinTask.java:373) ~[?:?]
	at java.util.concurrent.ForkJoinPool$WorkQueue.topLevelExec(ForkJoinPool.java:1182) ~[?:?]
	at java.util.concurrent.ForkJoinPool.scan(ForkJoinPool.java:1655) ~[?:?]
	at java.util.concurrent.ForkJoinPool.runWorker(ForkJoinPool.java:1622) ~[?:?]
	at java.util.concurrent.ForkJoinWorkerThread.run(ForkJoinWorkerThread.java:165) ~[?:?]
[31Jul2026 21:20:40.855] [Worker-Main-1/ERROR] [net.minecraftforge.common.ForgeHooks/]: Couldn't parse element loot_tables:thirst:chests/bastion_other_bc
com.google.gson.JsonSyntaxException: Expected name to be an item, was unknown string 'brewinandchewin:red_rum'
	at net.minecraft.util.GsonHelper.m_13866_(GsonHelper.java:145) ~[server-1.20.1-20230612.114412-srg.jar%23535!/:?]
	at java.util.Optional.orElseThrow(Optional.java:403) ~[?:?]
	at net.minecraft.util.GsonHelper.m_13874_(GsonHelper.java:145) ~[server-1.20.1-20230612.114412-srg.jar%23535!/:?]
	at net.minecraft.util.GsonHelper.m_13909_(GsonHelper.java:153) ~[server-1.20.1-20230612.114412-srg.jar%23535!/:?]
	at net.minecraft.world.level.storage.loot.entries.LootItem$Serializer.m_7267_(LootItem.java:55) ~[server-1.20.1-20230612.114412-srg.jar%23535!/:?]
	at net.minecraft.world.level.storage.loot.entries.LootItem$Serializer.m_7267_(LootItem.java:40) ~[server-1.20.1-20230612.114412-srg.jar%23535!/:?]
	at net.minecraft.world.level.storage.loot.entries.LootPoolSingletonContainer$Serializer.m_5921_(LootPoolSingletonContainer.java:151) ~[server-1.20.1-20230612.114412-srg.jar%23535!/:?]
	at net.minecraft.world.level.storage.loot.entries.LootPoolSingletonContainer$Serializer.m_5921_(LootPoolSingletonContainer.java:129) ~[server-1.20.1-20230612.114412-srg.jar%23535!/:?]
	at net.minecraft.world.level.storage.loot.entries.LootPoolEntryContainer$Serializer.m_7561_(LootPoolEntryContainer.java:86) ~[server-1.20.1-20230612.114412-srg.jar%23535!/:?]
	at net.minecraft.world.level.storage.loot.entries.LootPoolEntryContainer$Serializer.m_7561_(LootPoolEntryContainer.java:74) ~[server-1.20.1-20230612.114412-srg.jar%23535!/:?]
	at net.minecraft.world.level.storage.loot.GsonAdapterFactory$JsonAdapter.deserialize(GsonAdapterFactory.java:102) ~[server-1.20.1-20230612.114412-srg.jar%23535!/:?]
	at com.google.gson.internal.bind.TreeTypeAdapter.read(TreeTypeAdapter.java:76) ~[gson-2.10.jar%2372!/:?]
	at com.google.gson.internal.bind.TypeAdapterRuntimeTypeWrapper.read(TypeAdapterRuntimeTypeWrapper.java:40) ~[gson-2.10.jar%2372!/:?]
	at com.google.gson.internal.bind.ArrayTypeAdapter.read(ArrayTypeAdapter.java:72) ~[gson-2.10.jar%2372!/:?]
	at com.google.gson.Gson.fromJson(Gson.java:1214) ~[gson-2.10.jar%2372!/:?]
	at com.google.gson.Gson.fromJson(Gson.java:1319) ~[gson-2.10.jar%2372!/:?]
	at com.google.gson.Gson.fromJson(Gson.java:1290) ~[gson-2.10.jar%2372!/:?]
	at com.google.gson.internal.bind.TreeTypeAdapter$GsonContextImpl.deserialize(TreeTypeAdapter.java:179) ~[gson-2.10.jar%2372!/:?]
	at net.minecraft.util.GsonHelper.m_13808_(GsonHelper.java:463) ~[server-1.20.1-20230612.114412-srg.jar%23535!/:?]
	at net.minecraft.util.GsonHelper.m_13836_(GsonHelper.java:471) ~[server-1.20.1-20230612.114412-srg.jar%23535!/:?]
	at net.minecraft.world.level.storage.loot.LootPool$Serializer.deserialize(LootPool.java:192) ~[server-1.20.1-20230612.114412-srg.jar%23535!/:?]
	at net.minecraft.world.level.storage.loot.LootPool$Serializer.deserialize(LootPool.java:189) ~[server-1.20.1-20230612.114412-srg.jar%23535!/:?]
	at com.google.gson.internal.bind.TreeTypeAdapter.read(TreeTypeAdapter.java:76) ~[gson-2.10.jar%2372!/:?]
	at com.google.gson.internal.bind.TypeAdapterRuntimeTypeWrapper.read(TypeAdapterRuntimeTypeWrapper.java:40) ~[gson-2.10.jar%2372!/:?]
	at com.google.gson.internal.bind.ArrayTypeAdapter.read(ArrayTypeAdapter.java:72) ~[gson-2.10.jar%2372!/:?]
	at com.google.gson.Gson.fromJson(Gson.java:1214) ~[gson-2.10.jar%2372!/:?]
	at com.google.gson.Gson.fromJson(Gson.java:1319) ~[gson-2.10.jar%2372!/:?]
	at com.google.gson.Gson.fromJson(Gson.java:1290) ~[gson-2.10.jar%2372!/:?]
	at com.google.gson.internal.bind.TreeTypeAdapter$GsonContextImpl.deserialize(TreeTypeAdapter.java:179) ~[gson-2.10.jar%2372!/:?]
	at net.minecraft.util.GsonHelper.m_13808_(GsonHelper.java:463) ~[server-1.20.1-20230612.114412-srg.jar%23535!/:?]
	at net.minecraft.util.GsonHelper.m_13845_(GsonHelper.java:481) ~[server-1.20.1-20230612.114412-srg.jar%23535!/:?]
	at net.minecraft.world.level.storage.loot.LootTable$Serializer.deserialize(LootTable.java:294) ~[server-1.20.1-20230612.114412-srg.jar%23535!/:?]
	at net.minecraft.world.level.storage.loot.LootTable$Serializer.deserialize(LootTable.java:291) ~[server-1.20.1-20230612.114412-srg.jar%23535!/:?]
	at com.google.gson.internal.bind.TreeTypeAdapter.read(TreeTypeAdapter.java:76) ~[gson-2.10.jar%2372!/:?]
	at com.google.gson.Gson.fromJson(Gson.java:1214) ~[gson-2.10.jar%2372!/:?]
	at com.google.gson.Gson.fromJson(Gson.java:1319) ~[gson-2.10.jar%2372!/:?]
	at com.google.gson.Gson.fromJson(Gson.java:1261) ~[gson-2.10.jar%2372!/:?]
	at net.minecraftforge.common.ForgeHooks.loadLootTable(ForgeHooks.java:872) ~[forge-1.20.1-47.4.20-universal.jar%23540!/:?]
	at net.minecraftforge.common.ForgeHooks.lambda$getLootTableDeserializer$3(ForgeHooks.java:849) ~[forge-1.20.1-47.4.20-universal.jar%23540!/:?]
	at net.minecraft.world.level.storage.loot.LootDataType.deserialize(LootDataType.java:45) ~[server-1.20.1-20230612.114412-srg.jar%23535!/:?]
	at net.minecraft.world.level.storage.loot.LootDataManager.lambda$scheduleElementParse$4(LootDataManager.java:56) ~[server-1.20.1-20230612.114412-srg.jar%23535!/:?]
	at java.util.HashMap.forEach(HashMap.java:1421) ~[?:?]
	at net.minecraft.world.level.storage.loot.LootDataManager.m_278660_(LootDataManager.java:55) ~[server-1.20.1-20230612.114412-srg.jar%23535!/:?]
	at java.util.concurrent.CompletableFuture$AsyncRun.run(CompletableFuture.java:1804) ~[?:?]
	at java.util.concurrent.CompletableFuture$AsyncRun.exec(CompletableFuture.java:1796) ~[?:?]
	at java.util.concurrent.ForkJoinTask.doExec(ForkJoinTask.java:373) ~[?:?]
	at java.util.concurrent.ForkJoinPool$WorkQueue.topLevelExec(ForkJoinPool.java:1182) ~[?:?]
	at java.util.concurrent.ForkJoinPool.scan(ForkJoinPool.java:1655) ~[?:?]
	at java.util.concurrent.ForkJoinPool.runWorker(ForkJoinPool.java:1622) ~[?:?]
	at java.util.concurrent.ForkJoinWorkerThread.run(ForkJoinWorkerThread.java:165) ~[?:?]
[31Jul2026 21:20:41.018] [Worker-Main-1/ERROR] [net.minecraftforge.common.ForgeHooks/]: Couldn't parse element loot_tables:thirst:chests/bastion_other_fr
com.google.gson.JsonSyntaxException: Expected name to be an item, was unknown string 'farmersrespite:rose_hip_tea'
	at net.minecraft.util.GsonHelper.m_13866_(GsonHelper.java:145) ~[server-1.20.1-20230612.114412-srg.jar%23535!/:?]
	at java.util.Optional.orElseThrow(Optional.java:403) ~[?:?]
	at net.minecraft.util.GsonHelper.m_13874_(GsonHelper.java:145) ~[server-1.20.1-20230612.114412-srg.jar%23535!/:?]
	at net.minecraft.util.GsonHelper.m_13909_(GsonHelper.java:153) ~[server-1.20.1-20230612.114412-srg.jar%23535!/:?]
	at net.minecraft.world.level.storage.loot.entries.LootItem$Serializer.m_7267_(LootItem.java:55) ~[server-1.20.1-20230612.114412-srg.jar%23535!/:?]
	at net.minecraft.world.level.storage.loot.entries.LootItem$Serializer.m_7267_(LootItem.java:40) ~[server-1.20.1-20230612.114412-srg.jar%23535!/:?]
	at net.minecraft.world.level.storage.loot.entries.LootPoolSingletonContainer$Serializer.m_5921_(LootPoolSingletonContainer.java:151) ~[server-1.20.1-20230612.114412-srg.jar%23535!/:?]
	at net.minecraft.world.level.storage.loot.entries.LootPoolSingletonContainer$Serializer.m_5921_(LootPoolSingletonContainer.java:129) ~[server-1.20.1-20230612.114412-srg.jar%23535!/:?]
	at net.minecraft.world.level.storage.loot.entries.LootPoolEntryContainer$Serializer.m_7561_(LootPoolEntryContainer.java:86) ~[server-1.20.1-20230612.114412-srg.jar%23535!/:?]
	at net.minecraft.world.level.storage.loot.entries.LootPoolEntryContainer$Serializer.m_7561_(LootPoolEntryContainer.java:74) ~[server-1.20.1-20230612.114412-srg.jar%23535!/:?]
	at net.minecraft.world.level.storage.loot.GsonAdapterFactory$JsonAdapter.deserialize(GsonAdapterFactory.java:102) ~[server-1.20.1-20230612.114412-srg.jar%23535!/:?]
	at com.google.gson.internal.bind.TreeTypeAdapter.read(TreeTypeAdapter.java:76) ~[gson-2.10.jar%2372!/:?]
	at com.google.gson.internal.bind.TypeAdapterRuntimeTypeWrapper.read(TypeAdapterRuntimeTypeWrapper.java:40) ~[gson-2.10.jar%2372!/:?]
	at com.google.gson.internal.bind.ArrayTypeAdapter.read(ArrayTypeAdapter.java:72) ~[gson-2.10.jar%2372!/:?]
	at com.google.gson.Gson.fromJson(Gson.java:1214) ~[gson-2.10.jar%2372!/:?]
	at com.google.gson.Gson.fromJson(Gson.java:1319) ~[gson-2.10.jar%2372!/:?]
	at com.google.gson.Gson.fromJson(Gson.java:1290) ~[gson-2.10.jar%2372!/:?]
	at com.google.gson.internal.bind.TreeTypeAdapter$GsonContextImpl.deserialize(TreeTypeAdapter.java:179) ~[gson-2.10.jar%2372!/:?]
	at net.minecraft.util.GsonHelper.m_13808_(GsonHelper.java:463) ~[server-1.20.1-20230612.114412-srg.jar%23535!/:?]
	at net.minecraft.util.GsonHelper.m_13836_(GsonHelper.java:471) ~[server-1.20.1-20230612.114412-srg.jar%23535!/:?]
	at net.minecraft.world.level.storage.loot.LootPool$Serializer.deserialize(LootPool.java:192) ~[server-1.20.1-20230612.114412-srg.jar%23535!/:?]
	at net.minecraft.world.level.storage.loot.LootPool$Serializer.deserialize(LootPool.java:189) ~[server-1.20.1-20230612.114412-srg.jar%23535!/:?]
	at com.google.gson.internal.bind.TreeTypeAdapter.read(TreeTypeAdapter.java:76) ~[gson-2.10.jar%2372!/:?]
	at com.google.gson.internal.bind.TypeAdapterRuntimeTypeWrapper.read(TypeAdapterRuntimeTypeWrapper.java:40) ~[gson-2.10.jar%2372!/:?]
	at com.google.gson.internal.bind.ArrayTypeAdapter.read(ArrayTypeAdapter.java:72) ~[gson-2.10.jar%2372!/:?]
	at com.google.gson.Gson.fromJson(Gson.java:1214) ~[gson-2.10.jar%2372!/:?]
	at com.google.gson.Gson.fromJson(Gson.java:1319) ~[gson-2.10.jar%2372!/:?]
	at com.google.gson.Gson.fromJson(Gson.java:1290) ~[gson-2.10.jar%2372!/:?]
	at com.google.gson.internal.bind.TreeTypeAdapter$GsonContextImpl.deserialize(TreeTypeAdapter.java:179) ~[gson-2.10.jar%2372!/:?]
	at net.minecraft.util.GsonHelper.m_13808_(GsonHelper.java:463) ~[server-1.20.1-20230612.114412-srg.jar%23535!/:?]
	at net.minecraft.util.GsonHelper.m_13845_(GsonHelper.java:481) ~[server-1.20.1-20230612.114412-srg.jar%23535!/:?]
	at net.minecraft.world.level.storage.loot.LootTable$Serializer.deserialize(LootTable.java:294) ~[server-1.20.1-20230612.114412-srg.jar%23535!/:?]
	at net.minecraft.world.level.storage.loot.LootTable$Serializer.deserialize(LootTable.java:291) ~[server-1.20.1-20230612.114412-srg.jar%23535!/:?]
	at com.google.gson.internal.bind.TreeTypeAdapter.read(TreeTypeAdapter.java:76) ~[gson-2.10.jar%2372!/:?]
	at com.google.gson.Gson.fromJson(Gson.java:1214) ~[gson-2.10.jar%2372!/:?]
	at com.google.gson.Gson.fromJson(Gson.java:1319) ~[gson-2.10.jar%2372!/:?]
	at com.google.gson.Gson.fromJson(Gson.java:1261) ~[gson-2.10.jar%2372!/:?]
	at net.minecraftforge.common.ForgeHooks.loadLootTable(ForgeHooks.java:872) ~[forge-1.20.1-47.4.20-universal.jar%23540!/:?]
	at net.minecraftforge.common.ForgeHooks.lambda$getLootTableDeserializer$3(ForgeHooks.java:849) ~[forge-1.20.1-47.4.20-universal.jar%23540!/:?]
	at net.minecraft.world.level.storage.loot.LootDataType.deserialize(LootDataType.java:45) ~[server-1.20.1-20230612.114412-srg.jar%23535!/:?]
	at net.minecraft.world.level.storage.loot.LootDataManager.lambda$scheduleElementParse$4(LootDataManager.java:56) ~[server-1.20.1-20230612.114412-srg.jar%23535!/:?]
	at java.util.HashMap.forEach(HashMap.java:1421) ~[?:?]
	at net.minecraft.world.level.storage.loot.LootDataManager.m_278660_(LootDataManager.java:55) ~[server-1.20.1-20230612.114412-srg.jar%23535!/:?]
	at java.util.concurrent.CompletableFuture$AsyncRun.run(CompletableFuture.java:1804) ~[?:?]
	at java.util.concurrent.CompletableFuture$AsyncRun.exec(CompletableFuture.java:1796) ~[?:?]
	at java.util.concurrent.ForkJoinTask.doExec(ForkJoinTask.java:373) ~[?:?]
	at java.util.concurrent.ForkJoinPool$WorkQueue.topLevelExec(ForkJoinPool.java:1182) ~[?:?]
	at java.util.concurrent.ForkJoinPool.scan(ForkJoinPool.java:1655) ~[?:?]
	at java.util.concurrent.ForkJoinPool.runWorker(ForkJoinPool.java:1622) ~[?:?]
	at java.util.concurrent.ForkJoinWorkerThread.run(ForkJoinWorkerThread.java:165) ~[?:?]
[31Jul2026 21:20:41.042] [Worker-Main-1/ERROR] [net.minecraftforge.common.ForgeHooks/]: Couldn't parse element loot_tables:thirst:chests/abandoned_mineshaft_fr
com.google.gson.JsonSyntaxException: Expected name to be an item, was unknown string 'farmersdelight:apple_cider'
	at net.minecraft.util.GsonHelper.m_13866_(GsonHelper.java:145) ~[server-1.20.1-20230612.114412-srg.jar%23535!/:?]
	at java.util.Optional.orElseThrow(Optional.java:403) ~[?:?]
	at net.minecraft.util.GsonHelper.m_13874_(GsonHelper.java:145) ~[server-1.20.1-20230612.114412-srg.jar%23535!/:?]
	at net.minecraft.util.GsonHelper.m_13909_(GsonHelper.java:153) ~[server-1.20.1-20230612.114412-srg.jar%23535!/:?]
	at net.minecraft.world.level.storage.loot.entries.LootItem$Serializer.m_7267_(LootItem.java:55) ~[server-1.20.1-20230612.114412-srg.jar%23535!/:?]
	at net.minecraft.world.level.storage.loot.entries.LootItem$Serializer.m_7267_(LootItem.java:40) ~[server-1.20.1-20230612.114412-srg.jar%23535!/:?]
	at net.minecraft.world.level.storage.loot.entries.LootPoolSingletonContainer$Serializer.m_5921_(LootPoolSingletonContainer.java:151) ~[server-1.20.1-20230612.114412-srg.jar%23535!/:?]
	at net.minecraft.world.level.storage.loot.entries.LootPoolSingletonContainer$Serializer.m_5921_(LootPoolSingletonContainer.java:129) ~[server-1.20.1-20230612.114412-srg.jar%23535!/:?]
	at net.minecraft.world.level.storage.loot.entries.LootPoolEntryContainer$Serializer.m_7561_(LootPoolEntryContainer.java:86) ~[server-1.20.1-20230612.114412-srg.jar%23535!/:?]
	at net.minecraft.world.level.storage.loot.entries.LootPoolEntryContainer$Serializer.m_7561_(LootPoolEntryContainer.java:74) ~[server-1.20.1-20230612.114412-srg.jar%23535!/:?]
	at net.minecraft.world.level.storage.loot.GsonAdapterFactory$JsonAdapter.deserialize(GsonAdapterFactory.java:102) ~[server-1.20.1-20230612.114412-srg.jar%23535!/:?]
	at com.google.gson.internal.bind.TreeTypeAdapter.read(TreeTypeAdapter.java:76) ~[gson-2.10.jar%2372!/:?]
	at com.google.gson.internal.bind.TypeAdapterRuntimeTypeWrapper.read(TypeAdapterRuntimeTypeWrapper.java:40) ~[gson-2.10.jar%2372!/:?]
	at com.google.gson.internal.bind.ArrayTypeAdapter.read(ArrayTypeAdapter.java:72) ~[gson-2.10.jar%2372!/:?]
	at com.google.gson.Gson.fromJson(Gson.java:1214) ~[gson-2.10.jar%2372!/:?]
	at com.google.gson.Gson.fromJson(Gson.java:1319) ~[gson-2.10.jar%2372!/:?]
	at com.google.gson.Gson.fromJson(Gson.java:1290) ~[gson-2.10.jar%2372!/:?]
	at com.google.gson.internal.bind.TreeTypeAdapter$GsonContextImpl.deserialize(TreeTypeAdapter.java:179) ~[gson-2.10.jar%2372!/:?]
	at net.minecraft.util.GsonHelper.m_13808_(GsonHelper.java:463) ~[server-1.20.1-20230612.114412-srg.jar%23535!/:?]
	at net.minecraft.util.GsonHelper.m_13836_(GsonHelper.java:471) ~[server-1.20.1-20230612.114412-srg.jar%23535!/:?]
	at net.minecraft.world.level.storage.loot.LootPool$Serializer.deserialize(LootPool.java:192) ~[server-1.20.1-20230612.114412-srg.jar%23535!/:?]
	at net.minecraft.world.level.storage.loot.LootPool$Serializer.deserialize(LootPool.java:189) ~[server-1.20.1-20230612.114412-srg.jar%23535!/:?]
	at com.google.gson.internal.bind.TreeTypeAdapter.read(TreeTypeAdapter.java:76) ~[gson-2.10.jar%2372!/:?]
	at com.google.gson.internal.bind.TypeAdapterRuntimeTypeWrapper.read(TypeAdapterRuntimeTypeWrapper.java:40) ~[gson-2.10.jar%2372!/:?]
	at com.google.gson.internal.bind.ArrayTypeAdapter.read(ArrayTypeAdapter.java:72) ~[gson-2.10.jar%2372!/:?]
	at com.google.gson.Gson.fromJson(Gson.java:1214) ~[gson-2.10.jar%2372!/:?]
	at com.google.gson.Gson.fromJson(Gson.java:1319) ~[gson-2.10.jar%2372!/:?]
	at com.google.gson.Gson.fromJson(Gson.java:1290) ~[gson-2.10.jar%2372!/:?]
	at com.google.gson.internal.bind.TreeTypeAdapter$GsonContextImpl.deserialize(TreeTypeAdapter.java:179) ~[gson-2.10.jar%2372!/:?]
	at net.minecraft.util.GsonHelper.m_13808_(GsonHelper.java:463) ~[server-1.20.1-20230612.114412-srg.jar%23535!/:?]
	at net.minecraft.util.GsonHelper.m_13845_(GsonHelper.java:481) ~[server-1.20.1-20230612.114412-srg.jar%23535!/:?]
	at net.minecraft.world.level.storage.loot.LootTable$Serializer.deserialize(LootTable.java:294) ~[server-1.20.1-20230612.114412-srg.jar%23535!/:?]
	at net.minecraft.world.level.storage.loot.LootTable$Serializer.deserialize(LootTable.java:291) ~[server-1.20.1-20230612.114412-srg.jar%23535!/:?]
	at com.google.gson.internal.bind.TreeTypeAdapter.read(TreeTypeAdapter.java:76) ~[gson-2.10.jar%2372!/:?]
	at com.google.gson.Gson.fromJson(Gson.java:1214) ~[gson-2.10.jar%2372!/:?]
	at com.google.gson.Gson.fromJson(Gson.java:1319) ~[gson-2.10.jar%2372!/:?]
	at com.google.gson.Gson.fromJson(Gson.java:1261) ~[gson-2.10.jar%2372!/:?]
	at net.minecraftforge.common.ForgeHooks.loadLootTable(ForgeHooks.java:872) ~[forge-1.20.1-47.4.20-universal.jar%23540!/:?]
	at net.minecraftforge.common.ForgeHooks.lambda$getLootTableDeserializer$3(ForgeHooks.java:849) ~[forge-1.20.1-47.4.20-universal.jar%23540!/:?]
	at net.minecraft.world.level.storage.loot.LootDataType.deserialize(LootDataType.java:45) ~[server-1.20.1-20230612.114412-srg.jar%23535!/:?]
	at net.minecraft.world.level.storage.loot.LootDataManager.lambda$scheduleElementParse$4(LootDataManager.java:56) ~[server-1.20.1-20230612.114412-srg.jar%23535!/:?]
	at java.util.HashMap.forEach(HashMap.java:1421) ~[?:?]
	at net.minecraft.world.level.storage.loot.LootDataManager.m_278660_(LootDataManager.java:55) ~[server-1.20.1-20230612.114412-srg.jar%23535!/:?]
	at java.util.concurrent.CompletableFuture$AsyncRun.run(CompletableFuture.java:1804) ~[?:?]
	at java.util.concurrent.CompletableFuture$AsyncRun.exec(CompletableFuture.java:1796) ~[?:?]
	at java.util.concurrent.ForkJoinTask.doExec(ForkJoinTask.java:373) ~[?:?]
	at java.util.concurrent.ForkJoinPool$WorkQueue.topLevelExec(ForkJoinPool.java:1182) ~[?:?]
	at java.util.concurrent.ForkJoinPool.scan(ForkJoinPool.java:1655) ~[?:?]
	at java.util.concurrent.ForkJoinPool.runWorker(ForkJoinPool.java:1622) ~[?:?]
	at java.util.concurrent.ForkJoinWorkerThread.run(ForkJoinWorkerThread.java:165) ~[?:?]
[31Jul2026 21:20:41.083] [Worker-Main-1/ERROR] [net.minecraftforge.common.ForgeHooks/]: Couldn't parse element loot_tables:thirst:chests/abandoned_mineshaft_bc
com.google.gson.JsonSyntaxException: Expected name to be an item, was unknown string 'brewinandchewin:beer'
	at net.minecraft.util.GsonHelper.m_13866_(GsonHelper.java:145) ~[server-1.20.1-20230612.114412-srg.jar%23535!/:?]
	at java.util.Optional.orElseThrow(Optional.java:403) ~[?:?]
	at net.minecraft.util.GsonHelper.m_13874_(GsonHelper.java:145) ~[server-1.20.1-20230612.114412-srg.jar%23535!/:?]
	at net.minecraft.util.GsonHelper.m_13909_(GsonHelper.java:153) ~[server-1.20.1-20230612.114412-srg.jar%23535!/:?]
	at net.minecraft.world.level.storage.loot.entries.LootItem$Serializer.m_7267_(LootItem.java:55) ~[server-1.20.1-20230612.114412-srg.jar%23535!/:?]
	at net.minecraft.world.level.storage.loot.entries.LootItem$Serializer.m_7267_(LootItem.java:40) ~[server-1.20.1-20230612.114412-srg.jar%23535!/:?]
	at net.minecraft.world.level.storage.loot.entries.LootPoolSingletonContainer$Serializer.m_5921_(LootPoolSingletonContainer.java:151) ~[server-1.20.1-20230612.114412-srg.jar%23535!/:?]
	at net.minecraft.world.level.storage.loot.entries.LootPoolSingletonContainer$Serializer.m_5921_(LootPoolSingletonContainer.java:129) ~[server-1.20.1-20230612.114412-srg.jar%23535!/:?]
	at net.minecraft.world.level.storage.loot.entries.LootPoolEntryContainer$Serializer.m_7561_(LootPoolEntryContainer.java:86) ~[server-1.20.1-20230612.114412-srg.jar%23535!/:?]
	at net.minecraft.world.level.storage.loot.entries.LootPoolEntryContainer$Serializer.m_7561_(LootPoolEntryContainer.java:74) ~[server-1.20.1-20230612.114412-srg.jar%23535!/:?]
	at net.minecraft.world.level.storage.loot.GsonAdapterFactory$JsonAdapter.deserialize(GsonAdapterFactory.java:102) ~[server-1.20.1-20230612.114412-srg.jar%23535!/:?]
	at com.google.gson.internal.bind.TreeTypeAdapter.read(TreeTypeAdapter.java:76) ~[gson-2.10.jar%2372!/:?]
	at com.google.gson.internal.bind.TypeAdapterRuntimeTypeWrapper.read(TypeAdapterRuntimeTypeWrapper.java:40) ~[gson-2.10.jar%2372!/:?]
	at com.google.gson.internal.bind.ArrayTypeAdapter.read(ArrayTypeAdapter.java:72) ~[gson-2.10.jar%2372!/:?]
	at com.google.gson.Gson.fromJson(Gson.java:1214) ~[gson-2.10.jar%2372!/:?]
	at com.google.gson.Gson.fromJson(Gson.java:1319) ~[gson-2.10.jar%2372!/:?]
	at com.google.gson.Gson.fromJson(Gson.java:1290) ~[gson-2.10.jar%2372!/:?]
	at com.google.gson.internal.bind.TreeTypeAdapter$GsonContextImpl.deserialize(TreeTypeAdapter.java:179) ~[gson-2.10.jar%2372!/:?]
	at net.minecraft.util.GsonHelper.m_13808_(GsonHelper.java:463) ~[server-1.20.1-20230612.114412-srg.jar%23535!/:?]
	at net.minecraft.util.GsonHelper.m_13836_(GsonHelper.java:471) ~[server-1.20.1-20230612.114412-srg.jar%23535!/:?]
	at net.minecraft.world.level.storage.loot.LootPool$Serializer.deserialize(LootPool.java:192) ~[server-1.20.1-20230612.114412-srg.jar%23535!/:?]
	at net.minecraft.world.level.storage.loot.LootPool$Serializer.deserialize(LootPool.java:189) ~[server-1.20.1-20230612.114412-srg.jar%23535!/:?]
	at com.google.gson.internal.bind.TreeTypeAdapter.read(TreeTypeAdapter.java:76) ~[gson-2.10.jar%2372!/:?]
	at com.google.gson.internal.bind.TypeAdapterRuntimeTypeWrapper.read(TypeAdapterRuntimeTypeWrapper.java:40) ~[gson-2.10.jar%2372!/:?]
	at com.google.gson.internal.bind.ArrayTypeAdapter.read(ArrayTypeAdapter.java:72) ~[gson-2.10.jar%2372!/:?]
	at com.google.gson.Gson.fromJson(Gson.java:1214) ~[gson-2.10.jar%2372!/:?]
	at com.google.gson.Gson.fromJson(Gson.java:1319) ~[gson-2.10.jar%2372!/:?]
	at com.google.gson.Gson.fromJson(Gson.java:1290) ~[gson-2.10.jar%2372!/:?]
	at com.google.gson.internal.bind.TreeTypeAdapter$GsonContextImpl.deserialize(TreeTypeAdapter.java:179) ~[gson-2.10.jar%2372!/:?]
	at net.minecraft.util.GsonHelper.m_13808_(GsonHelper.java:463) ~[server-1.20.1-20230612.114412-srg.jar%23535!/:?]
	at net.minecraft.util.GsonHelper.m_13845_(GsonHelper.java:481) ~[server-1.20.1-20230612.114412-srg.jar%23535!/:?]
	at net.minecraft.world.level.storage.loot.LootTable$Serializer.deserialize(LootTable.java:294) ~[server-1.20.1-20230612.114412-srg.jar%23535!/:?]
	at net.minecraft.world.level.storage.loot.LootTable$Serializer.deserialize(LootTable.java:291) ~[server-1.20.1-20230612.114412-srg.jar%23535!/:?]
	at com.google.gson.internal.bind.TreeTypeAdapter.read(TreeTypeAdapter.java:76) ~[gson-2.10.jar%2372!/:?]
	at com.google.gson.Gson.fromJson(Gson.java:1214) ~[gson-2.10.jar%2372!/:?]
	at com.google.gson.Gson.fromJson(Gson.java:1319) ~[gson-2.10.jar%2372!/:?]
	at com.google.gson.Gson.fromJson(Gson.java:1261) ~[gson-2.10.jar%2372!/:?]
	at net.minecraftforge.common.ForgeHooks.loadLootTable(ForgeHooks.java:872) ~[forge-1.20.1-47.4.20-universal.jar%23540!/:?]
	at net.minecraftforge.common.ForgeHooks.lambda$getLootTableDeserializer$3(ForgeHooks.java:849) ~[forge-1.20.1-47.4.20-universal.jar%23540!/:?]
	at net.minecraft.world.level.storage.loot.LootDataType.deserialize(LootDataType.java:45) ~[server-1.20.1-20230612.114412-srg.jar%23535!/:?]
	at net.minecraft.world.level.storage.loot.LootDataManager.lambda$scheduleElementParse$4(LootDataManager.java:56) ~[server-1.20.1-20230612.114412-srg.jar%23535!/:?]
	at java.util.HashMap.forEach(HashMap.java:1421) ~[?:?]
	at net.minecraft.world.level.storage.loot.LootDataManager.m_278660_(LootDataManager.java:55) ~[server-1.20.1-20230612.114412-srg.jar%23535!/:?]
	at java.util.concurrent.CompletableFuture$AsyncRun.run(CompletableFuture.java:1804) ~[?:?]
	at java.util.concurrent.CompletableFuture$AsyncRun.exec(CompletableFuture.java:1796) ~[?:?]
	at java.util.concurrent.ForkJoinTask.doExec(ForkJoinTask.java:373) ~[?:?]
	at java.util.concurrent.ForkJoinPool$WorkQueue.topLevelExec(ForkJoinPool.java:1182) ~[?:?]
	at java.util.concurrent.ForkJoinPool.scan(ForkJoinPool.java:1655) ~[?:?]
	at java.util.concurrent.ForkJoinPool.runWorker(ForkJoinPool.java:1622) ~[?:?]
	at java.util.concurrent.ForkJoinWorkerThread.run(ForkJoinWorkerThread.java:165) ~[?:?]
[31Jul2026 21:20:41.102] [Worker-Main-1/ERROR] [net.minecraftforge.common.ForgeHooks/]: Couldn't parse element loot_tables:thirst:chests/nether_bridge_fr
com.google.gson.JsonSyntaxException: Expected name to be an item, was unknown string 'farmersrespite:rose_hip_tea'
	at net.minecraft.util.GsonHelper.m_13866_(GsonHelper.java:145) ~[server-1.20.1-20230612.114412-srg.jar%23535!/:?]
	at java.util.Optional.orElseThrow(Optional.java:403) ~[?:?]
	at net.minecraft.util.GsonHelper.m_13874_(GsonHelper.java:145) ~[server-1.20.1-20230612.114412-srg.jar%23535!/:?]
	at net.minecraft.util.GsonHelper.m_13909_(GsonHelper.java:153) ~[server-1.20.1-20230612.114412-srg.jar%23535!/:?]
	at net.minecraft.world.level.storage.loot.entries.LootItem$Serializer.m_7267_(LootItem.java:55) ~[server-1.20.1-20230612.114412-srg.jar%23535!/:?]
	at net.minecraft.world.level.storage.loot.entries.LootItem$Serializer.m_7267_(LootItem.java:40) ~[server-1.20.1-20230612.114412-srg.jar%23535!/:?]
	at net.minecraft.world.level.storage.loot.entries.LootPoolSingletonContainer$Serializer.m_5921_(LootPoolSingletonContainer.java:151) ~[server-1.20.1-20230612.114412-srg.jar%23535!/:?]
	at net.minecraft.world.level.storage.loot.entries.LootPoolSingletonContainer$Serializer.m_5921_(LootPoolSingletonContainer.java:129) ~[server-1.20.1-20230612.114412-srg.jar%23535!/:?]
	at net.minecraft.world.level.storage.loot.entries.LootPoolEntryContainer$Serializer.m_7561_(LootPoolEntryContainer.java:86) ~[server-1.20.1-20230612.114412-srg.jar%23535!/:?]
	at net.minecraft.world.level.storage.loot.entries.LootPoolEntryContainer$Serializer.m_7561_(LootPoolEntryContainer.java:74) ~[server-1.20.1-20230612.114412-srg.jar%23535!/:?]
	at net.minecraft.world.level.storage.loot.GsonAdapterFactory$JsonAdapter.deserialize(GsonAdapterFactory.java:102) ~[server-1.20.1-20230612.114412-srg.jar%23535!/:?]
	at com.google.gson.internal.bind.TreeTypeAdapter.read(TreeTypeAdapter.java:76) ~[gson-2.10.jar%2372!/:?]
	at com.google.gson.internal.bind.TypeAdapterRuntimeTypeWrapper.read(TypeAdapterRuntimeTypeWrapper.java:40) ~[gson-2.10.jar%2372!/:?]
	at com.google.gson.internal.bind.ArrayTypeAdapter.read(ArrayTypeAdapter.java:72) ~[gson-2.10.jar%2372!/:?]
	at com.google.gson.Gson.fromJson(Gson.java:1214) ~[gson-2.10.jar%2372!/:?]
	at com.google.gson.Gson.fromJson(Gson.java:1319) ~[gson-2.10.jar%2372!/:?]
	at com.google.gson.Gson.fromJson(Gson.java:1290) ~[gson-2.10.jar%2372!/:?]
	at com.google.gson.internal.bind.TreeTypeAdapter$GsonContextImpl.deserialize(TreeTypeAdapter.java:179) ~[gson-2.10.jar%2372!/:?]
	at net.minecraft.util.GsonHelper.m_13808_(GsonHelper.java:463) ~[server-1.20.1-20230612.114412-srg.jar%23535!/:?]
	at net.minecraft.util.GsonHelper.m_13836_(GsonHelper.java:471) ~[server-1.20.1-20230612.114412-srg.jar%23535!/:?]
	at net.minecraft.world.level.storage.loot.LootPool$Serializer.deserialize(LootPool.java:192) ~[server-1.20.1-20230612.114412-srg.jar%23535!/:?]
	at net.minecraft.world.level.storage.loot.LootPool$Serializer.deserialize(LootPool.java:189) ~[server-1.20.1-20230612.114412-srg.jar%23535!/:?]
	at com.google.gson.internal.bind.TreeTypeAdapter.read(TreeTypeAdapter.java:76) ~[gson-2.10.jar%2372!/:?]
	at com.google.gson.internal.bind.TypeAdapterRuntimeTypeWrapper.read(TypeAdapterRuntimeTypeWrapper.java:40) ~[gson-2.10.jar%2372!/:?]
	at com.google.gson.internal.bind.ArrayTypeAdapter.read(ArrayTypeAdapter.java:72) ~[gson-2.10.jar%2372!/:?]
	at com.google.gson.Gson.fromJson(Gson.java:1214) ~[gson-2.10.jar%2372!/:?]
	at com.google.gson.Gson.fromJson(Gson.java:1319) ~[gson-2.10.jar%2372!/:?]
	at com.google.gson.Gson.fromJson(Gson.java:1290) ~[gson-2.10.jar%2372!/:?]
	at com.google.gson.internal.bind.TreeTypeAdapter$GsonContextImpl.deserialize(TreeTypeAdapter.java:179) ~[gson-2.10.jar%2372!/:?]
	at net.minecraft.util.GsonHelper.m_13808_(GsonHelper.java:463) ~[server-1.20.1-20230612.114412-srg.jar%23535!/:?]
	at net.minecraft.util.GsonHelper.m_13845_(GsonHelper.java:481) ~[server-1.20.1-20230612.114412-srg.jar%23535!/:?]
	at net.minecraft.world.level.storage.loot.LootTable$Serializer.deserialize(LootTable.java:294) ~[server-1.20.1-20230612.114412-srg.jar%23535!/:?]
	at net.minecraft.world.level.storage.loot.LootTable$Serializer.deserialize(LootTable.java:291) ~[server-1.20.1-20230612.114412-srg.jar%23535!/:?]
	at com.google.gson.internal.bind.TreeTypeAdapter.read(TreeTypeAdapter.java:76) ~[gson-2.10.jar%2372!/:?]
	at com.google.gson.Gson.fromJson(Gson.java:1214) ~[gson-2.10.jar%2372!/:?]
	at com.google.gson.Gson.fromJson(Gson.java:1319) ~[gson-2.10.jar%2372!/:?]
	at com.google.gson.Gson.fromJson(Gson.java:1261) ~[gson-2.10.jar%2372!/:?]
	at net.minecraftforge.common.ForgeHooks.loadLootTable(ForgeHooks.java:872) ~[forge-1.20.1-47.4.20-universal.jar%23540!/:?]
	at net.minecraftforge.common.ForgeHooks.lambda$getLootTableDeserializer$3(ForgeHooks.java:849) ~[forge-1.20.1-47.4.20-universal.jar%23540!/:?]
	at net.minecraft.world.level.storage.loot.LootDataType.deserialize(LootDataType.java:45) ~[server-1.20.1-20230612.114412-srg.jar%23535!/:?]
	at net.minecraft.world.level.storage.loot.LootDataManager.lambda$scheduleElementParse$4(LootDataManager.java:56) ~[server-1.20.1-20230612.114412-srg.jar%23535!/:?]
	at java.util.HashMap.forEach(HashMap.java:1421) ~[?:?]
	at net.minecraft.world.level.storage.loot.LootDataManager.m_278660_(LootDataManager.java:55) ~[server-1.20.1-20230612.114412-srg.jar%23535!/:?]
	at java.util.concurrent.CompletableFuture$AsyncRun.run(CompletableFuture.java:1804) ~[?:?]
	at java.util.concurrent.CompletableFuture$AsyncRun.exec(CompletableFuture.java:1796) ~[?:?]
	at java.util.concurrent.ForkJoinTask.doExec(ForkJoinTask.java:373) ~[?:?]
	at java.util.concurrent.ForkJoinPool$WorkQueue.topLevelExec(ForkJoinPool.java:1182) ~[?:?]
	at java.util.concurrent.ForkJoinPool.scan(ForkJoinPool.java:1655) ~[?:?]
	at java.util.concurrent.ForkJoinPool.runWorker(ForkJoinPool.java:1622) ~[?:?]
	at java.util.concurrent.ForkJoinWorkerThread.run(ForkJoinWorkerThread.java:165) ~[?:?]
[31Jul2026 21:20:41.148] [Worker-Main-1/ERROR] [net.minecraftforge.common.ForgeHooks/]: Couldn't parse element loot_tables:thirst:chests/nether_bridge_bc
com.google.gson.JsonSyntaxException: Expected name to be an item, was unknown string 'brewinandchewin:red_rum'
	at net.minecraft.util.GsonHelper.m_13866_(GsonHelper.java:145) ~[server-1.20.1-20230612.114412-srg.jar%23535!/:?]
	at java.util.Optional.orElseThrow(Optional.java:403) ~[?:?]
	at net.minecraft.util.GsonHelper.m_13874_(GsonHelper.java:145) ~[server-1.20.1-20230612.114412-srg.jar%23535!/:?]
	at net.minecraft.util.GsonHelper.m_13909_(GsonHelper.java:153) ~[server-1.20.1-20230612.114412-srg.jar%23535!/:?]
	at net.minecraft.world.level.storage.loot.entries.LootItem$Serializer.m_7267_(LootItem.java:55) ~[server-1.20.1-20230612.114412-srg.jar%23535!/:?]
	at net.minecraft.world.level.storage.loot.entries.LootItem$Serializer.m_7267_(LootItem.java:40) ~[server-1.20.1-20230612.114412-srg.jar%23535!/:?]
	at net.minecraft.world.level.storage.loot.entries.LootPoolSingletonContainer$Serializer.m_5921_(LootPoolSingletonContainer.java:151) ~[server-1.20.1-20230612.114412-srg.jar%23535!/:?]
	at net.minecraft.world.level.storage.loot.entries.LootPoolSingletonContainer$Serializer.m_5921_(LootPoolSingletonContainer.java:129) ~[server-1.20.1-20230612.114412-srg.jar%23535!/:?]
	at net.minecraft.world.level.storage.loot.entries.LootPoolEntryContainer$Serializer.m_7561_(LootPoolEntryContainer.java:86) ~[server-1.20.1-20230612.114412-srg.jar%23535!/:?]
	at net.minecraft.world.level.storage.loot.entries.LootPoolEntryContainer$Serializer.m_7561_(LootPoolEntryContainer.java:74) ~[server-1.20.1-20230612.114412-srg.jar%23535!/:?]
	at net.minecraft.world.level.storage.loot.GsonAdapterFactory$JsonAdapter.deserialize(GsonAdapterFactory.java:102) ~[server-1.20.1-20230612.114412-srg.jar%23535!/:?]
	at com.google.gson.internal.bind.TreeTypeAdapter.read(TreeTypeAdapter.java:76) ~[gson-2.10.jar%2372!/:?]
	at com.google.gson.internal.bind.TypeAdapterRuntimeTypeWrapper.read(TypeAdapterRuntimeTypeWrapper.java:40) ~[gson-2.10.jar%2372!/:?]
	at com.google.gson.internal.bind.ArrayTypeAdapter.read(ArrayTypeAdapter.java:72) ~[gson-2.10.jar%2372!/:?]
	at com.google.gson.Gson.fromJson(Gson.java:1214) ~[gson-2.10.jar%2372!/:?]
	at com.google.gson.Gson.fromJson(Gson.java:1319) ~[gson-2.10.jar%2372!/:?]
	at com.google.gson.Gson.fromJson(Gson.java:1290) ~[gson-2.10.jar%2372!/:?]
	at com.google.gson.internal.bind.TreeTypeAdapter$GsonContextImpl.deserialize(TreeTypeAdapter.java:179) ~[gson-2.10.jar%2372!/:?]
	at net.minecraft.util.GsonHelper.m_13808_(GsonHelper.java:463) ~[server-1.20.1-20230612.114412-srg.jar%23535!/:?]
	at net.minecraft.util.GsonHelper.m_13836_(GsonHelper.java:471) ~[server-1.20.1-20230612.114412-srg.jar%23535!/:?]
	at net.minecraft.world.level.storage.loot.LootPool$Serializer.deserialize(LootPool.java:192) ~[server-1.20.1-20230612.114412-srg.jar%23535!/:?]
	at net.minecraft.world.level.storage.loot.LootPool$Serializer.deserialize(LootPool.java:189) ~[server-1.20.1-20230612.114412-srg.jar%23535!/:?]
	at com.google.gson.internal.bind.TreeTypeAdapter.read(TreeTypeAdapter.java:76) ~[gson-2.10.jar%2372!/:?]
	at com.google.gson.internal.bind.TypeAdapterRuntimeTypeWrapper.read(TypeAdapterRuntimeTypeWrapper.java:40) ~[gson-2.10.jar%2372!/:?]
	at com.google.gson.internal.bind.ArrayTypeAdapter.read(ArrayTypeAdapter.java:72) ~[gson-2.10.jar%2372!/:?]
	at com.google.gson.Gson.fromJson(Gson.java:1214) ~[gson-2.10.jar%2372!/:?]
	at com.google.gson.Gson.fromJson(Gson.java:1319) ~[gson-2.10.jar%2372!/:?]
	at com.google.gson.Gson.fromJson(Gson.java:1290) ~[gson-2.10.jar%2372!/:?]
	at com.google.gson.internal.bind.TreeTypeAdapter$GsonContextImpl.deserialize(TreeTypeAdapter.java:179) ~[gson-2.10.jar%2372!/:?]
	at net.minecraft.util.GsonHelper.m_13808_(GsonHelper.java:463) ~[server-1.20.1-20230612.114412-srg.jar%23535!/:?]
	at net.minecraft.util.GsonHelper.m_13845_(GsonHelper.java:481) ~[server-1.20.1-20230612.114412-srg.jar%23535!/:?]
	at net.minecraft.world.level.storage.loot.LootTable$Serializer.deserialize(LootTable.java:294) ~[server-1.20.1-20230612.114412-srg.jar%23535!/:?]
	at net.minecraft.world.level.storage.loot.LootTable$Serializer.deserialize(LootTable.java:291) ~[server-1.20.1-20230612.114412-srg.jar%23535!/:?]
	at com.google.gson.internal.bind.TreeTypeAdapter.read(TreeTypeAdapter.java:76) ~[gson-2.10.jar%2372!/:?]
	at com.google.gson.Gson.fromJson(Gson.java:1214) ~[gson-2.10.jar%2372!/:?]
	at com.google.gson.Gson.fromJson(Gson.java:1319) ~[gson-2.10.jar%2372!/:?]
	at com.google.gson.Gson.fromJson(Gson.java:1261) ~[gson-2.10.jar%2372!/:?]
	at net.minecraftforge.common.ForgeHooks.loadLootTable(ForgeHooks.java:872) ~[forge-1.20.1-47.4.20-universal.jar%23540!/:?]
	at net.minecraftforge.common.ForgeHooks.lambda$getLootTableDeserializer$3(ForgeHooks.java:849) ~[forge-1.20.1-47.4.20-universal.jar%23540!/:?]
	at net.minecraft.world.level.storage.loot.LootDataType.deserialize(LootDataType.java:45) ~[server-1.20.1-20230612.114412-srg.jar%23535!/:?]
	at net.minecraft.world.level.storage.loot.LootDataManager.lambda$scheduleElementParse$4(LootDataManager.java:56) ~[server-1.20.1-20230612.114412-srg.jar%23535!/:?]
	at java.util.HashMap.forEach(HashMap.java:1421) ~[?:?]
	at net.minecraft.world.level.storage.loot.LootDataManager.m_278660_(LootDataManager.java:55) ~[server-1.20.1-20230612.114412-srg.jar%23535!/:?]
	at java.util.concurrent.CompletableFuture$AsyncRun.run(CompletableFuture.java:1804) ~[?:?]
	at java.util.concurrent.CompletableFuture$AsyncRun.exec(CompletableFuture.java:1796) ~[?:?]
	at java.util.concurrent.ForkJoinTask.doExec(ForkJoinTask.java:373) ~[?:?]
	at java.util.concurrent.ForkJoinPool$WorkQueue.topLevelExec(ForkJoinPool.java:1182) ~[?:?]
	at java.util.concurrent.ForkJoinPool.scan(ForkJoinPool.java:1655) ~[?:?]
	at java.util.concurrent.ForkJoinPool.runWorker(ForkJoinPool.java:1622) ~[?:?]
	at java.util.concurrent.ForkJoinWorkerThread.run(ForkJoinWorkerThread.java:165) ~[?:?]
[31Jul2026 21:20:41.351] [Worker-Main-1/ERROR] [net.minecraftforge.common.ForgeHooks/]: Couldn't parse element loot_tables:strongholds:stronghold_equipment_ranged
com.google.gson.JsonSyntaxException: Missing name, expected to find a string
	at net.minecraft.util.GsonHelper.m_13906_(GsonHelper.java:127) ~[server-1.20.1-20230612.114412-srg.jar%23535!/:?]
	at net.minecraft.world.level.storage.loot.entries.LootTableReference$Serializer.m_7267_(LootTableReference.java:67) ~[server-1.20.1-20230612.114412-srg.jar%23535!/:?]
	at net.minecraft.world.level.storage.loot.entries.LootTableReference$Serializer.m_7267_(LootTableReference.java:58) ~[server-1.20.1-20230612.114412-srg.jar%23535!/:?]
	at net.minecraft.world.level.storage.loot.entries.LootPoolSingletonContainer$Serializer.m_5921_(LootPoolSingletonContainer.java:151) ~[server-1.20.1-20230612.114412-srg.jar%23535!/:?]
	at net.minecraft.world.level.storage.loot.entries.LootPoolSingletonContainer$Serializer.m_5921_(LootPoolSingletonContainer.java:129) ~[server-1.20.1-20230612.114412-srg.jar%23535!/:?]
	at net.minecraft.world.level.storage.loot.entries.LootPoolEntryContainer$Serializer.m_7561_(LootPoolEntryContainer.java:86) ~[server-1.20.1-20230612.114412-srg.jar%23535!/:?]
	at net.minecraft.world.level.storage.loot.entries.LootPoolEntryContainer$Serializer.m_7561_(LootPoolEntryContainer.java:74) ~[server-1.20.1-20230612.114412-srg.jar%23535!/:?]
	at net.minecraft.world.level.storage.loot.GsonAdapterFactory$JsonAdapter.deserialize(GsonAdapterFactory.java:102) ~[server-1.20.1-20230612.114412-srg.jar%23535!/:?]
	at com.google.gson.internal.bind.TreeTypeAdapter.read(TreeTypeAdapter.java:76) ~[gson-2.10.jar%2372!/:?]
	at com.google.gson.internal.bind.TypeAdapterRuntimeTypeWrapper.read(TypeAdapterRuntimeTypeWrapper.java:40) ~[gson-2.10.jar%2372!/:?]
	at com.google.gson.internal.bind.ArrayTypeAdapter.read(ArrayTypeAdapter.java:72) ~[gson-2.10.jar%2372!/:?]
	at com.google.gson.Gson.fromJson(Gson.java:1214) ~[gson-2.10.jar%2372!/:?]
	at com.google.gson.Gson.fromJson(Gson.java:1319) ~[gson-2.10.jar%2372!/:?]
	at com.google.gson.Gson.fromJson(Gson.java:1290) ~[gson-2.10.jar%2372!/:?]
	at com.google.gson.internal.bind.TreeTypeAdapter$GsonContextImpl.deserialize(TreeTypeAdapter.java:179) ~[gson-2.10.jar%2372!/:?]
	at net.minecraft.util.GsonHelper.m_13808_(GsonHelper.java:463) ~[server-1.20.1-20230612.114412-srg.jar%23535!/:?]
	at net.minecraft.util.GsonHelper.m_13836_(GsonHelper.java:471) ~[server-1.20.1-20230612.114412-srg.jar%23535!/:?]
	at net.minecraft.world.level.storage.loot.LootPool$Serializer.deserialize(LootPool.java:192) ~[server-1.20.1-20230612.114412-srg.jar%23535!/:?]
	at net.minecraft.world.level.storage.loot.LootPool$Serializer.deserialize(LootPool.java:189) ~[server-1.20.1-20230612.114412-srg.jar%23535!/:?]
	at com.google.gson.internal.bind.TreeTypeAdapter.read(TreeTypeAdapter.java:76) ~[gson-2.10.jar%2372!/:?]
	at com.google.gson.internal.bind.TypeAdapterRuntimeTypeWrapper.read(TypeAdapterRuntimeTypeWrapper.java:40) ~[gson-2.10.jar%2372!/:?]
	at com.google.gson.internal.bind.ArrayTypeAdapter.read(ArrayTypeAdapter.java:72) ~[gson-2.10.jar%2372!/:?]
	at com.google.gson.Gson.fromJson(Gson.java:1214) ~[gson-2.10.jar%2372!/:?]
	at com.google.gson.Gson.fromJson(Gson.java:1319) ~[gson-2.10.jar%2372!/:?]
	at com.google.gson.Gson.fromJson(Gson.java:1290) ~[gson-2.10.jar%2372!/:?]
	at com.google.gson.internal.bind.TreeTypeAdapter$GsonContextImpl.deserialize(TreeTypeAdapter.java:179) ~[gson-2.10.jar%2372!/:?]
	at net.minecraft.util.GsonHelper.m_13808_(GsonHelper.java:463) ~[server-1.20.1-20230612.114412-srg.jar%23535!/:?]
	at net.minecraft.util.GsonHelper.m_13845_(GsonHelper.java:481) ~[server-1.20.1-20230612.114412-srg.jar%23535!/:?]
	at net.minecraft.world.level.storage.loot.LootTable$Serializer.deserialize(LootTable.java:294) ~[server-1.20.1-20230612.114412-srg.jar%23535!/:?]
	at net.minecraft.world.level.storage.loot.LootTable$Serializer.deserialize(LootTable.java:291) ~[server-1.20.1-20230612.114412-srg.jar%23535!/:?]
	at com.google.gson.internal.bind.TreeTypeAdapter.read(TreeTypeAdapter.java:76) ~[gson-2.10.jar%2372!/:?]
	at com.google.gson.Gson.fromJson(Gson.java:1214) ~[gson-2.10.jar%2372!/:?]
	at com.google.gson.Gson.fromJson(Gson.java:1319) ~[gson-2.10.jar%2372!/:?]
	at com.google.gson.Gson.fromJson(Gson.java:1261) ~[gson-2.10.jar%2372!/:?]
	at net.minecraftforge.common.ForgeHooks.loadLootTable(ForgeHooks.java:872) ~[forge-1.20.1-47.4.20-universal.jar%23540!/:?]
	at net.minecraftforge.common.ForgeHooks.lambda$getLootTableDeserializer$3(ForgeHooks.java:849) ~[forge-1.20.1-47.4.20-universal.jar%23540!/:?]
	at net.minecraft.world.level.storage.loot.LootDataType.deserialize(LootDataType.java:45) ~[server-1.20.1-20230612.114412-srg.jar%23535!/:?]
	at net.minecraft.world.level.storage.loot.LootDataManager.lambda$scheduleElementParse$4(LootDataManager.java:56) ~[server-1.20.1-20230612.114412-srg.jar%23535!/:?]
	at java.util.HashMap.forEach(HashMap.java:1421) ~[?:?]
	at net.minecraft.world.level.storage.loot.LootDataManager.m_278660_(LootDataManager.java:55) ~[server-1.20.1-20230612.114412-srg.jar%23535!/:?]
	at java.util.concurrent.CompletableFuture$AsyncRun.run(CompletableFuture.java:1804) ~[?:?]
	at java.util.concurrent.CompletableFuture$AsyncRun.exec(CompletableFuture.java:1796) ~[?:?]
	at java.util.concurrent.ForkJoinTask.doExec(ForkJoinTask.java:373) ~[?:?]
	at java.util.concurrent.ForkJoinPool$WorkQueue.topLevelExec(ForkJoinPool.java:1182) ~[?:?]
	at java.util.concurrent.ForkJoinPool.scan(ForkJoinPool.java:1655) ~[?:?]
	at java.util.concurrent.ForkJoinPool.runWorker(ForkJoinPool.java:1622) ~[?:?]
	at java.util.concurrent.ForkJoinWorkerThread.run(ForkJoinWorkerThread.java:165) ~[?:?]
[31Jul2026 21:20:41.424] [Worker-Main-1/ERROR] [net.minecraftforge.common.ForgeHooks/]: Couldn't parse element loot_tables:armageddon_mod:blocks/helinonite_block
com.google.gson.JsonSyntaxException: Expected name to be an item, was unknown string 'armageddon_mod:helinonite_block'
	at net.minecraft.util.GsonHelper.m_13866_(GsonHelper.java:145) ~[server-1.20.1-20230612.114412-srg.jar%23535!/:?]
	at java.util.Optional.orElseThrow(Optional.java:403) ~[?:?]
	at net.minecraft.util.GsonHelper.m_13874_(GsonHelper.java:145) ~[server-1.20.1-20230612.114412-srg.jar%23535!/:?]
	at net.minecraft.util.GsonHelper.m_13909_(GsonHelper.java:153) ~[server-1.20.1-20230612.114412-srg.jar%23535!/:?]
	at net.minecraft.world.level.storage.loot.entries.LootItem$Serializer.m_7267_(LootItem.java:55) ~[server-1.20.1-20230612.114412-srg.jar%23535!/:?]
	at net.minecraft.world.level.storage.loot.entries.LootItem$Serializer.m_7267_(LootItem.java:40) ~[server-1.20.1-20230612.114412-srg.jar%23535!/:?]
	at net.minecraft.world.level.storage.loot.entries.LootPoolSingletonContainer$Serializer.m_5921_(LootPoolSingletonContainer.java:151) ~[server-1.20.1-20230612.114412-srg.jar%23535!/:?]
	at net.minecraft.world.level.storage.loot.entries.LootPoolSingletonContainer$Serializer.m_5921_(LootPoolSingletonContainer.java:129) ~[server-1.20.1-20230612.114412-srg.jar%23535!/:?]
	at net.minecraft.world.level.storage.loot.entries.LootPoolEntryContainer$Serializer.m_7561_(LootPoolEntryContainer.java:86) ~[server-1.20.1-20230612.114412-srg.jar%23535!/:?]
	at net.minecraft.world.level.storage.loot.entries.LootPoolEntryContainer$Serializer.m_7561_(LootPoolEntryContainer.java:74) ~[server-1.20.1-20230612.114412-srg.jar%23535!/:?]
	at net.minecraft.world.level.storage.loot.GsonAdapterFactory$JsonAdapter.deserialize(GsonAdapterFactory.java:102) ~[server-1.20.1-20230612.114412-srg.jar%23535!/:?]
	at com.google.gson.internal.bind.TreeTypeAdapter.read(TreeTypeAdapter.java:76) ~[gson-2.10.jar%2372!/:?]
	at com.google.gson.internal.bind.TypeAdapterRuntimeTypeWrapper.read(TypeAdapterRuntimeTypeWrapper.java:40) ~[gson-2.10.jar%2372!/:?]
	at com.google.gson.internal.bind.ArrayTypeAdapter.read(ArrayTypeAdapter.java:72) ~[gson-2.10.jar%2372!/:?]
	at com.google.gson.Gson.fromJson(Gson.java:1214) ~[gson-2.10.jar%2372!/:?]
	at com.google.gson.Gson.fromJson(Gson.java:1319) ~[gson-2.10.jar%2372!/:?]
	at com.google.gson.Gson.fromJson(Gson.java:1290) ~[gson-2.10.jar%2372!/:?]
	at com.google.gson.internal.bind.TreeTypeAdapter$GsonContextImpl.deserialize(TreeTypeAdapter.java:179) ~[gson-2.10.jar%2372!/:?]
	at net.minecraft.util.GsonHelper.m_13808_(GsonHelper.java:463) ~[server-1.20.1-20230612.114412-srg.jar%23535!/:?]
	at net.minecraft.util.GsonHelper.m_13836_(GsonHelper.java:471) ~[server-1.20.1-20230612.114412-srg.jar%23535!/:?]
	at net.minecraft.world.level.storage.loot.LootPool$Serializer.deserialize(LootPool.java:192) ~[server-1.20.1-20230612.114412-srg.jar%23535!/:?]
	at net.minecraft.world.level.storage.loot.LootPool$Serializer.deserialize(LootPool.java:189) ~[server-1.20.1-20230612.114412-srg.jar%23535!/:?]
	at com.google.gson.internal.bind.TreeTypeAdapter.read(TreeTypeAdapter.java:76) ~[gson-2.10.jar%2372!/:?]
	at com.google.gson.internal.bind.TypeAdapterRuntimeTypeWrapper.read(TypeAdapterRuntimeTypeWrapper.java:40) ~[gson-2.10.jar%2372!/:?]
	at com.google.gson.internal.bind.ArrayTypeAdapter.read(ArrayTypeAdapter.java:72) ~[gson-2.10.jar%2372!/:?]
	at com.google.gson.Gson.fromJson(Gson.java:1214) ~[gson-2.10.jar%2372!/:?]
	at com.google.gson.Gson.fromJson(Gson.java:1319) ~[gson-2.10.jar%2372!/:?]
	at com.google.gson.Gson.fromJson(Gson.java:1290) ~[gson-2.10.jar%2372!/:?]
	at com.google.gson.internal.bind.TreeTypeAdapter$GsonContextImpl.deserialize(TreeTypeAdapter.java:179) ~[gson-2.10.jar%2372!/:?]
	at net.minecraft.util.GsonHelper.m_13808_(GsonHelper.java:463) ~[server-1.20.1-20230612.114412-srg.jar%23535!/:?]
	at net.minecraft.util.GsonHelper.m_13845_(GsonHelper.java:481) ~[server-1.20.1-20230612.114412-srg.jar%23535!/:?]
	at net.minecraft.world.level.storage.loot.LootTable$Serializer.deserialize(LootTable.java:294) ~[server-1.20.1-20230612.114412-srg.jar%23535!/:?]
	at net.minecraft.world.level.storage.loot.LootTable$Serializer.deserialize(LootTable.java:291) ~[server-1.20.1-20230612.114412-srg.jar%23535!/:?]
	at com.google.gson.internal.bind.TreeTypeAdapter.read(TreeTypeAdapter.java:76) ~[gson-2.10.jar%2372!/:?]
	at com.google.gson.Gson.fromJson(Gson.java:1214) ~[gson-2.10.jar%2372!/:?]
	at com.google.gson.Gson.fromJson(Gson.java:1319) ~[gson-2.10.jar%2372!/:?]
	at com.google.gson.Gson.fromJson(Gson.java:1261) ~[gson-2.10.jar%2372!/:?]
	at net.minecraftforge.common.ForgeHooks.loadLootTable(ForgeHooks.java:872) ~[forge-1.20.1-47.4.20-universal.jar%23540!/:?]
	at net.minecraftforge.common.ForgeHooks.lambda$getLootTableDeserializer$3(ForgeHooks.java:849) ~[forge-1.20.1-47.4.20-universal.jar%23540!/:?]
	at net.minecraft.world.level.storage.loot.LootDataType.deserialize(LootDataType.java:45) ~[server-1.20.1-20230612.114412-srg.jar%23535!/:?]
	at net.minecraft.world.level.storage.loot.LootDataManager.lambda$scheduleElementParse$4(LootDataManager.java:56) ~[server-1.20.1-20230612.114412-srg.jar%23535!/:?]
	at java.util.HashMap.forEach(HashMap.java:1421) ~[?:?]
	at net.minecraft.world.level.storage.loot.LootDataManager.m_278660_(LootDataManager.java:55) ~[server-1.20.1-20230612.114412-srg.jar%23535!/:?]
	at java.util.concurrent.CompletableFuture$AsyncRun.run(CompletableFuture.java:1804) ~[?:?]
	at java.util.concurrent.CompletableFuture$AsyncRun.exec(CompletableFuture.java:1796) ~[?:?]
	at java.util.concurrent.ForkJoinTask.doExec(ForkJoinTask.java:373) ~[?:?]
	at java.util.concurrent.ForkJoinPool$WorkQueue.topLevelExec(ForkJoinPool.java:1182) ~[?:?]
	at java.util.concurrent.ForkJoinPool.scan(ForkJoinPool.java:1655) ~[?:?]
	at java.util.concurrent.ForkJoinPool.runWorker(ForkJoinPool.java:1622) ~[?:?]
	at java.util.concurrent.ForkJoinWorkerThread.run(ForkJoinWorkerThread.java:165) ~[?:?]
[31Jul2026 21:20:41.702] [Worker-Main-1/ERROR] [net.minecraftforge.common.ForgeHooks/]: Couldn't parse element loot_tables:armageddon_mod:blocks/helionite_brick_stairs
com.google.gson.JsonSyntaxException: Expected name to be an item, was unknown string 'armageddon_mod:helionite_brick_stairs'
	at net.minecraft.util.GsonHelper.m_13866_(GsonHelper.java:145) ~[server-1.20.1-20230612.114412-srg.jar%23535!/:?]
	at java.util.Optional.orElseThrow(Optional.java:403) ~[?:?]
	at net.minecraft.util.GsonHelper.m_13874_(GsonHelper.java:145) ~[server-1.20.1-20230612.114412-srg.jar%23535!/:?]
	at net.minecraft.util.GsonHelper.m_13909_(GsonHelper.java:153) ~[server-1.20.1-20230612.114412-srg.jar%23535!/:?]
	at net.minecraft.world.level.storage.loot.entries.LootItem$Serializer.m_7267_(LootItem.java:55) ~[server-1.20.1-20230612.114412-srg.jar%23535!/:?]
	at net.minecraft.world.level.storage.loot.entries.LootItem$Serializer.m_7267_(LootItem.java:40) ~[server-1.20.1-20230612.114412-srg.jar%23535!/:?]
	at net.minecraft.world.level.storage.loot.entries.LootPoolSingletonContainer$Serializer.m_5921_(LootPoolSingletonContainer.java:151) ~[server-1.20.1-20230612.114412-srg.jar%23535!/:?]
	at net.minecraft.world.level.storage.loot.entries.LootPoolSingletonContainer$Serializer.m_5921_(LootPoolSingletonContainer.java:129) ~[server-1.20.1-20230612.114412-srg.jar%23535!/:?]
	at net.minecraft.world.level.storage.loot.entries.LootPoolEntryContainer$Serializer.m_7561_(LootPoolEntryContainer.java:86) ~[server-1.20.1-20230612.114412-srg.jar%23535!/:?]
	at net.minecraft.world.level.storage.loot.entries.LootPoolEntryContainer$Serializer.m_7561_(LootPoolEntryContainer.java:74) ~[server-1.20.1-20230612.114412-srg.jar%23535!/:?]
	at net.minecraft.world.level.storage.loot.GsonAdapterFactory$JsonAdapter.deserialize(GsonAdapterFactory.java:102) ~[server-1.20.1-20230612.114412-srg.jar%23535!/:?]
	at com.google.gson.internal.bind.TreeTypeAdapter.read(TreeTypeAdapter.java:76) ~[gson-2.10.jar%2372!/:?]
	at com.google.gson.internal.bind.TypeAdapterRuntimeTypeWrapper.read(TypeAdapterRuntimeTypeWrapper.java:40) ~[gson-2.10.jar%2372!/:?]
	at com.google.gson.internal.bind.ArrayTypeAdapter.read(ArrayTypeAdapter.java:72) ~[gson-2.10.jar%2372!/:?]
	at com.google.gson.Gson.fromJson(Gson.java:1214) ~[gson-2.10.jar%2372!/:?]
	at com.google.gson.Gson.fromJson(Gson.java:1319) ~[gson-2.10.jar%2372!/:?]
	at com.google.gson.Gson.fromJson(Gson.java:1290) ~[gson-2.10.jar%2372!/:?]
	at com.google.gson.internal.bind.TreeTypeAdapter$GsonContextImpl.deserialize(TreeTypeAdapter.java:179) ~[gson-2.10.jar%2372!/:?]
	at net.minecraft.util.GsonHelper.m_13808_(GsonHelper.java:463) ~[server-1.20.1-20230612.114412-srg.jar%23535!/:?]
	at net.minecraft.util.GsonHelper.m_13836_(GsonHelper.java:471) ~[server-1.20.1-20230612.114412-srg.jar%23535!/:?]
	at net.minecraft.world.level.storage.loot.LootPool$Serializer.deserialize(LootPool.java:192) ~[server-1.20.1-20230612.114412-srg.jar%23535!/:?]
	at net.minecraft.world.level.storage.loot.LootPool$Serializer.deserialize(LootPool.java:189) ~[server-1.20.1-20230612.114412-srg.jar%23535!/:?]
	at com.google.gson.internal.bind.TreeTypeAdapter.read(TreeTypeAdapter.java:76) ~[gson-2.10.jar%2372!/:?]
	at com.google.gson.internal.bind.TypeAdapterRuntimeTypeWrapper.read(TypeAdapterRuntimeTypeWrapper.java:40) ~[gson-2.10.jar%2372!/:?]
	at com.google.gson.internal.bind.ArrayTypeAdapter.read(ArrayTypeAdapter.java:72) ~[gson-2.10.jar%2372!/:?]
	at com.google.gson.Gson.fromJson(Gson.java:1214) ~[gson-2.10.jar%2372!/:?]
	at com.google.gson.Gson.fromJson(Gson.java:1319) ~[gson-2.10.jar%2372!/:?]
	at com.google.gson.Gson.fromJson(Gson.java:1290) ~[gson-2.10.jar%2372!/:?]
	at com.google.gson.internal.bind.TreeTypeAdapter$GsonContextImpl.deserialize(TreeTypeAdapter.java:179) ~[gson-2.10.jar%2372!/:?]
	at net.minecraft.util.GsonHelper.m_13808_(GsonHelper.java:463) ~[server-1.20.1-20230612.114412-srg.jar%23535!/:?]
	at net.minecraft.util.GsonHelper.m_13845_(GsonHelper.java:481) ~[server-1.20.1-20230612.114412-srg.jar%23535!/:?]
	at net.minecraft.world.level.storage.loot.LootTable$Serializer.deserialize(LootTable.java:294) ~[server-1.20.1-20230612.114412-srg.jar%23535!/:?]
	at net.minecraft.world.level.storage.loot.LootTable$Serializer.deserialize(LootTable.java:291) ~[server-1.20.1-20230612.114412-srg.jar%23535!/:?]
	at com.google.gson.internal.bind.TreeTypeAdapter.read(TreeTypeAdapter.java:76) ~[gson-2.10.jar%2372!/:?]
	at com.google.gson.Gson.fromJson(Gson.java:1214) ~[gson-2.10.jar%2372!/:?]
	at com.google.gson.Gson.fromJson(Gson.java:1319) ~[gson-2.10.jar%2372!/:?]
	at com.google.gson.Gson.fromJson(Gson.java:1261) ~[gson-2.10.jar%2372!/:?]
	at net.minecraftforge.common.ForgeHooks.loadLootTable(ForgeHooks.java:872) ~[forge-1.20.1-47.4.20-universal.jar%23540!/:?]
	at net.minecraftforge.common.ForgeHooks.lambda$getLootTableDeserializer$3(ForgeHooks.java:849) ~[forge-1.20.1-47.4.20-universal.jar%23540!/:?]
	at net.minecraft.world.level.storage.loot.LootDataType.deserialize(LootDataType.java:45) ~[server-1.20.1-20230612.114412-srg.jar%23535!/:?]
	at net.minecraft.world.level.storage.loot.LootDataManager.lambda$scheduleElementParse$4(LootDataManager.java:56) ~[server-1.20.1-20230612.114412-srg.jar%23535!/:?]
	at java.util.HashMap.forEach(HashMap.java:1421) ~[?:?]
	at net.minecraft.world.level.storage.loot.LootDataManager.m_278660_(LootDataManager.java:55) ~[server-1.20.1-20230612.114412-srg.jar%23535!/:?]
	at java.util.concurrent.CompletableFuture$AsyncRun.run(CompletableFuture.java:1804) ~[?:?]
	at java.util.concurrent.CompletableFuture$AsyncRun.exec(CompletableFuture.java:1796) ~[?:?]
	at java.util.concurrent.ForkJoinTask.doExec(ForkJoinTask.java:373) ~[?:?]
	at java.util.concurrent.ForkJoinPool$WorkQueue.topLevelExec(ForkJoinPool.java:1182) ~[?:?]
	at java.util.concurrent.ForkJoinPool.scan(ForkJoinPool.java:1655) ~[?:?]
	at java.util.concurrent.ForkJoinPool.runWorker(ForkJoinPool.java:1622) ~[?:?]
	at java.util.concurrent.ForkJoinWorkerThread.run(ForkJoinWorkerThread.java:165) ~[?:?]
[31Jul2026 21:20:42.280] [Worker-Main-1/ERROR] [net.minecraftforge.common.ForgeHooks/]: Couldn't parse element loot_tables:strongholds:stronghold_equipment
com.google.gson.JsonSyntaxException: Missing name, expected to find a string
	at net.minecraft.util.GsonHelper.m_13906_(GsonHelper.java:127) ~[server-1.20.1-20230612.114412-srg.jar%23535!/:?]
	at net.minecraft.world.level.storage.loot.entries.LootTableReference$Serializer.m_7267_(LootTableReference.java:67) ~[server-1.20.1-20230612.114412-srg.jar%23535!/:?]
	at net.minecraft.world.level.storage.loot.entries.LootTableReference$Serializer.m_7267_(LootTableReference.java:58) ~[server-1.20.1-20230612.114412-srg.jar%23535!/:?]
	at net.minecraft.world.level.storage.loot.entries.LootPoolSingletonContainer$Serializer.m_5921_(LootPoolSingletonContainer.java:151) ~[server-1.20.1-20230612.114412-srg.jar%23535!/:?]
	at net.minecraft.world.level.storage.loot.entries.LootPoolSingletonContainer$Serializer.m_5921_(LootPoolSingletonContainer.java:129) ~[server-1.20.1-20230612.114412-srg.jar%23535!/:?]
	at net.minecraft.world.level.storage.loot.entries.LootPoolEntryContainer$Serializer.m_7561_(LootPoolEntryContainer.java:86) ~[server-1.20.1-20230612.114412-srg.jar%23535!/:?]
	at net.minecraft.world.level.storage.loot.entries.LootPoolEntryContainer$Serializer.m_7561_(LootPoolEntryContainer.java:74) ~[server-1.20.1-20230612.114412-srg.jar%23535!/:?]
	at net.minecraft.world.level.storage.loot.GsonAdapterFactory$JsonAdapter.deserialize(GsonAdapterFactory.java:102) ~[server-1.20.1-20230612.114412-srg.jar%23535!/:?]
	at com.google.gson.internal.bind.TreeTypeAdapter.read(TreeTypeAdapter.java:76) ~[gson-2.10.jar%2372!/:?]
	at com.google.gson.internal.bind.TypeAdapterRuntimeTypeWrapper.read(TypeAdapterRuntimeTypeWrapper.java:40) ~[gson-2.10.jar%2372!/:?]
	at com.google.gson.internal.bind.ArrayTypeAdapter.read(ArrayTypeAdapter.java:72) ~[gson-2.10.jar%2372!/:?]
	at com.google.gson.Gson.fromJson(Gson.java:1214) ~[gson-2.10.jar%2372!/:?]
	at com.google.gson.Gson.fromJson(Gson.java:1319) ~[gson-2.10.jar%2372!/:?]
	at com.google.gson.Gson.fromJson(Gson.java:1290) ~[gson-2.10.jar%2372!/:?]
	at com.google.gson.internal.bind.TreeTypeAdapter$GsonContextImpl.deserialize(TreeTypeAdapter.java:179) ~[gson-2.10.jar%2372!/:?]
	at net.minecraft.util.GsonHelper.m_13808_(GsonHelper.java:463) ~[server-1.20.1-20230612.114412-srg.jar%23535!/:?]
	at net.minecraft.util.GsonHelper.m_13836_(GsonHelper.java:471) ~[server-1.20.1-20230612.114412-srg.jar%23535!/:?]
	at net.minecraft.world.level.storage.loot.LootPool$Serializer.deserialize(LootPool.java:192) ~[server-1.20.1-20230612.114412-srg.jar%23535!/:?]
	at net.minecraft.world.level.storage.loot.LootPool$Serializer.deserialize(LootPool.java:189) ~[server-1.20.1-20230612.114412-srg.jar%23535!/:?]
	at com.google.gson.internal.bind.TreeTypeAdapter.read(TreeTypeAdapter.java:76) ~[gson-2.10.jar%2372!/:?]
	at com.google.gson.internal.bind.TypeAdapterRuntimeTypeWrapper.read(TypeAdapterRuntimeTypeWrapper.java:40) ~[gson-2.10.jar%2372!/:?]
	at com.google.gson.internal.bind.ArrayTypeAdapter.read(ArrayTypeAdapter.java:72) ~[gson-2.10.jar%2372!/:?]
	at com.google.gson.Gson.fromJson(Gson.java:1214) ~[gson-2.10.jar%2372!/:?]
	at com.google.gson.Gson.fromJson(Gson.java:1319) ~[gson-2.10.jar%2372!/:?]
	at com.google.gson.Gson.fromJson(Gson.java:1290) ~[gson-2.10.jar%2372!/:?]
	at com.google.gson.internal.bind.TreeTypeAdapter$GsonContextImpl.deserialize(TreeTypeAdapter.java:179) ~[gson-2.10.jar%2372!/:?]
	at net.minecraft.util.GsonHelper.m_13808_(GsonHelper.java:463) ~[server-1.20.1-20230612.114412-srg.jar%23535!/:?]
	at net.minecraft.util.GsonHelper.m_13845_(GsonHelper.java:481) ~[server-1.20.1-20230612.114412-srg.jar%23535!/:?]
	at net.minecraft.world.level.storage.loot.LootTable$Serializer.deserialize(LootTable.java:294) ~[server-1.20.1-20230612.114412-srg.jar%23535!/:?]
	at net.minecraft.world.level.storage.loot.LootTable$Serializer.deserialize(LootTable.java:291) ~[server-1.20.1-20230612.114412-srg.jar%23535!/:?]
	at com.google.gson.internal.bind.TreeTypeAdapter.read(TreeTypeAdapter.java:76) ~[gson-2.10.jar%2372!/:?]
	at com.google.gson.Gson.fromJson(Gson.java:1214) ~[gson-2.10.jar%2372!/:?]
	at com.google.gson.Gson.fromJson(Gson.java:1319) ~[gson-2.10.jar%2372!/:?]
	at com.google.gson.Gson.fromJson(Gson.java:1261) ~[gson-2.10.jar%2372!/:?]
	at net.minecraftforge.common.ForgeHooks.loadLootTable(ForgeHooks.java:872) ~[forge-1.20.1-47.4.20-universal.jar%23540!/:?]
	at net.minecraftforge.common.ForgeHooks.lambda$getLootTableDeserializer$3(ForgeHooks.java:849) ~[forge-1.20.1-47.4.20-universal.jar%23540!/:?]
	at net.minecraft.world.level.storage.loot.LootDataType.deserialize(LootDataType.java:45) ~[server-1.20.1-20230612.114412-srg.jar%23535!/:?]
	at net.minecraft.world.level.storage.loot.LootDataManager.lambda$scheduleElementParse$4(LootDataManager.java:56) ~[server-1.20.1-20230612.114412-srg.jar%23535!/:?]
	at java.util.HashMap.forEach(HashMap.java:1421) ~[?:?]
	at net.minecraft.world.level.storage.loot.LootDataManager.m_278660_(LootDataManager.java:55) ~[server-1.20.1-20230612.114412-srg.jar%23535!/:?]
	at java.util.concurrent.CompletableFuture$AsyncRun.run(CompletableFuture.java:1804) ~[?:?]
	at java.util.concurrent.CompletableFuture$AsyncRun.exec(CompletableFuture.java:1796) ~[?:?]
	at java.util.concurrent.ForkJoinTask.doExec(ForkJoinTask.java:373) ~[?:?]
	at java.util.concurrent.ForkJoinPool$WorkQueue.topLevelExec(ForkJoinPool.java:1182) ~[?:?]
	at java.util.concurrent.ForkJoinPool.scan(ForkJoinPool.java:1655) ~[?:?]
	at java.util.concurrent.ForkJoinPool.runWorker(ForkJoinPool.java:1622) ~[?:?]
	at java.util.concurrent.ForkJoinWorkerThread.run(ForkJoinWorkerThread.java:165) ~[?:?]
[31Jul2026 21:20:42.785] [main/INFO] [net.lixir.vminus.VMinus/]: Loaded 0 banned recipes
[31Jul2026 21:20:42.790] [main/INFO] [net.lixir.vminus.VMinus/]: Loaded 9 item visions from data
[31Jul2026 21:20:42.891] [main/INFO] [net.lixir.vminus.VMinus/]: Loaded 1 entity visions from data
[31Jul2026 21:20:42.896] [main/INFO] [net.lixir.vminus.VMinus/]: Loaded 1 effect visions from data
[31Jul2026 21:20:42.897] [main/INFO] [com.teamabnormals.blueprint.core.Blueprint/]: Loot Modification Manager has loaded 0 modifier groups
[31Jul2026 21:20:42.977] [main/WARN] [net.minecraft.world.level.storage.loot.LootDataManager/]: Found loot table element validation problem in {loot_tables:irons_spellbooks:chests/citadel/citadel_bookshelf}.pools[8].entries[0]: Unknown loot table called irons_spellbooks:chests/citadel/citadel_tomes
[31Jul2026 21:20:42.989] [main/INFO] [org.betterx.worlds.together.util.Logger/]: [bclib] Disabling Recipe: bclib:test_star
[31Jul2026 21:20:43.062] [main/INFO] [net.minecraft.world.item.crafting.RecipeManager/]: Skipping loading recipe droptherock:biomeswevegone_blue_sandstone as it's serializer returned null
[31Jul2026 21:20:43.070] [main/INFO] [net.minecraft.world.item.crafting.RecipeManager/]: Skipping loading recipe droptherock:biomeswevegone_rocky_stone_cobblestone_slab as it's serializer returned null
[31Jul2026 21:20:43.070] [main/INFO] [net.minecraft.world.item.crafting.RecipeManager/]: Skipping loading recipe droptherock:biomeswevegone_rocky_stone_cobblestone as it's serializer returned null
[31Jul2026 21:20:43.079] [main/INFO] [net.minecraft.world.item.crafting.RecipeManager/]: Skipping loading recipe droptherock:biomeswevegone_red_rock_cobblestone_stairs as it's serializer returned null
[31Jul2026 21:20:43.080] [main/INFO] [net.minecraft.world.item.crafting.RecipeManager/]: Skipping loading recipe droptherock:biomeswevegone_rocky_stone_cobblestone_stairs as it's serializer returned null
[31Jul2026 21:20:43.084] [main/ERROR] [net.minecraft.world.item.crafting.RecipeManager/]: Parsing error loading recipe unusual_furniture:spruce_bench_craft: com.google.gson.JsonSyntaxException: Unknown item 'unusual_furniture:industrial_bench'
[31Jul2026 21:20:43.096] [main/INFO] [net.minecraft.world.item.crafting.RecipeManager/]: Skipping loading recipe droptherock:quark_shale_cobblestone_wall as it's serializer returned null
[31Jul2026 21:20:43.104] [main/INFO] [net.minecraft.world.item.crafting.RecipeManager/]: Skipping loading recipe droptherock:biomesoplenty_white_sandstone as it's serializer returned null
[31Jul2026 21:20:43.114] [main/INFO] [net.minecraft.world.item.crafting.RecipeManager/]: Skipping loading recipe droptherock:quark_jasper_cobblestone_stairs as it's serializer returned null
[31Jul2026 21:20:43.119] [main/INFO] [net.minecraft.world.item.crafting.RecipeManager/]: Skipping loading recipe droptherock:biomesoplenty_black_sandstone as it's serializer returned null
[31Jul2026 21:20:43.121] [Forge Version Check/WARN] [net.minecraftforge.fml.VersionChecker/]: Failed to process update information
java.net.http.HttpConnectTimeoutException: HTTP connect timed out
	at jdk.internal.net.http.HttpClientImpl.send(HttpClientImpl.java:894) ~[java.net.http:?]
	at jdk.internal.net.http.HttpClientFacade.send(HttpClientFacade.java:133) ~[java.net.http:?]
	at net.minecraftforge.fml.VersionChecker$1.openUrlString(VersionChecker.java:142) ~[fmlcore-1.20.1-47.4.20.jar%23536!/:?]
	at net.minecraftforge.fml.VersionChecker$1.process(VersionChecker.java:180) ~[fmlcore-1.20.1-47.4.20.jar%23536!/:?]
	at java.lang.Iterable.forEach(Iterable.java:75) ~[?:?]
	at net.minecraftforge.fml.VersionChecker$1.run(VersionChecker.java:117) ~[fmlcore-1.20.1-47.4.20.jar%23536!/:?]
Caused by: java.net.http.HttpConnectTimeoutException: HTTP connect timed out
	at jdk.internal.net.http.ResponseTimerEvent.handle(ResponseTimerEvent.java:68) ~[java.net.http:?]
	at jdk.internal.net.http.HttpClientImpl.purgeTimeoutsAndReturnNextDeadline(HttpClientImpl.java:1693) ~[java.net.http:?]
	at jdk.internal.net.http.HttpClientImpl$SelectorManager.run(HttpClientImpl.java:1311) ~[java.net.http:?]
Caused by: java.net.ConnectException: HTTP connect timed out
	at jdk.internal.net.http.ResponseTimerEvent.handle(ResponseTimerEvent.java:69) ~[java.net.http:?]
	at jdk.internal.net.http.HttpClientImpl.purgeTimeoutsAndReturnNextDeadline(HttpClientImpl.java:1693) ~[java.net.http:?]
	at jdk.internal.net.http.HttpClientImpl$SelectorManager.run(HttpClientImpl.java:1311) ~[java.net.http:?]
[31Jul2026 21:20:43.121] [Forge Version Check/INFO] [net.minecraftforge.fml.VersionChecker/]: [mr_ati_structuresfabricforge] Starting version check at https://api.modrinth.com/updates/bii8qPSt/forge_updates.json
[31Jul2026 21:20:43.139] [main/INFO] [net.minecraft.world.item.crafting.RecipeManager/]: Skipping loading recipe droptherock:quark_shale_cobblestone_stairs as it's serializer returned null
[31Jul2026 21:20:43.150] [main/INFO] [net.minecraft.world.item.crafting.RecipeManager/]: Skipping loading recipe droptherock:biomeswevegone_red_rock_cobblestone as it's serializer returned null
[31Jul2026 21:20:43.151] [main/INFO] [net.minecraft.world.item.crafting.RecipeManager/]: Skipping loading recipe grimoireofgaia:gaiapedia as it's serializer returned null
[31Jul2026 21:20:43.153] [main/INFO] [net.minecraft.world.item.crafting.RecipeManager/]: Skipping loading recipe droptherock:quark_jasper_cobblestone as it's serializer returned null
[31Jul2026 21:20:43.154] [main/INFO] [net.minecraft.world.item.crafting.RecipeManager/]: Skipping loading recipe droptherock:quark_shale_cobblestone_slab as it's serializer returned null
[31Jul2026 21:20:43.156] [main/INFO] [net.minecraft.world.item.crafting.RecipeManager/]: Skipping loading recipe droptherock:biomeswevegone_pink_sandstone as it's serializer returned null
[31Jul2026 21:20:43.157] [main/INFO] [net.minecraft.world.item.crafting.RecipeManager/]: Skipping loading recipe droptherock:biomeswevegone_red_rock_cobblestone_slab as it's serializer returned null
[31Jul2026 21:20:43.158] [main/INFO] [net.minecraft.world.item.crafting.RecipeManager/]: Skipping loading recipe droptherock:biomeswevegone_white_sandstone as it's serializer returned null
[31Jul2026 21:20:43.168] [main/INFO] [net.minecraft.world.item.crafting.RecipeManager/]: Skipping loading recipe droptherock:quark_jasper_cobblestone_slab as it's serializer returned null
[31Jul2026 21:20:43.178] [main/INFO] [net.minecraft.world.item.crafting.RecipeManager/]: Skipping loading recipe droptherock:biomeswevegone_rocky_stone_cobblestone_wall as it's serializer returned null
[31Jul2026 21:20:43.181] [main/INFO] [net.minecraft.world.item.crafting.RecipeManager/]: Skipping loading recipe droptherock:quark_limestone_cobblestone_slab as it's serializer returned null
[31Jul2026 21:20:43.190] [main/INFO] [net.minecraft.world.item.crafting.RecipeManager/]: Skipping loading recipe droptherock:biomeswevegone_dacite_cobblestone as it's serializer returned null
[31Jul2026 21:20:43.210] [main/INFO] [net.minecraft.world.item.crafting.RecipeManager/]: Skipping loading recipe droptherock:quark_limestone_cobblestone_wall as it's serializer returned null
[31Jul2026 21:20:43.223] [main/INFO] [net.minecraft.world.item.crafting.RecipeManager/]: Skipping loading recipe droptherock:quark_shale_cobblestone as it's serializer returned null
[31Jul2026 21:20:43.228] [main/INFO] [net.minecraft.world.item.crafting.RecipeManager/]: Skipping loading recipe droptherock:biomesoplenty_orange_sandstone as it's serializer returned null
[31Jul2026 21:20:43.233] [main/INFO] [net.minecraft.world.item.crafting.RecipeManager/]: Skipping loading recipe droptherock:quark_jasper_cobblestone_wall as it's serializer returned null
[31Jul2026 21:20:43.247] [main/INFO] [net.minecraft.world.item.crafting.RecipeManager/]: Skipping loading recipe droptherock:biomeswevegone_windswept_sandstone as it's serializer returned null
[31Jul2026 21:20:43.248] [main/INFO] [net.minecraft.world.item.crafting.RecipeManager/]: Skipping loading recipe droptherock:biomeswevegone_black_sandstone as it's serializer returned null
[31Jul2026 21:20:43.259] [main/INFO] [net.minecraft.world.item.crafting.RecipeManager/]: Skipping loading recipe droptherock:quark_limestone_cobblestone as it's serializer returned null
[31Jul2026 21:20:43.263] [main/INFO] [net.minecraft.world.item.crafting.RecipeManager/]: Skipping loading recipe droptherock:biomeswevegone_purple_sandstone as it's serializer returned null
[31Jul2026 21:20:43.270] [main/INFO] [net.minecraft.world.item.crafting.RecipeManager/]: Skipping loading recipe droptherock:biomeswevegone_red_rock_cobblestone_wall as it's serializer returned null
[31Jul2026 21:20:43.270] [main/INFO] [net.minecraft.world.item.crafting.RecipeManager/]: Skipping loading recipe droptherock:quark_limestone_cobblestone_stairs as it's serializer returned null
[31Jul2026 21:20:43.284] [main/INFO] [net.minecraft.world.item.crafting.RecipeManager/]: Loaded 43 recipes
[31Jul2026 21:20:43.301] [main/INFO] [com.teamabnormals.blueprint.core.Blueprint/]: Advancement Modification Manager has loaded 0 modifier groups
[31Jul2026 21:20:43.357] [Forge Version Check/INFO] [net.minecraftforge.fml.VersionChecker/]: [mr_ati_structuresfabricforge] Found status: OUTDATED Current: 1.4.5 Target: 1.4.6
[31Jul2026 21:20:43.357] [Forge Version Check/INFO] [net.minecraftforge.fml.VersionChecker/]: [mr_dungeons_andtaverns] Starting version check at https://api.modrinth.com/updates/tpehi7ww/forge_updates.json
[31Jul2026 21:20:43.491] [Forge Version Check/INFO] [net.minecraftforge.fml.VersionChecker/]: [mr_dungeons_andtaverns] Found status: OUTDATED Current: 3.0.3.f Target: 3.0.3.f+mod
[31Jul2026 21:20:43.491] [Forge Version Check/INFO] [net.minecraftforge.fml.VersionChecker/]: [mr_limesplatus_ending] Starting version check at https://api.modrinth.com/updates/MCnBYP0b/forge_updates.json
[31Jul2026 21:20:43.581] [main/ERROR] [net.minecraft.server.ServerAdvancementManager/]: Parsing error loading custom advancement legendary_monsters:defeat_ambusher: Expected item to be an item, was unknown string 'legendary_monsters:ancient_dripstone_shard'
[31Jul2026 21:20:43.615] [main/INFO] [net.minecraft.advancements.AdvancementList/]: Loaded 6532 advancements
[31Jul2026 21:20:43.622] [main/INFO] [net.lixir.vminus.VMinus/]: Loaded 0 roles
[31Jul2026 21:20:43.623] [main/INFO] [net.lixir.vminus.VMinus/]: Loaded 4 sights
[31Jul2026 21:20:43.623] [Forge Version Check/INFO] [net.minecraftforge.fml.VersionChecker/]: [mr_limesplatus_ending] Found status: OUTDATED Current: 1-v1.1.0c Target: 1.1.0c+mod
[31Jul2026 21:20:43.623] [Forge Version Check/INFO] [net.minecraftforge.fml.VersionChecker/]: [hardernaturalhealing] Starting version check at https://raw.githubusercontent.com/mactso/HarderNaturalHealing/main/update.json
[31Jul2026 21:20:43.744] [main/INFO] [top.theillusivec4.curios.Curios/]: Loaded 20 curio slots
[31Jul2026 21:20:43.748] [main/INFO] [top.theillusivec4.curios.Curios/]: Loaded 1 curio entities
[31Jul2026 21:20:43.748] [main/INFO] [com.alexander.mutantmore.data.util.CodecJsonDataManager/]: Beginning loading of data for data loader: mutation_type
[31Jul2026 21:20:43.751] [main/ERROR] [com.alexander.mutantmore.data.util.CodecJsonDataManager/]: Failed to parse data json for mutantmore:mutant_jungle_zombie due to: Unknown registry key in ResourceKey[minecraft:root / minecraft:entity_type]: dungeonsmobs:jungle_zombie
[31Jul2026 21:20:43.751] [main/ERROR] [com.alexander.mutantmore.data.util.CodecJsonDataManager/]: Failed to parse data json for mutantmore:mutant_frozen_zombie due to: Unknown registry key in ResourceKey[minecraft:root / minecraft:entity_type]: dungeonsmobs:frozen_zombie
[31Jul2026 21:20:43.751] [main/INFO] [com.alexander.mutantmore.data.util.CodecJsonDataManager/]: Data loader for mutation_type loaded 13 jsons
[31Jul2026 21:20:43.777] [main/WARN] [net.minecraftforge.common.loot.LootModifierManager/]: Could not decode GlobalLootModifier with json id thirst:add_loot_shipwreck_supply - error: Unknown registry key in ResourceKey[minecraft:root / forge:global_loot_modifier_serializers]: thirst:add_loot_table
[31Jul2026 21:20:43.777] [main/WARN] [net.minecraftforge.common.loot.LootModifierManager/]: Could not decode GlobalLootModifier with json id thirst:add_loot_shipwreck_supply_fr - error: Unknown registry key in ResourceKey[minecraft:root / forge:global_loot_modifier_serializers]: thirst:add_loot_table
[31Jul2026 21:20:43.777] [main/WARN] [net.minecraftforge.common.loot.LootModifierManager/]: Could not decode GlobalLootModifier with json id thirst:add_loot_shipwreck_supply_bc - error: Unknown registry key in ResourceKey[minecraft:root / forge:global_loot_modifier_serializers]: thirst:add_loot_table
[31Jul2026 21:20:43.777] [main/WARN] [net.minecraftforge.common.loot.LootModifierManager/]: Could not decode GlobalLootModifier with json id thirst:add_loot_abandoned_mineshaft - error: Unknown registry key in ResourceKey[minecraft:root / forge:global_loot_modifier_serializers]: thirst:add_loot_table
[31Jul2026 21:20:43.777] [main/WARN] [net.minecraftforge.common.loot.LootModifierManager/]: Could not decode GlobalLootModifier with json id thirst:add_loot_abandoned_mineshaft_fr - error: Unknown registry key in ResourceKey[minecraft:root / forge:global_loot_modifier_serializers]: thirst:add_loot_table
[31Jul2026 21:20:43.777] [main/WARN] [net.minecraftforge.common.loot.LootModifierManager/]: Could not decode GlobalLootModifier with json id thirst:add_loot_abandoned_mineshaft_bc - error: Unknown registry key in ResourceKey[minecraft:root / forge:global_loot_modifier_serializers]: thirst:add_loot_table
[31Jul2026 21:20:43.777] [main/WARN] [net.minecraftforge.common.loot.LootModifierManager/]: Could not decode GlobalLootModifier with json id thirst:add_loot_simple_dungeon - error: Unknown registry key in ResourceKey[minecraft:root / forge:global_loot_modifier_serializers]: thirst:add_loot_table
[31Jul2026 21:20:43.778] [main/WARN] [net.minecraftforge.common.loot.LootModifierManager/]: Could not decode GlobalLootModifier with json id thirst:add_loot_simple_dungeon_fr - error: Unknown registry key in ResourceKey[minecraft:root / forge:global_loot_modifier_serializers]: thirst:add_loot_table
[31Jul2026 21:20:43.778] [main/WARN] [net.minecraftforge.common.loot.LootModifierManager/]: Could not decode GlobalLootModifier with json id thirst:add_loot_simple_dungeon_bc - error: Unknown registry key in ResourceKey[minecraft:root / forge:global_loot_modifier_serializers]: thirst:add_loot_table
[31Jul2026 21:20:43.778] [main/WARN] [net.minecraftforge.common.loot.LootModifierManager/]: Could not decode GlobalLootModifier with json id thirst:add_loot_nether_bridge - error: Unknown registry key in ResourceKey[minecraft:root / forge:global_loot_modifier_serializers]: thirst:add_loot_table
[31Jul2026 21:20:43.778] [main/WARN] [net.minecraftforge.common.loot.LootModifierManager/]: Could not decode GlobalLootModifier with json id thirst:add_loot_nether_bridge_fr - error: Unknown registry key in ResourceKey[minecraft:root / forge:global_loot_modifier_serializers]: thirst:add_loot_table
[31Jul2026 21:20:43.778] [main/WARN] [net.minecraftforge.common.loot.LootModifierManager/]: Could not decode GlobalLootModifier with json id thirst:add_loot_nether_bridge_bc - error: Unknown registry key in ResourceKey[minecraft:root / forge:global_loot_modifier_serializers]: thirst:add_loot_table
[31Jul2026 21:20:43.778] [main/WARN] [net.minecraftforge.common.loot.LootModifierManager/]: Could not decode GlobalLootModifier with json id thirst:add_loot_bastion_other - error: Unknown registry key in ResourceKey[minecraft:root / forge:global_loot_modifier_serializers]: thirst:add_loot_table
[31Jul2026 21:20:43.778] [main/WARN] [net.minecraftforge.common.loot.LootModifierManager/]: Could not decode GlobalLootModifier with json id thirst:add_loot_bastion_other_fr - error: Unknown registry key in ResourceKey[minecraft:root / forge:global_loot_modifier_serializers]: thirst:add_loot_table
[31Jul2026 21:20:43.778] [main/WARN] [net.minecraftforge.common.loot.LootModifierManager/]: Could not decode GlobalLootModifier with json id thirst:add_loot_bastion_other_bc - error: Unknown registry key in ResourceKey[minecraft:root / forge:global_loot_modifier_serializers]: thirst:add_loot_table
[31Jul2026 21:20:43.782] [main/INFO] [ModdingLegacy/blue_skies/SkiesDataManager/]: Loaded 8 tool_handle_types
[31Jul2026 21:20:43.783] [main/INFO] [ModdingLegacy/blue_skies/SkiesDataManager/]: Loaded 37 snowcap_oven_freezing_recipes
[31Jul2026 21:20:43.783] [main/INFO] [ModdingLegacy/blue_skies/SkiesDataManager/]: Loaded 7 horizonite_forge_fuels
[31Jul2026 21:20:43.783] [main/INFO] [ModdingLegacy/blue_skies/SkiesDataManager/]: Loaded 12 snowcap_mushroom_freezing
[31Jul2026 21:20:43.795] [main/INFO] [ModdingLegacy/blue_skies/SkiesDataManager/]: Loaded 70 alchemy_recipes
[31Jul2026 21:20:43.798] [main/INFO] [ModdingLegacy/blue_skies/SkiesDataManager/]: Loaded 81 journal/entries
[31Jul2026 21:20:43.798] [main/INFO] [ModdingLegacy/blue_skies/SkiesDataManager/]: Loaded 3 journal/sections
[31Jul2026 21:20:43.798] [main/INFO] [ModdingLegacy/blue_skies/SkiesDataManager/]: Loaded 7 journal/requirements
[31Jul2026 21:20:43.807] [main/INFO] [saintsdragons/]: Loaded 7 dragon attribute configuration(s) from Forge config
[31Jul2026 21:20:43.807] [main/INFO] [saintsdragons/]: Loaded 6 dragon variant definition(s)
[31Jul2026 21:20:43.813] [main/INFO] [boss_checklist/]: Number of registered boss ids on the server: 70
[31Jul2026 21:20:43.821] [main/INFO] [com.teamabnormals.blueprint.core.Blueprint/]: Chunk Generator Modification Manager has loaded 1 modifier groups
[31Jul2026 21:20:43.878] [main/INFO] [com.github.ysbbbbbb.kaleidoscopecookery.KaleidoscopeCookery/]: Successfully loaded millstone bindable data
[31Jul2026 21:20:43.879] [main/INFO] [placebo/]: Registered 0 gear_sets.
[31Jul2026 21:20:43.882] [main/INFO] [insane96mcp.insanelib.InsaneLib/]: Reloading InsaneLib JsonFeature Json
[31Jul2026 21:20:43.909] [Forge Version Check/WARN] [net.minecraftforge.fml.VersionChecker/]: Failed to process update information
com.google.gson.JsonSyntaxException: com.google.gson.stream.MalformedJsonException: Unterminated object at line 15 column 10 path $..1.19.4-latest
	at com.google.gson.Gson.fromJson(Gson.java:1229) ~[gson-2.10.jar%2372!/:?]
	at com.google.gson.Gson.fromJson(Gson.java:1124) ~[gson-2.10.jar%2372!/:?]
	at com.google.gson.Gson.fromJson(Gson.java:1034) ~[gson-2.10.jar%2372!/:?]
	at com.google.gson.Gson.fromJson(Gson.java:969) ~[gson-2.10.jar%2372!/:?]
	at net.minecraftforge.fml.VersionChecker$1.process(VersionChecker.java:186) ~[fmlcore-1.20.1-47.4.20.jar%23536!/:?]
	at java.lang.Iterable.forEach(Iterable.java:75) ~[?:?]
	at net.minecraftforge.fml.VersionChecker$1.run(VersionChecker.java:117) ~[fmlcore-1.20.1-47.4.20.jar%23536!/:?]
Caused by: com.google.gson.stream.MalformedJsonException: Unterminated object at line 15 column 10 path $..1.19.4-latest
	at com.google.gson.stream.JsonReader.syntaxError(JsonReader.java:1657) ~[gson-2.10.jar%2372!/:?]
	at com.google.gson.stream.JsonReader.doPeek(JsonReader.java:500) ~[gson-2.10.jar%2372!/:?]
	at com.google.gson.stream.JsonReader.hasNext(JsonReader.java:422) ~[gson-2.10.jar%2372!/:?]
	at com.google.gson.internal.bind.ObjectTypeAdapter.read(ObjectTypeAdapter.java:122) ~[gson-2.10.jar%2372!/:?]
	at com.google.gson.internal.bind.TypeAdapterRuntimeTypeWrapper.read(TypeAdapterRuntimeTypeWrapper.java:40) ~[gson-2.10.jar%2372!/:?]
	at com.google.gson.internal.bind.MapTypeAdapterFactory$Adapter.read(MapTypeAdapterFactory.java:186) ~[gson-2.10.jar%2372!/:?]
	at com.google.gson.internal.bind.MapTypeAdapterFactory$Adapter.read(MapTypeAdapterFactory.java:144) ~[gson-2.10.jar%2372!/:?]
	at com.google.gson.Gson.fromJson(Gson.java:1214) ~[gson-2.10.jar%2372!/:?]
	... 6 more
[31Jul2026 21:20:43.909] [Forge Version Check/INFO] [net.minecraftforge.fml.VersionChecker/]: [scalinghealth] Starting version check at https://raw.githubusercontent.com/SilentChaos512/ScalingHealth/1.18/update.json
[31Jul2026 21:20:44.015] [main/INFO] [org.betterx.worlds.together.util.Logger/]: [bclib] [BiomeRepairCompat] Created external vanilla Nether generator: generator=net.minecraft.world.level.levelgen.NoiseBasedChunkGenerator@30c96450, biomeSource=net.minecraft.world.level.biome.MultiNoiseBiomeSource@15f2d04a, settings=minecraft:nether
[31Jul2026 21:20:44.015] [main/INFO] [org.betterx.worlds.together.util.Logger/]: [bclib] [BiomeRepairCompat] Repair dimension minecraft:the_nether: referenceGenerator=org.betterx.bclib.api.v2.generator.BCLChunkGenerator@c9d0af5, referenceBiomeSource=org.betterx.bclib.api.v2.generator.BCLibNetherBiomeSource@7e4d1774, loadedGenerator=net.minecraft.world.level.levelgen.NoiseBasedChunkGenerator@7efb0a8f, loadedBiomeSource=net.minecraft.world.level.biome.MultiNoiseBiomeSource@56b1ae4, externalGenerator=net.minecraft.world.level.levelgen.NoiseBasedChunkGenerator@30c96450, externalBiomeSource=net.minecraft.world.level.biome.MultiNoiseBiomeSource@15f2d04a
[31Jul2026 21:20:44.016] [main/INFO] [org.betterx.worlds.together.util.Logger/]: [bclib] [BiomeRepairCompat] Attaching external biome source for minecraft:the_nether: targetGenerator=org.betterx.bclib.api.v2.generator.BCLChunkGenerator@c9d0af5, targetBiomeSource=org.betterx.bclib.api.v2.generator.BCLibNetherBiomeSource@7e4d1774, externalGenerator=net.minecraft.world.level.levelgen.NoiseBasedChunkGenerator@30c96450, externalBiomeSource=net.minecraft.world.level.biome.MultiNoiseBiomeSource@15f2d04a
[31Jul2026 21:20:44.016] [main/INFO] [org.betterx.worlds.together.util.Logger/]: [bclib] [ChunkGeneratorCompat] Merging external biome source for minecraft:the_nether: targetGenerator=org.betterx.bclib.api.v2.generator.BCLChunkGenerator@c9d0af5, targetBiomeSource=org.betterx.bclib.api.v2.generator.BCLibNetherBiomeSource@7e4d1774, externalGenerator=net.minecraft.world.level.levelgen.NoiseBasedChunkGenerator@30c96450, externalBiomeSource=net.minecraft.world.level.biome.MultiNoiseBiomeSource@15f2d04a
[31Jul2026 21:20:44.017] [main/INFO] [org.betterx.worlds.together.util.Logger/]: [bclib] [BiomeSourceCompat] Assigned external biome source for BCLib - Nether BiomeSource (7e4d1774): source=net.minecraft.world.level.biome.MultiNoiseBiomeSource@15f2d04a
[31Jul2026 21:20:44.017] [main/INFO] [org.betterx.worlds.together.util.Logger/]: [bclib] [BiomeSourceCompat] Skipping external preparation for BCLib - Nether BiomeSource (7e4d1774): source=net.minecraft.world.level.biome.MultiNoiseBiomeSource@15f2d04a, registryAccess=false, dimensionType=null, dimension=null, generator=null, hasSeed=false, preparedSeed=-9223372036854775808, currentSeed=0
[31Jul2026 21:20:44.019] [main/INFO] [org.betterx.worlds.together.util.Logger/]: [bclib] [BiomeSourceCompat] Combined possible biomes for BCLib - Nether BiomeSource (7e4d1774): owned=0, external=5, combined=5, externalNamespaces=minecraft(5)
[31Jul2026 21:20:44.019] [main/INFO] [org.betterx.worlds.together.util.Logger/]: [bclib] [BiomeSourceCompat] Combined possible biomes for BCLib - Nether BiomeSource (7e4d1774): owned=0, external=5, combined=5, externalNamespaces=minecraft(5)
[31Jul2026 21:20:44.019] [main/INFO] [org.betterx.worlds.together.util.Logger/]: [bclib] [BiomeSourceCompat] Updated external context for BCLib - Nether BiomeSource (7e4d1774): dimension=minecraft:the_nether, dimensionType=minecraft:the_nether, generator=net.minecraft.world.level.levelgen.NoiseBasedChunkGenerator@30c96450, generatorBiomeSource=net.minecraft.world.level.biome.MultiNoiseBiomeSource@15f2d04a, seedReady=false
[31Jul2026 21:20:44.020] [main/INFO] [org.betterx.worlds.together.util.Logger/]: [bclib] [BiomeSourceCompat] Skipping external preparation for BCLib - Nether BiomeSource (7e4d1774): source=net.minecraft.world.level.biome.MultiNoiseBiomeSource@15f2d04a, registryAccess=true, dimensionType=minecraft:the_nether, dimension=minecraft:the_nether, generator=net.minecraft.world.level.levelgen.NoiseBasedChunkGenerator@30c96450, hasSeed=false, preparedSeed=-9223372036854775808, currentSeed=0
[31Jul2026 21:20:44.020] [main/INFO] [org.betterx.worlds.together.util.Logger/]: [bclib] [BiomeSourceCompat] Combined possible biomes for BCLib - Nether BiomeSource (7e4d1774): owned=0, external=5, combined=5, externalNamespaces=minecraft(5)
[31Jul2026 21:20:44.020] [main/INFO] [org.betterx.worlds.together.util.Logger/]: [bclib] [ChunkGeneratorCompat] Rebuilt featuresPerStep for org.betterx.bclib.api.v2.generator.BCLChunkGenerator@c9d0af5 with 5 possible biomes: minecraft(5)
[31Jul2026 21:20:44.020] [main/INFO] [org.betterx.worlds.together.util.Logger/]: [bclib] [BiomeRepairCompat] Target generator is not BCL, not attaching external source for minecraft:the_nether: targetGenerator=net.minecraft.world.level.levelgen.NoiseBasedChunkGenerator@7efb0a8f
[31Jul2026 21:20:44.020] [main/INFO] [org.betterx.worlds.together.util.Logger/]: [bclib] [datagen] register BCLBiome minecraft:nether_wastes
[31Jul2026 21:20:44.020] [main/INFO] [org.betterx.worlds.together.util.Logger/]: [bclib] [datagen] register BCLBiome minecraft:soul_sand_valley
[31Jul2026 21:20:44.021] [main/INFO] [org.betterx.worlds.together.util.Logger/]: [bclib] [datagen] register BCLBiome minecraft:crimson_forest
[31Jul2026 21:20:44.021] [main/INFO] [org.betterx.worlds.together.util.Logger/]: [bclib] [datagen] register BCLBiome minecraft:warped_forest
[31Jul2026 21:20:44.021] [main/INFO] [org.betterx.worlds.together.util.Logger/]: [bclib] [datagen] register BCLBiome minecraft:basalt_deltas
[31Jul2026 21:20:44.021] [main/INFO] [org.betterx.worlds.together.util.Logger/]: [bclib] Enforcing Correct Generator for minecraft:the_nether.
[31Jul2026 21:20:44.021] [main/INFO] [org.betterx.worlds.together.util.Logger/]: [bclib] [ChunkGeneratorCompat] Enforce start for minecraft:the_nether: referenceGenerator=org.betterx.bclib.api.v2.generator.BCLChunkGenerator@c9d0af5, referenceBiomeSource=org.betterx.bclib.api.v2.generator.BCLibNetherBiomeSource@7e4d1774, loadedGenerator=net.minecraft.world.level.levelgen.NoiseBasedChunkGenerator@7efb0a8f, loadedBiomeSource=net.minecraft.world.level.biome.MultiNoiseBiomeSource@56b1ae4
[31Jul2026 21:20:44.021] [main/INFO] [org.betterx.worlds.together.util.Logger/]: [bclib] [BiomeSourceCompat] Assigned external biome source for BCLib - Nether BiomeSource (7e4d1774): source=net.minecraft.world.level.biome.MultiNoiseBiomeSource@56b1ae4
[31Jul2026 21:20:44.021] [main/INFO] [org.betterx.worlds.together.util.Logger/]: [bclib] [BiomeSourceCompat] Skipping external preparation for BCLib - Nether BiomeSource (7e4d1774): source=net.minecraft.world.level.biome.MultiNoiseBiomeSource@56b1ae4, registryAccess=true, dimensionType=minecraft:the_nether, dimension=minecraft:the_nether, generator=net.minecraft.world.level.levelgen.NoiseBasedChunkGenerator@30c96450, hasSeed=false, preparedSeed=-9223372036854775808, currentSeed=0
[31Jul2026 21:20:44.022] [main/INFO] [org.betterx.worlds.together.util.Logger/]: [bclib] [BiomeSourceCompat] Combined possible biomes for BCLib - Nether BiomeSource (7e4d1774): owned=0, external=13, combined=13, externalNamespaces=minecraft(5), incendium(8)
[31Jul2026 21:20:44.022] [main/INFO] [org.betterx.worlds.together.util.Logger/]: [bclib] [BiomeSourceCompat] Combined possible biomes for BCLib - Nether BiomeSource (7e4d1774): owned=0, external=13, combined=13, externalNamespaces=minecraft(5), incendium(8)
[31Jul2026 21:20:44.022] [main/INFO] [org.betterx.worlds.together.util.Logger/]: [bclib] [ChunkGeneratorCompat] Enforce applying loaded external context for minecraft:the_nether: loadedGenerator=net.minecraft.world.level.levelgen.NoiseBasedChunkGenerator@7efb0a8f, loadedBiomeSource=net.minecraft.world.level.biome.MultiNoiseBiomeSource@56b1ae4
[31Jul2026 21:20:44.022] [main/INFO] [org.betterx.worlds.together.util.Logger/]: [bclib] [BiomeSourceCompat] Updated external context for BCLib - Nether BiomeSource (7e4d1774): dimension=minecraft:the_nether, dimensionType=minecraft:the_nether, generator=net.minecraft.world.level.levelgen.NoiseBasedChunkGenerator@7efb0a8f, generatorBiomeSource=net.minecraft.world.level.biome.MultiNoiseBiomeSource@56b1ae4, seedReady=false
[31Jul2026 21:20:44.022] [main/INFO] [org.betterx.worlds.together.util.Logger/]: [bclib] [BiomeSourceCompat] Skipping external preparation for BCLib - Nether BiomeSource (7e4d1774): source=net.minecraft.world.level.biome.MultiNoiseBiomeSource@56b1ae4, registryAccess=true, dimensionType=minecraft:the_nether, dimension=minecraft:the_nether, generator=net.minecraft.world.level.levelgen.NoiseBasedChunkGenerator@7efb0a8f, hasSeed=false, preparedSeed=-9223372036854775808, currentSeed=0
[31Jul2026 21:20:44.022] [main/INFO] [org.betterx.worlds.together.util.Logger/]: [bclib] [BiomeSourceCompat] Combined possible biomes for BCLib - Nether BiomeSource (7e4d1774): owned=0, external=13, combined=13, externalNamespaces=minecraft(5), incendium(8)
[31Jul2026 21:20:44.023] [main/INFO] [org.betterx.worlds.together.util.Logger/]: [bclib] Make sure features are loaded from terrablender:org.betterx.bclib.api.v2.generator.BCLibNetherBiomeSource
[31Jul2026 21:20:44.023] [main/INFO] [org.betterx.worlds.together.util.Logger/]: [bclib] [ChunkGeneratorCompat] Rebuilt featuresPerStep for org.betterx.bclib.api.v2.generator.BCLChunkGenerator@4c5d360c with 13 possible biomes: minecraft(5), incendium(8)
[31Jul2026 21:20:44.023] [main/INFO] [org.betterx.worlds.together.util.Logger/]: [bclib] [ChunkGeneratorCompat] Enforce created BCL generator with loaded noise settings for minecraft:the_nether: newGenerator=org.betterx.bclib.api.v2.generator.BCLChunkGenerator@4c5d360c, biomeSource=org.betterx.bclib.api.v2.generator.BCLibNetherBiomeSource@7e4d1774
[31Jul2026 21:20:44.024] [main/INFO] [org.betterx.worlds.together.util.Logger/]: [bclib] [BiomeRepairCompat] No external base generator for minecraft:the_end
[31Jul2026 21:20:44.024] [main/INFO] [org.betterx.worlds.together.util.Logger/]: [bclib] [BiomeRepairCompat] Repair dimension minecraft:the_end: referenceGenerator=org.betterx.bclib.api.v2.generator.BCLChunkGenerator@75af9697, referenceBiomeSource=org.betterx.bclib.api.v2.generator.BCLibEndBiomeSource@71d428cf, loadedGenerator=org.betterx.bclib.api.v2.generator.BCLChunkGenerator@6fd655d6, loadedBiomeSource=org.betterx.bclib.api.v2.generator.BCLibEndBiomeSource@53cb7487, externalGenerator=null, externalBiomeSource=null
[31Jul2026 21:20:44.024] [main/INFO] [org.betterx.worlds.together.util.Logger/]: [bclib] [BiomeRepairCompat] Skipping attach for minecraft:the_end: targetGenerator=org.betterx.bclib.api.v2.generator.BCLChunkGenerator@75af9697, externalGenerator=null
[31Jul2026 21:20:44.024] [main/INFO] [org.betterx.worlds.together.util.Logger/]: [bclib] [BiomeRepairCompat] Skipping attach for minecraft:the_end: targetGenerator=org.betterx.bclib.api.v2.generator.BCLChunkGenerator@6fd655d6, externalGenerator=null
[31Jul2026 21:20:44.024] [main/INFO] [org.betterx.worlds.together.util.Logger/]: [bclib] [datagen] register BCLBiome minecraft:the_end
[31Jul2026 21:20:44.025] [main/INFO] [org.betterx.worlds.together.util.Logger/]: [bclib] [datagen] register BCLBiome minecraft:end_highlands
[31Jul2026 21:20:44.025] [main/INFO] [org.betterx.worlds.together.util.Logger/]: [bclib] [datagen] register BCLBiome minecraft:end_midlands
[31Jul2026 21:20:44.025] [main/INFO] [org.betterx.worlds.together.util.Logger/]: [bclib] [datagen] register BCLBiome minecraft:small_end_islands
[31Jul2026 21:20:44.025] [main/INFO] [org.betterx.worlds.together.util.Logger/]: [bclib] [datagen] register BCLBiome minecraft:end_barrens
[31Jul2026 21:20:44.025] [main/INFO] [org.betterx.worlds.together.util.Logger/]: [bclib] Updating Pickers for BCLib - The End  BiomeSource (53cb7487)
[31Jul2026 21:20:44.029] [main/INFO] [org.betterx.worlds.together.util.Logger/]: [bclib] [BiomeSourceCompat] Combined possible biomes for BCLib - The End  BiomeSource (53cb7487): owned=7, external=0, combined=7
[31Jul2026 21:20:44.029] [main/INFO] [org.betterx.worlds.together.util.Logger/]: [bclib] No Void Biomes found. Disabling by using barrens
[31Jul2026 21:20:44.029] [main/INFO] [org.betterx.worlds.together.util.Logger/]: [bclib] No Barrens Biomes found. Disabling by using land Biomes
[31Jul2026 21:20:44.029] [main/WARN] [org.betterx.worlds.together.util.Logger/]: [bclib] No Center Island Biomes found. Forcing use of vanilla center.
[31Jul2026 21:20:44.029] [main/INFO] [org.betterx.worlds.together.util.Logger/]: [worlds_together] Loading originally configured Dimensions in World.
[31Jul2026 21:20:44.034] [main/WARN] [ModernFix/]: Initial datapack load took 11.79 s
[31Jul2026 21:20:44.204] [Forge Version Check/INFO] [net.minecraftforge.fml.VersionChecker/]: [scalinghealth] Found status: BETA Current: 8.0.2+9 Target: null
[31Jul2026 21:20:44.207] [Forge Version Check/INFO] [net.minecraftforge.fml.VersionChecker/]: [majruszlibrary] Starting version check at https://raw.githubusercontent.com/Majrusz/MinecraftCommon/main/Library/update.json
[31Jul2026 21:20:44.233] [main/INFO] [majruszlibrary/]: [majruszlibrary.json] Reloading configuration file took 1 milliseconds
[31Jul2026 21:20:44.237] [Server thread/INFO] [net.minecraft.server.dedicated.DedicatedServer/]: Starting minecraft server version 1.20.1
[31Jul2026 21:20:44.237] [Server thread/INFO] [net.minecraft.server.dedicated.DedicatedServer/]: Loading properties
[31Jul2026 21:20:44.237] [Server thread/INFO] [net.minecraft.server.dedicated.DedicatedServer/]: Default game type: SURVIVAL
[31Jul2026 21:20:44.239] [Server thread/INFO] [net.minecraft.server.MinecraftServer/]: Generating keypair
[31Jul2026 21:20:44.247] [Forge Version Check/INFO] [net.minecraftforge.fml.VersionChecker/]: [majruszlibrary] Found status: AHEAD Current: 7.0.8 Target: null
[31Jul2026 21:20:44.247] [Forge Version Check/INFO] [net.minecraftforge.fml.VersionChecker/]: [mr_blooming_biosphere] Starting version check at https://api.modrinth.com/updates/Ds9FyUc7/forge_updates.json
[31Jul2026 21:20:44.394] [Forge Version Check/INFO] [net.minecraftforge.fml.VersionChecker/]: [mr_blooming_biosphere] Found status: OUTDATED Current: 1.1.0 Target: 1.1.0+mod
[31Jul2026 21:20:44.433] [Forge Version Check/INFO] [net.minecraftforge.fml.VersionChecker/]: [fastload] Starting version check at https://github.com/BumbleSoftware/Fastload/raw/Forge-1.20.1/updates.json
[31Jul2026 21:20:44.471] [Server thread/INFO] [net.minecraft.server.dedicated.DedicatedServer/]: Starting Minecraft server on *:25565
[31Jul2026 21:20:44.499] [Server thread/INFO] [net.minecraft.server.network.ServerConnectionListener/]: Using epoll channel type
[31Jul2026 21:20:44.589] [Server thread/WARN] [net.minecraft.server.dedicated.DedicatedServer/]: **** SERVER IS RUNNING IN OFFLINE/INSECURE MODE!
[31Jul2026 21:20:44.590] [Server thread/WARN] [net.minecraft.server.dedicated.DedicatedServer/]: The server will make no attempt to authenticate usernames. Beware.
[31Jul2026 21:20:44.590] [Server thread/WARN] [net.minecraft.server.dedicated.DedicatedServer/]: While this makes the game possible to play without internet access, it also opens up the ability for hackers to connect with any username they choose.
[31Jul2026 21:20:44.591] [Server thread/WARN] [net.minecraft.server.dedicated.DedicatedServer/]: To change this, set "online-mode" to "true" in the server.properties file.
[31Jul2026 21:20:44.613] [Server thread/INFO] [Puzzles Lib/]: Loading server config for easyanvils
[31Jul2026 21:20:44.633] [Server thread/INFO] [Puzzles Lib/]: Loading server config for mutantmonsters
[31Jul2026 21:20:44.654] [Server thread/INFO] [Puzzles Lib/]: Loading server config for easymagic
[31Jul2026 21:20:44.742] [Forge Version Check/INFO] [net.minecraftforge.fml.VersionChecker/]: [fastload] Found status: UP_TO_DATE Current: 3.4.0 Target: null
[31Jul2026 21:20:44.743] [Forge Version Check/INFO] [net.minecraftforge.fml.VersionChecker/]: [mutantmonsters] Starting version check at https://raw.githubusercontent.com/Fuzss/modresources/main/update/mutantmonsters.json
[31Jul2026 21:20:44.781] [Forge Version Check/INFO] [net.minecraftforge.fml.VersionChecker/]: [mutantmonsters] Found status: UP_TO_DATE Current: 8.0.8 Target: null
[31Jul2026 21:20:44.782] [Forge Version Check/INFO] [net.minecraftforge.fml.VersionChecker/]: [visualworkbench] Starting version check at https://raw.githubusercontent.com/Fuzss/modresources/main/update/visualworkbench.json
[31Jul2026 21:20:44.822] [Forge Version Check/INFO] [net.minecraftforge.fml.VersionChecker/]: [visualworkbench] Found status: UP_TO_DATE Current: 8.0.1 Target: null
[31Jul2026 21:20:44.823] [Forge Version Check/INFO] [net.minecraftforge.fml.VersionChecker/]: [attributefix] Starting version check at https://updates.blamejared.com/get?n=attributefix&gv=1.20.1
[31Jul2026 21:20:45.257] [Server thread/INFO] [jp.aquafactory.apprenticecodex.ApprenticeCodex/]: Injecting 5 Errand Mage village house definitions
[31Jul2026 21:20:45.257] [Server thread/INFO] [jp.aquafactory.apprenticecodex.ApprenticeCodex/]: Errand Mage village house injected into pool minecraft:village/plains/houses: structure=apprenticecodex:village/plains/errand_mage_house processor=minecraft:mossify_10_percent rawEntries 41->42 totalWeight 91->94 matchingEntries 0->1 expandedTemplates 91->94
[31Jul2026 21:20:45.258] [Server thread/INFO] [jp.aquafactory.apprenticecodex.ApprenticeCodex/]: Errand Mage village house injected into pool minecraft:village/desert/houses: structure=apprenticecodex:village/desert/errand_mage_house processor=minecraft:empty rawEntries 33->34 totalWeight 76->79 matchingEntries 0->1 expandedTemplates 76->79
[31Jul2026 21:20:45.258] [Server thread/INFO] [jp.aquafactory.apprenticecodex.ApprenticeCodex/]: Errand Mage village house injected into pool minecraft:village/savanna/houses: structure=apprenticecodex:village/savanna/errand_mage_house processor=minecraft:empty rawEntries 36->37 totalWeight 87->90 matchingEntries 0->1 expandedTemplates 87->90
[31Jul2026 21:20:45.259] [Server thread/INFO] [jp.aquafactory.apprenticecodex.ApprenticeCodex/]: Errand Mage village house injected into pool minecraft:village/snowy/houses: structure=apprenticecodex:village/plains/errand_mage_house processor=minecraft:empty rawEntries 34->35 totalWeight 71->74 matchingEntries 0->1 expandedTemplates 71->74
[31Jul2026 21:20:45.259] [Server thread/INFO] [jp.aquafactory.apprenticecodex.ApprenticeCodex/]: Errand Mage village house injected into pool minecraft:village/taiga/houses: structure=apprenticecodex:village/plains/errand_mage_house processor=minecraft:mossify_10_percent rawEntries 31->32 totalWeight 81->84 matchingEntries 0->1 expandedTemplates 81->84
[31Jul2026 21:20:45.377] [Forge Version Check/INFO] [net.minecraftforge.fml.VersionChecker/]: [attributefix] Found status: BETA Current: 21.0.5 Target: 21.0.5
[31Jul2026 21:20:45.377] [Forge Version Check/INFO] [net.minecraftforge.fml.VersionChecker/]: [fragmentum] Starting version check at https://raw.githubusercontent.com/ObscuriaLithium/modding/main/versions/fragmentum.json
[31Jul2026 21:20:45.414] [Forge Version Check/INFO] [net.minecraftforge.fml.VersionChecker/]: [fragmentum] Found status: AHEAD Current: 1.5.2 Target: null
[31Jul2026 21:20:45.415] [Forge Version Check/INFO] [net.minecraftforge.fml.VersionChecker/]: [puzzlesaccessapi] Starting version check at https://raw.githubusercontent.com/Fuzss/modresources/main/update/puzzlesaccessapi.json
[31Jul2026 21:20:45.453] [Forge Version Check/INFO] [net.minecraftforge.fml.VersionChecker/]: [puzzlesaccessapi] Found status: BETA Current: 20.1.1 Target: null
[31Jul2026 21:20:45.454] [Forge Version Check/INFO] [net.minecraftforge.fml.VersionChecker/]: [forge] Starting version check at https://files.minecraftforge.net/net/minecraftforge/forge/promotions_slim.json
[31Jul2026 21:20:45.601] [Forge Version Check/INFO] [net.minecraftforge.fml.VersionChecker/]: [forge] Found status: OUTDATED Current: 47.4.20 Target: 47.4.22
[31Jul2026 21:20:45.601] [Forge Version Check/INFO] [net.minecraftforge.fml.VersionChecker/]: [voicechat] Starting version check at https://update.maxhenkel.de/forge/voicechat
[31Jul2026 21:20:45.754] [Forge Version Check/INFO] [net.minecraftforge.fml.VersionChecker/]: [voicechat] Found status: UP_TO_DATE Current: 1.20.1-2.6.21 Target: null
[31Jul2026 21:20:45.754] [Forge Version Check/INFO] [net.minecraftforge.fml.VersionChecker/]: [sound_physics_remastered] Starting version check at https://update.maxhenkel.de/forge/sound_physics_remastered
[31Jul2026 21:20:45.844] [Server thread/INFO] [terrablender/]: Initialized TerraBlender biomes for level stem minecraft:overworld
[31Jul2026 21:20:45.846] [Server thread/INFO] [org.betterx.worlds.together.util.Logger/]: [bclib] Updating Pickers for BCLib - Nether BiomeSource (7e4d1774)
[31Jul2026 21:20:45.847] [Server thread/INFO] [org.betterx.worlds.together.util.Logger/]: [bclib] [BiomeSourceCompat] Combined possible biomes for BCLib - Nether BiomeSource (7e4d1774): owned=5, external=13, combined=13, externalNamespaces=minecraft(5), incendium(8)
[31Jul2026 21:20:45.848] [Server thread/INFO] [net.jadenxgamer.elysium_api.Elysium/]: ElysiumBiomeSource successfully initialized for minecraft:the_nether
[31Jul2026 21:20:45.852] [Server thread/INFO] [net.jadenxgamer.elysium_api.Elysium/]: ElysiumBiomeSource successfully initialized for minecraft:overworld
[31Jul2026 21:20:45.854] [Server thread/INFO] [net.minecraft.server.dedicated.DedicatedServer/]: Preparing level "world"
[31Jul2026 21:20:45.870] [Server thread/INFO] [org.betterx.worlds.together.util.Logger/]: [bclib] [ChunkGeneratorCompat] Keeping Blueprint modded biome source for minecraft:the_nether: wrapper=com.teamabnormals.blueprint.common.world.modification.ModdedBiomeSource@2389bd12, original=org.betterx.bclib.api.v2.generator.BCLibNetherBiomeSource@7e4d1774
[31Jul2026 21:20:45.871] [Server thread/INFO] [org.betterx.worlds.together.util.Logger/]: [bclib] [ChunkGeneratorCompat] Rebuilt featuresPerStep for org.betterx.bclib.api.v2.generator.BCLChunkGenerator@4c5d360c with 13 possible biomes: 13
[31Jul2026 21:20:45.871] [Server thread/INFO] [org.betterx.worlds.together.util.Logger/]: [bclib] [ChunkGeneratorCompat] Keeping Blueprint modded biome source for minecraft:the_end: wrapper=com.teamabnormals.blueprint.common.world.modification.ModdedBiomeSource@4b6cc992, original=org.betterx.bclib.api.v2.generator.BCLibEndBiomeSource@53cb7487
[31Jul2026 21:20:45.872] [Server thread/INFO] [org.betterx.worlds.together.util.Logger/]: [bclib] [ChunkGeneratorCompat] Rebuilt featuresPerStep for org.betterx.bclib.api.v2.generator.BCLChunkGenerator@6fd655d6 with 7 possible biomes: 7
[31Jul2026 21:20:45.875] [Server thread/INFO] [org.betterx.worlds.together.util.Logger/]: [bclib] 
Apply Modifications for irons_spellbooks:pocket_dimension
    FixedBiomeSource (5c6c8c61)
        biomes     = 1
        namespaces = minecraft(1)
[31Jul2026 21:20:45.876] [Server thread/INFO] [org.betterx.worlds.together.util.Logger/]: [bclib] 
Apply Modifications for minecraft:the_nether
    ModdedBiomeSource (2389bd12)
        biomes     = 13
        namespaces = minecraft(5), incendium(8)
[31Jul2026 21:20:45.876] [Server thread/INFO] [org.betterx.worlds.together.util.Logger/]: [bclib] 
Apply Modifications for undergarden:undergarden
    MultiNoiseBiomeSource (64aa838f)
        biomes     = 16
        namespaces = undergarden(16)
[31Jul2026 21:20:45.877] [Server thread/INFO] [org.betterx.worlds.together.util.Logger/]: [bclib] 
Apply Modifications for minecraft:overworld
    ModdedBiomeSource (2a0a6bbf)
        biomes     = 138
        namespaces = minecraft(55), blooming_biosphere(7), terrablender(1), darkerdepths(3), regions_unexplored(66), alexscaves(6)
[31Jul2026 21:20:45.878] [Server thread/INFO] [org.betterx.worlds.together.util.Logger/]: [bclib] 
Apply Modifications for blue_skies:everdawn
    EverdawnBiomeSource (52309744)
        biomes     = 11
        namespaces = blue_skies(11)
[31Jul2026 21:20:45.878] [Server thread/INFO] [org.betterx.worlds.together.util.Logger/]: [bclib] 
Apply Modifications for minecraft:the_end
    ModdedBiomeSource (4b6cc992)
        biomes     = 7
        namespaces = minecraft(5), unusualend(2)
[31Jul2026 21:20:45.878] [Server thread/INFO] [org.betterx.worlds.together.util.Logger/]: [bclib] 
Apply Modifications for blue_skies:everbright
    EverbrightBiomeSource (149c4d8)
        biomes     = 12
        namespaces = blue_skies(12)
[31Jul2026 21:20:45.879] [Server thread/INFO] [org.betterx.worlds.together.util.Logger/]: [bclib] World Dimensions: 
 - irons_spellbooks:pocket_dimension: 
     net.minecraft.world.level.levelgen.FlatLevelSource@5f92ecd4 
     FixedBiomeSource (5c6c8c61)
         biomes     = 1
         namespaces = minecraft(1)
 - minecraft:the_nether: 
     BCLib - Chunk Generator (4c5d360c) 
     ModdedBiomeSource (2389bd12)
         biomes     = 13
         namespaces = minecraft(5), incendium(8)
 - undergarden:undergarden: 
     net.minecraft.world.level.levelgen.NoiseBasedChunkGenerator@20415785 
     MultiNoiseBiomeSource (64aa838f)
         biomes     = 16
         namespaces = undergarden(16)
 - minecraft:overworld: 
     net.minecraft.world.level.levelgen.NoiseBasedChunkGenerator@62b6d666 
     ModdedBiomeSource (2a0a6bbf)
         biomes     = 138
         namespaces = minecraft(55), blooming_biosphere(7), terrablender(1), darkerdepths(3), regions_unexplored(66), alexscaves(6)
 - blue_skies:everdawn: 
     com.legacy.blue_skies.world.everdawn.EverdawnChunkGenerator@78671ff8 
     EverdawnBiomeSource (52309744)
         biomes     = 11
         namespaces = blue_skies(11)
 - minecraft:the_end: 
     BCLib - Chunk Generator (6fd655d6) 
     ModdedBiomeSource (4b6cc992)
         biomes     = 7
         namespaces = minecraft(5), unusualend(2)
 - blue_skies:everbright: 
     com.legacy.blue_skies.world.everbright.EverbrightChunkGenerator@55983771 
     EverbrightBiomeSource (149c4d8)
         biomes     = 12
         namespaces = blue_skies(12)
[31Jul2026 21:20:45.906] [Forge Version Check/INFO] [net.minecraftforge.fml.VersionChecker/]: [sound_physics_remastered] Found status: OUTDATED Current: 1.20.1-1.4.10 Target: 1.20.1-1.5.1
[31Jul2026 21:20:45.907] [Forge Version Check/INFO] [net.minecraftforge.fml.VersionChecker/]: [securitycraft] Starting version check at https://www.github.com/Geforce132/SecurityCraft/raw/master/Updates/Forge.json
[31Jul2026 21:20:46.184] [Forge Version Check/INFO] [net.minecraftforge.fml.VersionChecker/]: [securitycraft] Found status: AHEAD Current: 1.10.2.1 Target: null
[31Jul2026 21:20:46.185] [Forge Version Check/INFO] [net.minecraftforge.fml.VersionChecker/]: [puzzleslib] Starting version check at https://raw.githubusercontent.com/Fuzss/modresources/main/update/puzzleslib.json
[31Jul2026 21:20:46.220] [Forge Version Check/INFO] [net.minecraftforge.fml.VersionChecker/]: [puzzleslib] Found status: UP_TO_DATE Current: 8.1.33 Target: null
[31Jul2026 21:20:46.220] [Forge Version Check/INFO] [net.minecraftforge.fml.VersionChecker/]: [blue_skies] Starting version check at http://changelogs.moddinglegacy.com/blue-skies.json
[31Jul2026 21:20:46.272] [Forge Version Check/INFO] [net.minecraftforge.fml.VersionChecker/]: [blue_skies] Found status: UP_TO_DATE Current: 1.3.31 Target: null
[31Jul2026 21:20:46.273] [Forge Version Check/INFO] [net.minecraftforge.fml.VersionChecker/]: [alexsmobsnaturalistcompat] Starting version check at https://api.modrinth.com/updates/v0NxYynO/forge_updates.json
[31Jul2026 21:20:46.337] [Server thread/INFO] [com.cupboard.Cupboard/]: Loaded config for: betterchunkloading.json
[31Jul2026 21:20:46.360] [Forge Version Check/WARN] [net.minecraftforge.fml.VersionChecker/]: Failed to process update information
java.lang.NullPointerException: Cannot invoke "java.util.Map.get(Object)" because "promos" is null
	at net.minecraftforge.fml.VersionChecker$1.process(VersionChecker.java:192) ~[fmlcore-1.20.1-47.4.20.jar%23536!/:?]
	at java.lang.Iterable.forEach(Iterable.java:75) ~[?:?]
	at net.minecraftforge.fml.VersionChecker$1.run(VersionChecker.java:117) ~[fmlcore-1.20.1-47.4.20.jar%23536!/:?]
[31Jul2026 21:20:46.360] [Forge Version Check/INFO] [net.minecraftforge.fml.VersionChecker/]: [fastitemframes] Starting version check at https://raw.githubusercontent.com/Fuzss/modresources/main/update/fastitemframes.json
[31Jul2026 21:20:46.496] [Server thread/INFO] [org.betterx.worlds.together.util.Logger/]: [bclib] [BiomeSourceCompat] Preparing external biome source for BCLib - Nether BiomeSource (7e4d1774): source=net.minecraft.world.level.biome.MultiNoiseBiomeSource@56b1ae4, generator=net.minecraft.world.level.levelgen.NoiseBasedChunkGenerator@7efb0a8f, generatorBiomeSource=net.minecraft.world.level.biome.MultiNoiseBiomeSource@56b1ae4, dimension=minecraft:the_nether, seed=-4322723194676786431
[31Jul2026 21:20:46.501] [Server thread/INFO] [org.betterx.worlds.together.util.Logger/]: [bclib] [BiomeSourceCompat] TerraBlender check for BCLib - Nether BiomeSource (7e4d1774): canApply=true, externalGenerator=net.minecraft.world.level.levelgen.NoiseBasedChunkGenerator@7efb0a8f, externalGeneratorBiomeSource=net.minecraft.world.level.biome.MultiNoiseBiomeSource@56b1ae4
[31Jul2026 21:20:46.502] [Server thread/INFO] [org.betterx.worlds.together.util.Logger/]: [bclib] [BiomeSourceCompat] TerraBlender region type for BCLib - Nether BiomeSource (7e4d1774): dimension=minecraft:the_nether, regionType=NETHER
[31Jul2026 21:20:46.530] [Server thread/INFO] [org.betterx.worlds.together.util.Logger/]: [bclib] [BiomeSourceCompat] TerraBlender parameter list for BCLib - Nether BiomeSource (7e4d1774): parameterList=net.minecraft.world.level.biome.Climate$ParameterList@261a2e88, isExtended=true
[31Jul2026 21:20:46.531] [Server thread/INFO] [org.betterx.worlds.together.util.Logger/]: [bclib] [BiomeSourceCompat] TerraBlender initialized parameter list for BCLib - Nether BiomeSource (7e4d1774) with seed -4322723194676786431
[31Jul2026 21:20:46.532] [Server thread/INFO] [org.betterx.worlds.together.util.Logger/]: [bclib] [BiomeSourceCompat] TerraBlender regions for BCLib - Nether BiomeSource (7e4d1774): regionType=NETHER, count=2
[31Jul2026 21:20:46.532] [Server thread/INFO] [org.betterx.worlds.together.util.Logger/]: [bclib] [BiomeSourceCompat] TerraBlender region result for BCLib - Nether BiomeSource (7e4d1774): region=minecraft:nether, weight=10, addedBiomes=0
[31Jul2026 21:20:46.533] [Server thread/INFO] [org.betterx.worlds.together.util.Logger/]: [bclib] [BiomeSourceCompat] TerraBlender region result for BCLib - Nether BiomeSource (7e4d1774): region=regions_unexplored:nether, weight=14, addedBiomes=5
[31Jul2026 21:20:46.533] [Server thread/INFO] [org.betterx.worlds.together.util.Logger/]: [bclib] [BiomeSourceCompat] TerraBlender collected deferred biomes for BCLib - Nether BiomeSource (7e4d1774): count=5, biomes=regions_unexplored:mycotoxic_undergrowth, regions_unexplored:glistering_meadow, regions_unexplored:blackstone_basin, regions_unexplored:infernal_holt, regions_unexplored:redstone_abyss
[31Jul2026 21:20:46.534] [Server thread/INFO] [org.betterx.worlds.together.util.Logger/]: [bclib] [BiomeSourceCompat] TerraBlender external biome source append check for BCLib - Nether BiomeSource (7e4d1774): source=net.minecraft.world.level.biome.MultiNoiseBiomeSource@56b1ae4, isExtended=true
[31Jul2026 21:20:46.536] [Server thread/INFO] [org.betterx.worlds.together.util.Logger/]: [bclib] [BiomeSourceCompat] TerraBlender appended deferred biomes for BCLib - Nether BiomeSource (7e4d1774): afterAppend=minecraft(5), incendium(8), regions_unexplored(5)
[31Jul2026 21:20:46.537] [Server thread/INFO] [net.jadenxgamer.elysium_api.Elysium/]: ElysiumBiomeSource successfully initialized for minecraft:the_nether
[31Jul2026 21:20:46.538] [Server thread/INFO] [org.betterx.worlds.together.util.Logger/]: [bclib] [BiomeSourceCompat] Combined possible biomes for BCLib - Nether BiomeSource (7e4d1774): owned=5, external=19, combined=19, externalNamespaces=incendium(8), regions_unexplored(5), minecraft(5), netherexp(1)
[31Jul2026 21:20:46.538] [Server thread/INFO] [org.betterx.worlds.together.util.Logger/]: [bclib] [ChunkGeneratorCompat] Refreshed Blueprint modded biome source for minecraft:the_nether: wrapper=com.teamabnormals.blueprint.common.world.modification.ModdedBiomeSource@417cb6b5, biomes=19
[31Jul2026 21:20:46.538] [Server thread/INFO] [org.betterx.worlds.together.util.Logger/]: [bclib] [ChunkGeneratorCompat] Rebuilt featuresPerStep for org.betterx.bclib.api.v2.generator.BCLChunkGenerator@4c5d360c with 19 possible biomes: 19
[31Jul2026 21:20:46.539] [Server thread/INFO] [org.betterx.worlds.together.util.Logger/]: [bclib] Prepared external biome source for BCLib - Nether BiomeSource (7e4d1774): incendium(8), regions_unexplored(5), minecraft(5), netherexp(1) (incendium:ash_barrens, incendium:inverted_forest, regions_unexplored:redstone_abyss, incendium:volcanic_deltas, minecraft:crimson_forest, netherexp:black_ice_glaciers, regions_unexplored:blackstone_basin, minecraft:soul_sand_valley, incendium:weeping_valley, incendium:toxic_heap, minecraft:basalt_deltas, incendium:withered_forest, minecraft:nether_wastes, incendium:infernal_dunes, regions_unexplored:mycotoxic_undergrowth, minecraft:warped_forest, incendium:quartz_flats, regions_unexplored:glistering_meadow, regions_unexplored:infernal_holt)
[31Jul2026 21:20:46.562] [Server thread/INFO] [org.betterx.worlds.together.util.Logger/]: [bclib] [BiomeSourceCompat] Skipping external preparation for BCLib - The End  BiomeSource (53cb7487): source=null, registryAccess=false, dimensionType=null, dimension=null, generator=null, hasSeed=true, preparedSeed=-9223372036854775808, currentSeed=-4322723194676786431
[31Jul2026 21:20:46.572] [Server thread/WARN] [com.structureessentials.StructureEssentials/]: Non-unique structure_set salt:0 potentially creating overlapping structures detected. Structure sets: [minecraft:mineshafts, saintsdragons:ivy_house, darkerdepths:petrified_mineshaft, minecraft:strongholds, minecraft:buried_treasures]
[31Jul2026 21:20:46.572] [Server thread/WARN] [com.structureessentials.StructureEssentials/]: Non-unique structure_set salt:992963 potentially creating overlapping structures detected. Structure sets: [bloomingnature:swamp_hut, meadow:bench]
[31Jul2026 21:20:46.572] [Server thread/WARN] [com.structureessentials.StructureEssentials/]: Non-unique structure_set salt:10387313 potentially creating overlapping structures detected. Structure sets: [minecraft:ocean_monuments, minecraft:end_cities]
[31Jul2026 21:20:46.572] [Server thread/WARN] [com.structureessentials.StructureEssentials/]: Non-unique structure_set salt:3 potentially creating overlapping structures detected. Structure sets: [alexscaves:cake_cave, alexscaves:ferrocave]
[31Jul2026 21:20:46.573] [Server thread/WARN] [com.structureessentials.StructureEssentials/]: Non-unique structure_set salt:783 potentially creating overlapping structures detected. Structure sets: [nova_structures:taverns, nova_structures:badlands_miner_outpost]
[31Jul2026 21:20:46.573] [Server thread/WARN] [com.structureessentials.StructureEssentials/]: Non-unique structure_set salt:20083232 potentially creating overlapping structures detected. Structure sets: [darkerdepths:catacombs_set, minecraft:ancient_cities]
[31Jul2026 21:20:46.573] [Server thread/WARN] [com.structureessentials.StructureEssentials/]: Non-unique structure_set salt:2 potentially creating overlapping structures detected. Structure sets: [alexscaves:ocean_trench, alexscaves:acid_pit]
[31Jul2026 21:20:46.573] [Server thread/WARN] [com.structureessentials.StructureEssentials/]: Non-unique structure_set salt:239021 potentially creating overlapping structures detected. Structure sets: [nova_structures:desert_ruins, nova_structures:jungle_ruins]
[31Jul2026 21:20:46.573] [Server thread/WARN] [com.structureessentials.StructureEssentials/]: Non-unique structure_set salt:784827271 potentially creating overlapping structures detected. Structure sets: [betterfortresses:fortress, betteroceanmonuments:ocean_monument]
[31Jul2026 21:20:46.573] [Server thread/WARN] [com.structureessentials.StructureEssentials/]: Non-unique structure_set salt:5792349 potentially creating overlapping structures detected. Structure sets: [legendary_monsters:ruined_pyramid, legendary_monsters:ancient_stronghold]
[31Jul2026 21:20:46.574] [Server thread/WARN] [com.structureessentials.StructureEssentials/]: Non-unique structure_set salt:10387312 potentially creating overlapping structures detected. Structure sets: [nova_structures:villages_jungle, nova_structures:villages_swamp]
[31Jul2026 21:20:46.574] [Server thread/WARN] [com.structureessentials.StructureEssentials/]: Non-unique structure_set salt:4533232 potentially creating overlapping structures detected. Structure sets: [nova_structures:illager_camp, nova_structures:nether_camps]
[31Jul2026 21:20:46.577] [Server thread/INFO] [net.regions_unexplored.RegionsUnexploredMod/]: Loading dimension "minecraft:the_nether" with biome source: "blueprint:modded".
[31Jul2026 21:20:46.578] [Server thread/INFO] [net.minecraft.server.MinecraftServer/]: Preparing start region for dimension minecraft:overworld
[31Jul2026 21:20:46.662] [Forge Version Check/INFO] [net.minecraftforge.fml.VersionChecker/]: [fastitemframes] Found status: UP_TO_DATE Current: 20.1.5 Target: null
[31Jul2026 21:20:46.663] [Forge Version Check/INFO] [net.minecraftforge.fml.VersionChecker/]: [mr_lukis_strongholds] Starting version check at https://api.modrinth.com/updates/reQ63xx3/forge_updates.json
[31Jul2026 21:20:46.920] [Forge Version Check/INFO] [net.minecraftforge.fml.VersionChecker/]: [mr_lukis_strongholds] Found status: AHEAD Current: 1-v1.0 Target: null
[31Jul2026 21:20:46.920] [Forge Version Check/INFO] [net.minecraftforge.fml.VersionChecker/]: [caravans] Starting version check at https://raw.githubusercontent.com/ObscuriaLithium/modding/main/versions/pillager-caravans.json
[31Jul2026 21:20:47.232] [Forge Version Check/INFO] [net.minecraftforge.fml.VersionChecker/]: [caravans] Found status: UP_TO_DATE Current: 3.0.0 Target: null
[31Jul2026 21:20:47.232] [Forge Version Check/INFO] [net.minecraftforge.fml.VersionChecker/]: [easymagic] Starting version check at https://raw.githubusercontent.com/Fuzss/modresources/main/update/easymagic.json
[31Jul2026 21:20:47.268] [Forge Version Check/INFO] [net.minecraftforge.fml.VersionChecker/]: [easymagic] Found status: UP_TO_DATE Current: 8.0.1 Target: null
[31Jul2026 21:20:47.268] [Forge Version Check/INFO] [net.minecraftforge.fml.VersionChecker/]: [clumps] Starting version check at https://updates.blamejared.com/get?n=clumps&gv=1.20.1
[31Jul2026 21:20:47.414] [Forge Version Check/INFO] [net.minecraftforge.fml.VersionChecker/]: [clumps] Found status: BETA Current: 12.0.0.4 Target: 12.0.0.4
[31Jul2026 21:20:47.415] [Forge Version Check/INFO] [net.minecraftforge.fml.VersionChecker/]: [mr_lukis_grandcapitals] Starting version check at https://api.modrinth.com/updates/8Lw09aLb/forge_updates.json
[31Jul2026 21:20:47.549] [Forge Version Check/INFO] [net.minecraftforge.fml.VersionChecker/]: [mr_lukis_grandcapitals] Found status: OUTDATED Current: 1.1.3 Target: 1.1.3+mod
[31Jul2026 21:20:47.549] [Forge Version Check/INFO] [net.minecraftforge.fml.VersionChecker/]: [silentlib] Starting version check at https://raw.githubusercontent.com/SilentChaos512/SilentLib/1.20.x/update.json
[31Jul2026 21:20:47.585] [Forge Version Check/INFO] [net.minecraftforge.fml.VersionChecker/]: [silentlib] Found status: BETA Current: 8.0.0 Target: null
[31Jul2026 21:20:47.586] [Forge Version Check/INFO] [net.minecraftforge.fml.VersionChecker/]: [smoothboot] Starting version check at https://github.com/AbdElAziz333/SmoothBoot-Reloaded/raw/mc1.20.1/dev/updates.json
[31Jul2026 21:20:47.794] [Forge Version Check/WARN] [net.minecraftforge.fml.VersionChecker/]: Failed to process update information
com.google.gson.JsonSyntaxException: java.lang.IllegalStateException: Expected BEGIN_OBJECT but was STRING at line 9 column 1 path $
	at com.google.gson.Gson.fromJson(Gson.java:1226) ~[gson-2.10.jar%2372!/:?]
	at com.google.gson.Gson.fromJson(Gson.java:1124) ~[gson-2.10.jar%2372!/:?]
	at com.google.gson.Gson.fromJson(Gson.java:1034) ~[gson-2.10.jar%2372!/:?]
	at com.google.gson.Gson.fromJson(Gson.java:969) ~[gson-2.10.jar%2372!/:?]
	at net.minecraftforge.fml.VersionChecker$1.process(VersionChecker.java:186) ~[fmlcore-1.20.1-47.4.20.jar%23536!/:?]
	at java.lang.Iterable.forEach(Iterable.java:75) ~[?:?]
	at net.minecraftforge.fml.VersionChecker$1.run(VersionChecker.java:117) ~[fmlcore-1.20.1-47.4.20.jar%23536!/:?]
Caused by: java.lang.IllegalStateException: Expected BEGIN_OBJECT but was STRING at line 9 column 1 path $
	at com.google.gson.stream.JsonReader.beginObject(JsonReader.java:393) ~[gson-2.10.jar%2372!/:?]
	at com.google.gson.internal.bind.MapTypeAdapterFactory$Adapter.read(MapTypeAdapterFactory.java:182) ~[gson-2.10.jar%2372!/:?]
	at com.google.gson.internal.bind.MapTypeAdapterFactory$Adapter.read(MapTypeAdapterFactory.java:144) ~[gson-2.10.jar%2372!/:?]
	at com.google.gson.Gson.fromJson(Gson.java:1214) ~[gson-2.10.jar%2372!/:?]
	... 6 more
[31Jul2026 21:20:47.795] [Forge Version Check/INFO] [net.minecraftforge.fml.VersionChecker/]: [iceberg] Starting version check at https://mc-update-check.anthonyhilyard.com/520110
[31Jul2026 21:20:48.962] [Server thread/INFO] [com.cupboard.Cupboard/]: Loaded config for: limitedchunks.json
[31Jul2026 21:20:50.143] [Server thread/INFO] [net.minecraft.server.level.progress.LoggerChunkProgressListener/]: Time elapsed: 474154 ms
[31Jul2026 21:20:50.143] [Server thread/INFO] [net.minecraft.server.dedicated.DedicatedServer/]: Done (5.533s)! For help, type "help"
[31Jul2026 21:20:50.552] [Server thread/INFO] [noppes.npcs.CustomNpcs/]: CustomNPC PermissionNode<Boolean>s available:
[31Jul2026 21:20:50.552] [Server thread/INFO] [noppes.npcs.CustomNpcs/]: customnpcs.admin
[31Jul2026 21:20:50.552] [Server thread/INFO] [noppes.npcs.CustomNpcs/]: customnpcs.edit.blocks
[31Jul2026 21:20:50.553] [Server thread/INFO] [noppes.npcs.CustomNpcs/]: customnpcs.edit.villager
[31Jul2026 21:20:50.553] [Server thread/INFO] [noppes.npcs.CustomNpcs/]: customnpcs.global.bank
[31Jul2026 21:20:50.553] [Server thread/INFO] [noppes.npcs.CustomNpcs/]: customnpcs.global.dialog
[31Jul2026 21:20:50.553] [Server thread/INFO] [noppes.npcs.CustomNpcs/]: customnpcs.global.faction
[31Jul2026 21:20:50.553] [Server thread/INFO] [noppes.npcs.CustomNpcs/]: customnpcs.global.linked
[31Jul2026 21:20:50.554] [Server thread/INFO] [noppes.npcs.CustomNpcs/]: customnpcs.global.naturalspawn
[31Jul2026 21:20:50.554] [Server thread/INFO] [noppes.npcs.CustomNpcs/]: customnpcs.global.playerdata
[31Jul2026 21:20:50.554] [Server thread/INFO] [noppes.npcs.CustomNpcs/]: customnpcs.global.quest
[31Jul2026 21:20:50.554] [Server thread/INFO] [noppes.npcs.CustomNpcs/]: customnpcs.global.recipe
[31Jul2026 21:20:50.554] [Server thread/INFO] [noppes.npcs.CustomNpcs/]: customnpcs.global.transport
[31Jul2026 21:20:50.554] [Server thread/INFO] [noppes.npcs.CustomNpcs/]: customnpcs.npc.advanced
[31Jul2026 21:20:50.555] [Server thread/INFO] [noppes.npcs.CustomNpcs/]: customnpcs.npc.ai
[31Jul2026 21:20:50.555] [Server thread/INFO] [noppes.npcs.CustomNpcs/]: customnpcs.npc.clone
[31Jul2026 21:20:50.555] [Server thread/INFO] [noppes.npcs.CustomNpcs/]: customnpcs.npc.create
[31Jul2026 21:20:50.555] [Server thread/INFO] [noppes.npcs.CustomNpcs/]: customnpcs.npc.delete
[31Jul2026 21:20:50.555] [Server thread/INFO] [noppes.npcs.CustomNpcs/]: customnpcs.npc.display
[31Jul2026 21:20:50.555] [Server thread/INFO] [noppes.npcs.CustomNpcs/]: customnpcs.npc.freeze
[31Jul2026 21:20:50.556] [Server thread/INFO] [noppes.npcs.CustomNpcs/]: customnpcs.npc.gui
[31Jul2026 21:20:50.556] [Server thread/INFO] [noppes.npcs.CustomNpcs/]: customnpcs.npc.inventory
[31Jul2026 21:20:50.556] [Server thread/INFO] [noppes.npcs.CustomNpcs/]: customnpcs.npc.reset
[31Jul2026 21:20:50.556] [Server thread/INFO] [noppes.npcs.CustomNpcs/]: customnpcs.npc.stats
[31Jul2026 21:20:50.556] [Server thread/INFO] [noppes.npcs.CustomNpcs/]: customnpcs.scenes
[31Jul2026 21:20:50.556] [Server thread/INFO] [noppes.npcs.CustomNpcs/]: customnpcs.soulstone.all
[31Jul2026 21:20:50.557] [Server thread/INFO] [noppes.npcs.CustomNpcs/]: customnpcs.spawner.create
[31Jul2026 21:20:50.557] [Server thread/INFO] [noppes.npcs.CustomNpcs/]: customnpcs.spawner.mob
[31Jul2026 21:20:50.557] [Server thread/INFO] [noppes.npcs.CustomNpcs/]: customnpcs.tool.mounter
[31Jul2026 21:20:50.557] [Server thread/INFO] [noppes.npcs.CustomNpcs/]: customnpcs.tool.nbtbook
[31Jul2026 21:20:50.557] [Server thread/INFO] [noppes.npcs.CustomNpcs/]: customnpcs.tool.pather
[31Jul2026 21:20:50.557] [Server thread/INFO] [noppes.npcs.CustomNpcs/]: customnpcs.tool.scripter
[31Jul2026 21:20:50.558] [Server thread/INFO] [net.minecraftforge.server.permission.PermissionAPI/]: Successfully initialized permission handler forge:default_handler
[31Jul2026 21:20:50.561] [Server thread/INFO] [de.sarocesch.sarosclearlag.SarosClearlag/]: Scheduler started
[31Jul2026 21:20:50.570] [Server thread/INFO] [cz.maxtechnik.ntrials.NTrialsMod/]: NewTrials Server loading...
[31Jul2026 21:20:50.690] [Server thread/INFO] [com.finderfeed.fdlib.FDLib/]: Loading FD configs...
[31Jul2026 21:20:50.690] [Server thread/INFO] [com.finderfeed.fdlib.FDLib/]: Loading config fdlib:test
[31Jul2026 21:20:50.691] [Server thread/INFO] [com.finderfeed.fdlib.FDLib/]: Loading config fdlib:fdlib_client
[31Jul2026 21:20:50.692] [Server thread/INFO] [com.finderfeed.fdlib.FDLib/]: Loaded FD configs.
[31Jul2026 21:20:50.693] [modfixer-watchdog/WARN] [ModFixer/]: [ModFixer][SelfGuard] heavy_diagnostics=OFF reason=zero_mode usedNs=0
[31Jul2026 21:20:50.694] [Server thread/INFO] [atomicstryker.multimine.common.MultiMine/]: MultiMine ServerStartedEvent
[31Jul2026 21:20:50.694] [Server thread/INFO] [atomicstryker.multimine.common.MultiMine/]: config loading now
[31Jul2026 21:20:50.696] [Server thread/INFO] [atomicstryker.multimine.common.MultiMine/]: config loaded successfully
[31Jul2026 21:20:50.708] [modfixer-watchdog/INFO] [ModFixer/]: [ModFixer][ASM-AUDIT] LaunchPlugin class loaded (SIG=ASM_AUDIT_V1)
[31Jul2026 21:20:50.835] [Server thread/INFO] [STDERR/]: [net.bettercombat.logic.WeaponRegistry:loadContainers:87]: Failed to parse: armageddon_mod:weapon_attributes/the_sword_of_the_starved.json
[31Jul2026 21:20:50.835] [Server thread/INFO] [STDERR/]: [net.bettercombat.logic.WeaponRegistry:loadContainers:88]: com.google.gson.JsonSyntaxException: com.google.gson.stream.MalformedJsonException: Unterminated object at line 36 column 12 path $.attributes.attacks[2].swing_sound.id
[31Jul2026 21:20:50.835] [Server thread/INFO] [STDERR/]: [net.bettercombat.logic.WeaponRegistry:loadContainers:88]: 	at MC-BOOTSTRAP/com.google.gson@2.10/com.google.gson.Gson.fromJson(Gson.java:1229)
[31Jul2026 21:20:50.836] [Server thread/INFO] [STDERR/]: [net.bettercombat.logic.WeaponRegistry:loadContainers:88]: 	at MC-BOOTSTRAP/com.google.gson@2.10/com.google.gson.Gson.fromJson(Gson.java:1173)
[31Jul2026 21:20:50.836] [Server thread/INFO] [STDERR/]: [net.bettercombat.logic.WeaponRegistry:loadContainers:88]: 	at TRANSFORMER/bettercombat@1.9.0+1.20.1/net.bettercombat.api.WeaponAttributesHelper.decode(WeaponAttributesHelper.java:141)
[31Jul2026 21:20:50.836] [Server thread/INFO] [STDERR/]: [net.bettercombat.logic.WeaponRegistry:loadContainers:88]: 	at TRANSFORMER/bettercombat@1.9.0+1.20.1/net.bettercombat.logic.WeaponRegistry.loadContainers(WeaponRegistry.java:81)
[31Jul2026 21:20:50.836] [Server thread/INFO] [STDERR/]: [net.bettercombat.logic.WeaponRegistry:loadContainers:88]: 	at TRANSFORMER/bettercombat@1.9.0+1.20.1/net.bettercombat.logic.WeaponRegistry.loadAttributes(WeaponRegistry.java:60)
[31Jul2026 21:20:50.836] [Server thread/INFO] [STDERR/]: [net.bettercombat.logic.WeaponRegistry:loadContainers:88]: 	at TRANSFORMER/bettercombat@1.9.0+1.20.1/net.bettercombat.BetterCombat.lambda$onInitialize$0(BetterCombat.java:41)
[31Jul2026 21:20:50.837] [Server thread/INFO] [STDERR/]: [net.bettercombat.logic.WeaponRegistry:loadContainers:88]: 	at TRANSFORMER/bettercombat@1.9.0+1.20.1/net.bettercombat.forge.events.ForgeEvents.lambda$onSererStart$2(ForgeEvents.java:31)
[31Jul2026 21:20:50.837] [Server thread/INFO] [STDERR/]: [net.bettercombat.logic.WeaponRegistry:loadContainers:88]: 	at java.base/java.util.ArrayList.forEach(ArrayList.java:1511)
[31Jul2026 21:20:50.837] [Server thread/INFO] [STDERR/]: [net.bettercombat.logic.WeaponRegistry:loadContainers:88]: 	at TRANSFORMER/bettercombat@1.9.0+1.20.1/net.bettercombat.forge.events.ForgeEvents.onSererStart(ForgeEvents.java:31)
[31Jul2026 21:20:50.837] [Server thread/INFO] [STDERR/]: [net.bettercombat.logic.WeaponRegistry:loadContainers:88]: 	at TRANSFORMER/bettercombat@1.9.0+1.20.1/net.bettercombat.forge.events.__ForgeEvents_onSererStart_ServerStartedEvent.invoke(.dynamic)
[31Jul2026 21:20:50.837] [Server thread/INFO] [STDERR/]: [net.bettercombat.logic.WeaponRegistry:loadContainers:88]: 	at MC-BOOTSTRAP/net.minecraftforge.eventbus/net.minecraftforge.eventbus.ASMEventHandler.invoke(ASMEventHandler.java:55)
[31Jul2026 21:20:50.838] [Server thread/INFO] [STDERR/]: [net.bettercombat.logic.WeaponRegistry:loadContainers:88]: 	at MC-BOOTSTRAP/net.minecraftforge.eventbus/net.minecraftforge.eventbus.EventBus.post(EventBus.java:312)
[31Jul2026 21:20:50.838] [Server thread/INFO] [STDERR/]: [net.bettercombat.logic.WeaponRegistry:loadContainers:88]: 	at MC-BOOTSTRAP/net.minecraftforge.eventbus/net.minecraftforge.eventbus.EventBus.post(EventBus.java:298)
[31Jul2026 21:20:50.838] [Server thread/INFO] [STDERR/]: [net.bettercombat.logic.WeaponRegistry:loadContainers:88]: 	at TRANSFORMER/forge@47.4.20/net.minecraftforge.server.ServerLifecycleHooks.handleServerStarted(ServerLifecycleHooks.java:115)
[31Jul2026 21:20:50.838] [Server thread/INFO] [STDERR/]: [net.bettercombat.logic.WeaponRegistry:loadContainers:88]: 	at TRANSFORMER/minecraft@1.20.1/net.minecraft.server.MinecraftServer.m_130011_(MinecraftServer.java:638)
[31Jul2026 21:20:50.838] [Server thread/INFO] [STDERR/]: [net.bettercombat.logic.WeaponRegistry:loadContainers:88]: 	at TRANSFORMER/minecraft@1.20.1/net.minecraft.server.MinecraftServer.m_206580_(MinecraftServer.java:251)
[31Jul2026 21:20:50.839] [Server thread/INFO] [STDERR/]: [net.bettercombat.logic.WeaponRegistry:loadContainers:88]: 	at java.base/java.lang.Thread.run(Thread.java:840)
[31Jul2026 21:20:50.839] [Server thread/INFO] [STDERR/]: [java.lang.Throwable:printStackTrace:650]: Caused by: com.google.gson.stream.MalformedJsonException: Unterminated object at line 36 column 12 path $.attributes.attacks[2].swing_sound.id
[31Jul2026 21:20:50.839] [Server thread/INFO] [STDERR/]: [java.lang.Throwable:printStackTrace:650]: 	at MC-BOOTSTRAP/com.google.gson@2.10/com.google.gson.stream.JsonReader.syntaxError(JsonReader.java:1657)
[31Jul2026 21:20:50.839] [Server thread/INFO] [STDERR/]: [java.lang.Throwable:printStackTrace:650]: 	at MC-BOOTSTRAP/com.google.gson@2.10/com.google.gson.stream.JsonReader.doPeek(JsonReader.java:500)
[31Jul2026 21:20:50.839] [Server thread/INFO] [STDERR/]: [java.lang.Throwable:printStackTrace:650]: 	at MC-BOOTSTRAP/com.google.gson@2.10/com.google.gson.stream.JsonReader.hasNext(JsonReader.java:422)
[31Jul2026 21:20:50.840] [Server thread/INFO] [STDERR/]: [java.lang.Throwable:printStackTrace:650]: 	at MC-BOOTSTRAP/com.google.gson@2.10/com.google.gson.internal.bind.ReflectiveTypeAdapterFactory$Adapter.read(ReflectiveTypeAdapterFactory.java:385)
[31Jul2026 21:20:50.840] [Server thread/INFO] [STDERR/]: [java.lang.Throwable:printStackTrace:650]: 	at MC-BOOTSTRAP/com.google.gson@2.10/com.google.gson.internal.bind.ReflectiveTypeAdapterFactory$1.readIntoField(ReflectiveTypeAdapterFactory.java:212)
[31Jul2026 21:20:50.840] [Server thread/INFO] [STDERR/]: [java.lang.Throwable:printStackTrace:650]: 	at MC-BOOTSTRAP/com.google.gson@2.10/com.google.gson.internal.bind.ReflectiveTypeAdapterFactory$FieldReflectionAdapter.readField(ReflectiveTypeAdapterFactory.java:431)
[31Jul2026 21:20:50.840] [Server thread/INFO] [STDERR/]: [java.lang.Throwable:printStackTrace:650]: 	at MC-BOOTSTRAP/com.google.gson@2.10/com.google.gson.internal.bind.ReflectiveTypeAdapterFactory$Adapter.read(ReflectiveTypeAdapterFactory.java:391)
[31Jul2026 21:20:50.840] [Server thread/INFO] [STDERR/]: [java.lang.Throwable:printStackTrace:650]: 	at MC-BOOTSTRAP/com.google.gson@2.10/com.google.gson.internal.bind.TypeAdapterRuntimeTypeWrapper.read(TypeAdapterRuntimeTypeWrapper.java:40)
[31Jul2026 21:20:50.841] [Server thread/INFO] [STDERR/]: [java.lang.Throwable:printStackTrace:650]: 	at MC-BOOTSTRAP/com.google.gson@2.10/com.google.gson.internal.bind.ArrayTypeAdapter.read(ArrayTypeAdapter.java:72)
[31Jul2026 21:20:50.841] [Server thread/INFO] [STDERR/]: [java.lang.Throwable:printStackTrace:650]: 	at MC-BOOTSTRAP/com.google.gson@2.10/com.google.gson.internal.bind.ReflectiveTypeAdapterFactory$1.readIntoField(ReflectiveTypeAdapterFactory.java:212)
[31Jul2026 21:20:50.841] [Server thread/INFO] [STDERR/]: [java.lang.Throwable:printStackTrace:650]: 	at MC-BOOTSTRAP/com.google.gson@2.10/com.google.gson.internal.bind.ReflectiveTypeAdapterFactory$FieldReflectionAdapter.readField(ReflectiveTypeAdapterFactory.java:431)
[31Jul2026 21:20:50.841] [Server thread/INFO] [STDERR/]: [java.lang.Throwable:printStackTrace:650]: 	at MC-BOOTSTRAP/com.google.gson@2.10/com.google.gson.internal.bind.ReflectiveTypeAdapterFactory$Adapter.read(ReflectiveTypeAdapterFactory.java:391)
[31Jul2026 21:20:50.841] [Server thread/INFO] [STDERR/]: [java.lang.Throwable:printStackTrace:650]: 	at MC-BOOTSTRAP/com.google.gson@2.10/com.google.gson.internal.bind.ReflectiveTypeAdapterFactory$1.readIntoField(ReflectiveTypeAdapterFactory.java:212)
[31Jul2026 21:20:50.841] [Server thread/INFO] [STDERR/]: [java.lang.Throwable:printStackTrace:650]: 	at MC-BOOTSTRAP/com.google.gson@2.10/com.google.gson.internal.bind.ReflectiveTypeAdapterFactory$FieldReflectionAdapter.readField(ReflectiveTypeAdapterFactory.java:431)
[31Jul2026 21:20:50.842] [Server thread/INFO] [STDERR/]: [java.lang.Throwable:printStackTrace:650]: 	at MC-BOOTSTRAP/com.google.gson@2.10/com.google.gson.internal.bind.ReflectiveTypeAdapterFactory$Adapter.read(ReflectiveTypeAdapterFactory.java:391)
[31Jul2026 21:20:50.842] [Server thread/INFO] [STDERR/]: [java.lang.Throwable:printStackTrace:650]: 	at MC-BOOTSTRAP/com.google.gson@2.10/com.google.gson.Gson.fromJson(Gson.java:1214)
[31Jul2026 21:20:50.842] [Server thread/INFO] [STDERR/]: [java.lang.Throwable:printStackTrace:650]: 	... 16 more
[31Jul2026 21:20:50.931] [Server thread/INFO] [net.bettercombat.logic.WeaponRegistry/]: Encoded Weapon Attribute registry size: 377377 bytes (uncompressed), 21648 bytes (compressed), compression ratio: 94.3% (in 3 string chunks with the size of 10000)
[31Jul2026 21:20:50.939] [Server thread/INFO] [com.cupboard.Cupboard/]: Loaded config for: chunksending.json
[31Jul2026 21:20:50.940] [Server thread/WARN] [voicechat/]: [voicechat] Running in offline mode - Voice chat encryption is not secure!
[31Jul2026 21:20:50.950] [VoiceChatServerThread/INFO] [voicechat/]: [voicechat] Voice chat server started at port 24454
[31Jul2026 21:20:50.983] [Server thread/WARN] [ModernFix/]: Dedicated server took 102.055 seconds to load
[31Jul2026 21:20:51.317] [Server thread/INFO] [dev.corgitaco.enhancedcelestials.EnhancedCelestials/]: Possible lunar events for dimension "minecraft:overworld" are [enhancedcelestials:blood_moon, enhancedcelestials:super_moon, enhancedcelestials:super_blue_moon, enhancedcelestials:super_blood_moon, enhancedcelestials:blue_moon, enhancedcelestials:harvest_moon, enhancedcelestials:super_harvest_moon].
[31Jul2026 21:20:52.792] [modfixer-watchdog/INFO] [ModFixer/]: [ModFixer][State] reason=level_load LaunchPlugin=ON AntiSpam=ON LibFix=OFF RuntimeActive=true ThrottlePermille=8 EnvPressure=30 mask=11
[31Jul2026 21:21:02.799] [Forge Version Check/WARN] [net.minecraftforge.fml.VersionChecker/]: Failed to process update information
java.net.http.HttpConnectTimeoutException: HTTP connect timed out
	at jdk.internal.net.http.HttpClientImpl.send(HttpClientImpl.java:894) ~[java.net.http:?]
	at jdk.internal.net.http.HttpClientFacade.send(HttpClientFacade.java:133) ~[java.net.http:?]
	at net.minecraftforge.fml.VersionChecker$1.openUrlString(VersionChecker.java:142) ~[fmlcore-1.20.1-47.4.20.jar%23536!/:?]
	at net.minecraftforge.fml.VersionChecker$1.process(VersionChecker.java:180) ~[fmlcore-1.20.1-47.4.20.jar%23536!/:?]
	at java.lang.Iterable.forEach(Iterable.java:75) ~[?:?]
	at net.minecraftforge.fml.VersionChecker$1.run(VersionChecker.java:117) ~[fmlcore-1.20.1-47.4.20.jar%23536!/:?]
Caused by: java.net.http.HttpConnectTimeoutException: HTTP connect timed out
	at jdk.internal.net.http.ResponseTimerEvent.handle(ResponseTimerEvent.java:68) ~[java.net.http:?]
	at jdk.internal.net.http.HttpClientImpl.purgeTimeoutsAndReturnNextDeadline(HttpClientImpl.java:1693) ~[java.net.http:?]
	at jdk.internal.net.http.HttpClientImpl$SelectorManager.run(HttpClientImpl.java:1311) ~[java.net.http:?]
Caused by: java.net.ConnectException: HTTP connect timed out
	at jdk.internal.net.http.ResponseTimerEvent.handle(ResponseTimerEvent.java:69) ~[java.net.http:?]
	at jdk.internal.net.http.HttpClientImpl.purgeTimeoutsAndReturnNextDeadline(HttpClientImpl.java:1693) ~[java.net.http:?]
	at jdk.internal.net.http.HttpClientImpl$SelectorManager.run(HttpClientImpl.java:1311) ~[java.net.http:?]
[31Jul2026 21:21:02.800] [Forge Version Check/INFO] [net.minecraftforge.fml.VersionChecker/]: [mr_lukis_woodlandmansions] Starting version check at https://api.modrinth.com/updates/RZN5D3zs/forge_updates.json
[31Jul2026 21:21:02.929] [Forge Version Check/INFO] [net.minecraftforge.fml.VersionChecker/]: [mr_lukis_woodlandmansions] Found status: AHEAD Current: 1-v.1.0 Target: null
[31Jul2026 21:21:40.096] [Server thread/INFO] [net.minecraft.server.players.PlayerList/]: iAl3x2[/100.127.120.57:53429] logged in with entity id 77 at (-229.29449312974612, 64.0, 263.0167110213821)
[31Jul2026 21:21:40.112] [Server thread/INFO] [ModdingLegacy/blue_skies/]: Sending ToolHandleTypeManager to iAl3x2
[31Jul2026 21:21:40.113] [Server thread/INFO] [ModdingLegacy/blue_skies/]: Sending SnowcapOvenFreezingManager to iAl3x2
[31Jul2026 21:21:40.114] [Server thread/INFO] [ModdingLegacy/blue_skies/]: Sending HorizoniteForgeFuelManager to iAl3x2
[31Jul2026 21:21:40.114] [Server thread/INFO] [ModdingLegacy/blue_skies/]: Sending AlchemyRecipeManager to iAl3x2
[31Jul2026 21:21:40.119] [Server thread/INFO] [ModdingLegacy/blue_skies/]: Sending JournalEntryManager to iAl3x2
[31Jul2026 21:21:40.123] [Server thread/INFO] [ModdingLegacy/blue_skies/]: Sending JournalSectionManager to iAl3x2
[31Jul2026 21:21:40.123] [Server thread/INFO] [ModdingLegacy/blue_skies/]: Sending JournalRequirementManager to iAl3x2
[31Jul2026 21:21:40.176] [Server thread/INFO] [jp.aquafactory.apprenticecodex.ApprenticeCodex/]: School Affinity potion assignments resolved.
[31Jul2026 21:21:40.176] [Server thread/INFO] [jp.aquafactory.apprenticecodex.ApprenticeCodex/]: School Affinity slot 00: apprenticecodex:affinity_00 -> irons_spellbooks:fire catalysts=[]
[31Jul2026 21:21:40.176] [Server thread/INFO] [jp.aquafactory.apprenticecodex.ApprenticeCodex/]: School Affinity slot 01: apprenticecodex:affinity_01 -> irons_spellbooks:ice catalysts=[]
[31Jul2026 21:21:40.176] [Server thread/INFO] [jp.aquafactory.apprenticecodex.ApprenticeCodex/]: School Affinity slot 02: apprenticecodex:affinity_02 -> irons_spellbooks:lightning catalysts=[]
[31Jul2026 21:21:40.177] [Server thread/INFO] [jp.aquafactory.apprenticecodex.ApprenticeCodex/]: School Affinity slot 03: apprenticecodex:affinity_03 -> irons_spellbooks:holy catalysts=[]
[31Jul2026 21:21:40.177] [Server thread/INFO] [jp.aquafactory.apprenticecodex.ApprenticeCodex/]: School Affinity slot 04: apprenticecodex:affinity_04 -> irons_spellbooks:ender catalysts=[]
[31Jul2026 21:21:40.177] [Server thread/INFO] [jp.aquafactory.apprenticecodex.ApprenticeCodex/]: School Affinity slot 05: apprenticecodex:affinity_05 -> irons_spellbooks:blood catalysts=[]
[31Jul2026 21:21:40.177] [Server thread/INFO] [jp.aquafactory.apprenticecodex.ApprenticeCodex/]: School Affinity slot 06: apprenticecodex:affinity_06 -> irons_spellbooks:evocation catalysts=[]
[31Jul2026 21:21:40.178] [Server thread/INFO] [jp.aquafactory.apprenticecodex.ApprenticeCodex/]: School Affinity slot 07: apprenticecodex:affinity_07 -> irons_spellbooks:nature catalysts=[]
[31Jul2026 21:21:40.178] [Server thread/INFO] [jp.aquafactory.apprenticecodex.ApprenticeCodex/]: School Affinity slot 08: apprenticecodex:affinity_08 -> irons_spellbooks:eldritch catalysts=[]
[31Jul2026 21:21:40.178] [Server thread/INFO] [jp.aquafactory.apprenticecodex.ApprenticeCodex/]: School Affinity slot 09: apprenticecodex:affinity_09 -> <empty> catalysts=[]
[31Jul2026 21:21:40.178] [Server thread/INFO] [jp.aquafactory.apprenticecodex.ApprenticeCodex/]: School Affinity slot 10: apprenticecodex:affinity_10 -> <empty> catalysts=[]
[31Jul2026 21:21:40.178] [Server thread/INFO] [jp.aquafactory.apprenticecodex.ApprenticeCodex/]: School Affinity slot 11: apprenticecodex:affinity_11 -> <empty> catalysts=[]
[31Jul2026 21:21:40.179] [Server thread/INFO] [jp.aquafactory.apprenticecodex.ApprenticeCodex/]: School Affinity slot 12: apprenticecodex:affinity_12 -> <empty> catalysts=[]
[31Jul2026 21:21:40.179] [Server thread/INFO] [jp.aquafactory.apprenticecodex.ApprenticeCodex/]: School Affinity slot 13: apprenticecodex:affinity_13 -> <empty> catalysts=[]
[31Jul2026 21:21:40.179] [Server thread/INFO] [jp.aquafactory.apprenticecodex.ApprenticeCodex/]: School Affinity slot 14: apprenticecodex:affinity_14 -> <empty> catalysts=[]
[31Jul2026 21:21:40.179] [Server thread/INFO] [jp.aquafactory.apprenticecodex.ApprenticeCodex/]: School Affinity slot 15: apprenticecodex:affinity_15 -> <empty> catalysts=[]
[31Jul2026 21:21:40.179] [Server thread/INFO] [jp.aquafactory.apprenticecodex.ApprenticeCodex/]: School Affinity slot 16: apprenticecodex:affinity_16 -> <empty> catalysts=[]
[31Jul2026 21:21:40.180] [Server thread/INFO] [jp.aquafactory.apprenticecodex.ApprenticeCodex/]: School Affinity slot 17: apprenticecodex:affinity_17 -> <empty> catalysts=[]
[31Jul2026 21:21:40.180] [Server thread/INFO] [jp.aquafactory.apprenticecodex.ApprenticeCodex/]: School Affinity slot 18: apprenticecodex:affinity_18 -> <empty> catalysts=[]
[31Jul2026 21:21:40.180] [Server thread/INFO] [jp.aquafactory.apprenticecodex.ApprenticeCodex/]: School Affinity slot 19: apprenticecodex:affinity_19 -> <empty> catalysts=[]
[31Jul2026 21:21:40.180] [Server thread/INFO] [jp.aquafactory.apprenticecodex.ApprenticeCodex/]: School Affinity slot 20: apprenticecodex:affinity_20 -> <empty> catalysts=[]
[31Jul2026 21:21:40.180] [Server thread/INFO] [jp.aquafactory.apprenticecodex.ApprenticeCodex/]: School Affinity slot 21: apprenticecodex:affinity_21 -> <empty> catalysts=[]
[31Jul2026 21:21:40.181] [Server thread/INFO] [jp.aquafactory.apprenticecodex.ApprenticeCodex/]: School Affinity slot 22: apprenticecodex:affinity_22 -> <empty> catalysts=[]
[31Jul2026 21:21:40.181] [Server thread/INFO] [jp.aquafactory.apprenticecodex.ApprenticeCodex/]: School Affinity slot 23: apprenticecodex:affinity_23 -> <empty> catalysts=[]
[31Jul2026 21:21:40.181] [Server thread/INFO] [jp.aquafactory.apprenticecodex.ApprenticeCodex/]: School Affinity slot 24: apprenticecodex:affinity_24 -> <empty> catalysts=[]
[31Jul2026 21:21:40.216] [Server thread/INFO] [ModernFix/]: Using enhanced recipe sync for player iAl3x2
[31Jul2026 21:21:40.265] [Server thread/INFO] [net.minecraft.server.MinecraftServer/]: iAl3x2 joined the game
[31Jul2026 21:21:40.315] [Server thread/INFO] [fallingtrees | Config/]: Sending common config 'fallingtrees:fallingtrees_common' to iAl3x2
[31Jul2026 21:21:41.853] [Netty Epoll Server IO #2/INFO] [fallingtrees | Config/]: Received client config 'fallingtrees:fallingtrees_client' from iAl3x2
[31Jul2026 21:21:42.018] [Server thread/INFO] [voicechat/]: [voicechat] Received secret request of iAl3x2 (20)
[31Jul2026 21:21:42.021] [Server thread/INFO] [voicechat/]: [voicechat] Sent secret to iAl3x2
[31Jul2026 21:21:43.030] [VoiceChatPacketProcessingThread/INFO] [voicechat/]: [voicechat] Successfully authenticated player 1128fd1f-1c23-3b53-9ea7-e408a49e7cdf
[31Jul2026 21:21:44.029] [VoiceChatPacketProcessingThread/INFO] [voicechat/]: [voicechat] Successfully validated connection of player 1128fd1f-1c23-3b53-9ea7-e408a49e7cdf
[31Jul2026 21:21:44.031] [VoiceChatPacketProcessingThread/INFO] [voicechat/]: [voicechat] Player iAl3x2 (1128fd1f-1c23-3b53-9ea7-e408a49e7cdf) successfully connected to voice chat
[31Jul2026 21:21:55.032] [Server thread/INFO] [org.betterx.worlds.together.util.Logger/]: [bclib] Received Hello from Client. (server=20.0.11, client=20.0.11)
[31Jul2026 21:21:55.033] [Server thread/INFO] [org.betterx.worlds.together.util.Logger/]: [bclib] Sending Hello to Client. (server=20.0.11)
[31Jul2026 21:21:55.036] [Server thread/INFO] [org.betterx.worlds.together.util.Logger/]: [bclib] 	- Listing Mod bclib v20.0.11 (size: 2.1 MiB, download=true)
[31Jul2026 21:21:55.037] [Server thread/INFO] [org.betterx.worlds.together.util.Logger/]: [bclib] 	- Offering Config bclib.CONFIG_bclib.generator
[31Jul2026 21:21:55.037] [Server thread/INFO] [org.betterx.worlds.together.util.Logger/]: [bclib] 	- Offering Config bclib.CONFIG_bclib.main
[31Jul2026 21:21:55.037] [Server thread/INFO] [org.betterx.worlds.together.util.Logger/]: [bclib] 	- Offering Config bclib.CONFIG_bclib.biomes
[31Jul2026 21:21:55.038] [Server thread/INFO] [org.betterx.worlds.together.util.Logger/]: [bclib] 	- Offering Folder /workspaces/prueba/servidor_minecraft/bclib-sync (allowDelete=true)
[31Jul2026 21:22:26.859] [Server thread/INFO] [net.minecraft.server.players.PlayerList/]: XDraakDuivel[/100.121.48.102:57440] logged in with entity id 101 at (-265.6018247274885, 67.0, 240.53317551773185)
[31Jul2026 21:22:26.862] [Server thread/INFO] [ModdingLegacy/blue_skies/]: Sending ToolHandleTypeManager to XDraakDuivel
[31Jul2026 21:22:26.863] [Server thread/INFO] [ModdingLegacy/blue_skies/]: Sending SnowcapOvenFreezingManager to XDraakDuivel
[31Jul2026 21:22:26.864] [Server thread/INFO] [ModdingLegacy/blue_skies/]: Sending HorizoniteForgeFuelManager to XDraakDuivel
[31Jul2026 21:22:26.865] [Server thread/INFO] [ModdingLegacy/blue_skies/]: Sending AlchemyRecipeManager to XDraakDuivel
[31Jul2026 21:22:26.869] [Server thread/INFO] [ModdingLegacy/blue_skies/]: Sending JournalEntryManager to XDraakDuivel
[31Jul2026 21:22:26.875] [Server thread/INFO] [ModdingLegacy/blue_skies/]: Sending JournalSectionManager to XDraakDuivel
[31Jul2026 21:22:26.876] [Server thread/INFO] [ModdingLegacy/blue_skies/]: Sending JournalRequirementManager to XDraakDuivel
[31Jul2026 21:22:26.899] [Server thread/INFO] [ModernFix/]: Using enhanced recipe sync for player XDraakDuivel
[31Jul2026 21:22:26.931] [Server thread/INFO] [net.minecraft.server.MinecraftServer/]: XDraakDuivel joined the game
[31Jul2026 21:22:26.940] [Server thread/INFO] [fallingtrees | Config/]: Sending common config 'fallingtrees:fallingtrees_common' to XDraakDuivel
[31Jul2026 21:22:28.818] [Netty Epoll Server IO #5/INFO] [fallingtrees | Config/]: Received client config 'fallingtrees:fallingtrees_client' from XDraakDuivel
[31Jul2026 21:22:28.881] [Server thread/INFO] [voicechat/]: [voicechat] Received secret request of XDraakDuivel (20)
[31Jul2026 21:22:28.882] [Server thread/INFO] [voicechat/]: [voicechat] Sent secret to XDraakDuivel
[31Jul2026 21:22:29.460] [VoiceChatPacketProcessingThread/INFO] [voicechat/]: [voicechat] Successfully authenticated player 45e82446-1f7f-3d75-84de-457c366f7c74
[31Jul2026 21:22:30.462] [VoiceChatPacketProcessingThread/INFO] [voicechat/]: [voicechat] Successfully validated connection of player 45e82446-1f7f-3d75-84de-457c366f7c74
[31Jul2026 21:22:30.462] [VoiceChatPacketProcessingThread/INFO] [voicechat/]: [voicechat] Player XDraakDuivel (45e82446-1f7f-3d75-84de-457c366f7c74) successfully connected to voice chat
[31Jul2026 21:22:32.355] [Server thread/INFO] [org.betterx.worlds.together.util.Logger/]: [bclib] Received Hello from Client. (server=20.0.11, client=20.0.11)
[31Jul2026 21:22:32.356] [Server thread/INFO] [org.betterx.worlds.together.util.Logger/]: [bclib] Sending Hello to Client. (server=20.0.11)
[31Jul2026 21:22:32.356] [Server thread/INFO] [org.betterx.worlds.together.util.Logger/]: [bclib] 	- Listing Mod bclib v20.0.11 (size: 2.1 MiB, download=true)
[31Jul2026 21:22:32.356] [Server thread/INFO] [org.betterx.worlds.together.util.Logger/]: [bclib] 	- Offering Config bclib.CONFIG_bclib.generator
[31Jul2026 21:22:32.356] [Server thread/INFO] [org.betterx.worlds.together.util.Logger/]: [bclib] 	- Offering Config bclib.CONFIG_bclib.main
[31Jul2026 21:22:32.356] [Server thread/INFO] [org.betterx.worlds.together.util.Logger/]: [bclib] 	- Offering Config bclib.CONFIG_bclib.biomes
[31Jul2026 21:22:32.356] [Server thread/INFO] [org.betterx.worlds.together.util.Logger/]: [bclib] 	- Offering Folder /workspaces/prueba/servidor_minecraft/bclib-sync (allowDelete=true)
[31Jul2026 21:22:48.810] [Server thread/INFO] [Scaling Health/]: Player lost 0.00 heart crystal(s)
[31Jul2026 21:22:48.812] [Server thread/INFO] [Scaling Health/]: Player lost 0.00 difficulty
[31Jul2026 21:22:52.266] [Server thread/INFO] [Scaling Health/]: Player lost 0.00 heart crystal(s)
[31Jul2026 21:22:52.266] [Server thread/INFO] [Scaling Health/]: Player lost -0.00 difficulty
[31Jul2026 21:22:53.486] [Server thread/INFO] [net.minecraft.server.MinecraftServer/]: [XDraakDuivel: Teleported XDraakDuivel to iAl3x2]
[31Jul2026 21:24:50.911] [Server thread/INFO] [net.minecraft.server.MinecraftServer/]: [XDraakDuivel: Teleported iAl3x2 to XDraakDuivel]
[31Jul2026 21:25:48.915] [Server thread/INFO] [net.minecraft.server.MinecraftServer/]: iAl3x2 has reached the goal [Do You Remember Me?]
[31Jul2026 21:25:49.972] [Server thread/INFO] [net.minecraft.server.MinecraftServer/]: [XDraakDuivel: Applied effect Saturation to iAl3x2]
[31Jul2026 21:25:51.167] [Server thread/INFO] [de.sarocesch.sarosclearlag.SarosClearlag/]: Cleared 68 entities
[31Jul2026 21:26:02.167] [Server thread/INFO] [net.minecraft.server.MinecraftServer/]: [XDraakDuivel: Applied effect Saturation to XDraakDuivel]
[31Jul2026 21:26:09.072] [Worker-Main-3/WARN] [net.minecraft.nbt.NbtUtils/]: Unable to read property: type with value: single for blockstate: {Name:"meadow:bench",Properties:{facing:"east",type:"single",waterlogged:"false"}}
[31Jul2026 21:26:09.073] [Worker-Main-3/WARN] [net.minecraft.nbt.NbtUtils/]: Unable to read property: type with value: single for blockstate: {Name:"meadow:table",Properties:{facing:"east",type:"single",waterlogged:"false"}}
[31Jul2026 21:26:40.225] [Server thread/INFO] [net.minecraft.server.MinecraftServer/]: [XDraakDuivel: Applied effect Regeneration to XDraakDuivel]
[31Jul2026 21:26:45.054] [Server thread/INFO] [net.minecraft.server.MinecraftServer/]: [XDraakDuivel: Applied effect Regeneration to iAl3x2]
[31Jul2026 21:27:21.013] [Server thread/INFO] [net.minecraft.server.MinecraftServer/]: [XDraakDuivel: Teleported iAl3x2 to XDraakDuivel]
[31Jul2026 21:28:00.433] [Server thread/INFO] [net.minecraft.server.MinecraftServer/]: [XDraakDuivel: Set own game mode to Spectator Mode]
[31Jul2026 21:28:06.167] [Server thread/INFO] [net.minecraft.server.MinecraftServer/]: [XDraakDuivel: Teleported iAl3x2 to XDraakDuivel]
[31Jul2026 21:28:10.226] [Server thread/INFO] [net.minecraft.server.MinecraftServer/]: [XDraakDuivel: Set own game mode to Creative Mode]
[31Jul2026 21:28:25.707] [Server thread/INFO] [net.minecraft.server.MinecraftServer/]: [XDraakDuivel: Set own game mode to Survival Mode]
[31Jul2026 21:28:39.462] [Server thread/INFO] [net.minecraft.server.MinecraftServer/]: XDraakDuivel was slain by iAl3x2
[31Jul2026 21:28:40.682] [Server thread/INFO] [Scaling Health/]: Player lost 0.00 heart crystal(s)
[31Jul2026 21:28:40.682] [Server thread/INFO] [Scaling Health/]: Player lost 0.00 difficulty
[31Jul2026 21:28:42.317] [Server thread/INFO] [net.minecraft.server.MinecraftServer/]: [XDraakDuivel: Teleported XDraakDuivel to iAl3x2]
[31Jul2026 21:28:46.983] [Server thread/INFO] [net.minecraft.server.MinecraftServer/]: [XDraakDuivel: Set own game mode to Spectator Mode]
[31Jul2026 21:28:51.864] [Server thread/INFO] [net.minecraft.server.MinecraftServer/]: [XDraakDuivel: Set own game mode to Survival Mode]
[31Jul2026 21:29:04.405] [Server thread/INFO] [net.minecraft.server.MinecraftServer/]: XDraakDuivel was slain by Evil Bat
[31Jul2026 21:29:05.605] [Server thread/INFO] [Scaling Health/]: Player lost 0.00 heart crystal(s)
[31Jul2026 21:29:05.606] [Server thread/INFO] [Scaling Health/]: Player lost 0.00 difficulty
[31Jul2026 21:29:06.195] [Server thread/WARN] [net.minecraft.world.level.entity.PersistentEntitySectionManager/]: UUID of added entity already exists: Zombie['Zombie'/2614, l='ServerLevel[world]', x=-109.50, y=67.00, z=-56.50]
[31Jul2026 21:29:07.769] [Server thread/INFO] [net.minecraft.server.MinecraftServer/]: [XDraakDuivel: Teleported XDraakDuivel to iAl3x2]
[31Jul2026 21:29:35.358] [Server thread/INFO] [net.minecraft.server.MinecraftServer/]: XDraakDuivel hit the ground too hard
[31Jul2026 21:29:35.859] [Server thread/INFO] [net.minecraft.server.MinecraftServer/]: iAl3x2 was slain by Evil Bat
[31Jul2026 21:29:36.654] [Server thread/INFO] [Scaling Health/]: Player lost 0.00 heart crystal(s)
[31Jul2026 21:29:36.654] [Server thread/INFO] [Scaling Health/]: Player lost 0.00 difficulty
[31Jul2026 21:29:37.775] [Server thread/INFO] [Scaling Health/]: Player lost 0.00 heart crystal(s)
[31Jul2026 21:29:37.775] [Server thread/INFO] [Scaling Health/]: Player lost -0.00 difficulty
[31Jul2026 21:29:38.367] [Server thread/INFO] [net.minecraft.server.MinecraftServer/]: [XDraakDuivel: Teleported XDraakDuivel to iAl3x2]
[31Jul2026 21:29:46.170] [Server thread/INFO] [net.minecraft.server.MinecraftServer/]: [XDraakDuivel: Set own game mode to Spectator Mode]
[31Jul2026 21:29:55.859] [Server thread/INFO] [net.minecraft.server.MinecraftServer/]: [XDraakDuivel: Set own game mode to Creative Mode]
[31Jul2026 21:30:06.776] [Server thread/INFO] [net.minecraft.server.MinecraftServer/]: [XDraakDuivel: Teleported iAl3x2 to XDraakDuivel]
[31Jul2026 21:30:11.728] [Server thread/INFO] [net.minecraft.server.MinecraftServer/]: [XDraakDuivel: Set own game mode to Survival Mode]
[31Jul2026 21:30:51.386] [Server thread/INFO] [de.sarocesch.sarosclearlag.SarosClearlag/]: Cleared 82 entities
[31Jul2026 21:30:51.529] [Server thread/INFO] [AllTheLeaks/]: Listing events...
[31Jul2026 21:30:51.529] [Server thread/INFO] [AllTheLeaks/]: Server Player Clone: 6
[31Jul2026 21:30:51.529] [Server thread/INFO] [AllTheLeaks/]: Listing memory leaks so far...
[31Jul2026 21:30:51.532] [Server thread/INFO] [AllTheLeaks/]: B: 1244MB / C: 1402MB / Diff: +158MB
[31Jul2026 21:30:51.534] [Server thread/INFO] [AllTheLeaks/]: Memory Leaks detected: (/atl force_refresh to update)
[31Jul2026 21:30:51.534] [Server thread/INFO] [AllTheLeaks/]: | ChunkAccess:
[31Jul2026 21:30:51.535] [Server thread/INFO] [AllTheLeaks/]: |- LevelChunk (minecraft): 1137
[31Jul2026 21:30:51.535] [Server thread/INFO] [AllTheLeaks/]: | Player:
[31Jul2026 21:30:51.535] [Server thread/INFO] [AllTheLeaks/]: |- ServerPlayer (minecraft): 6
[31Jul2026 21:30:54.322] [Server thread/INFO] [net.minecraft.server.MinecraftServer/]: [XDraakDuivel: Teleported iAl3x2 to XDraakDuivel]
[31Jul2026 21:31:48.052] [Server thread/INFO] [net.minecraft.server.MinecraftServer/]: XDraakDuivel was slain by Zombie
[31Jul2026 21:31:49.353] [Server thread/INFO] [Scaling Health/]: Player lost 0.00 heart crystal(s)
[31Jul2026 21:31:49.353] [Server thread/INFO] [Scaling Health/]: Player lost -0.00 difficulty
[31Jul2026 21:31:50.768] [Server thread/INFO] [net.minecraft.server.MinecraftServer/]: [XDraakDuivel: Teleported XDraakDuivel to iAl3x2]
[31Jul2026 21:32:15.708] [Server thread/INFO] [net.minecraft.server.MinecraftServer/]: [XDraakDuivel: Set own game mode to Spectator Mode]
[31Jul2026 21:32:18.955] [Server thread/INFO] [net.minecraft.server.MinecraftServer/]: [XDraakDuivel: The difficulty has been set to Peaceful]
[31Jul2026 21:32:21.013] [Server thread/INFO] [net.minecraft.server.MinecraftServer/]: [XDraakDuivel: The difficulty has been set to Normal]
[31Jul2026 21:32:23.712] [Server thread/INFO] [net.minecraft.server.MinecraftServer/]: [XDraakDuivel: Set own game mode to Survival Mode]
[31Jul2026 21:33:45.112] [Server thread/INFO] [net.minecraft.server.MinecraftServer/]: [XDraakDuivel: Applied effect Regeneration to XDraakDuivel]
[31Jul2026 21:33:50.852] [Server thread/INFO] [net.minecraft.server.MinecraftServer/]: [XDraakDuivel: Applied effect Regeneration to iAl3x2]
[31Jul2026 21:33:59.301] [Server thread/INFO] [net.minecraft.server.MinecraftServer/]: [XDraakDuivel: Set own game mode to Spectator Mode]
[31Jul2026 21:34:13.957] [Worker-Main-1/ERROR] [net.minecraft.world.entity.decoration.HangingEntity/]: Hanging entity at invalid position: BlockPos{x=203, y=48, z=159}
[31Jul2026 21:34:26.431] [Server thread/INFO] [net.minecraft.server.MinecraftServer/]: [XDraakDuivel: Teleported iAl3x2 to XDraakDuivel]
[31Jul2026 21:34:32.037] [Server thread/INFO] [net.minecraft.server.MinecraftServer/]: [XDraakDuivel: Set own game mode to Survival Mode]
[31Jul2026 21:35:24.928] [Server thread/INFO] [net.minecraft.server.MinecraftServer/]: [XDraakDuivel: Set own game mode to Spectator Mode]
[31Jul2026 21:35:31.189] [Server thread/WARN] [net.minecraft.world.level.entity.PersistentEntitySectionManager/]: UUID of added entity already exists: BabyScorpionEntity['Baby Scorpion'/4764, l='ServerLevel[world]', x=-475.32, y=-34.00, z=221.51]
[31Jul2026 21:35:36.623] [Server thread/INFO] [net.minecraft.server.MinecraftServer/]: [XDraakDuivel: Teleported iAl3x2 to XDraakDuivel]
[31Jul2026 21:35:39.228] [Worker-Main-1/WARN] [net.minecraft.nbt.NbtUtils/]: Unable to read property: type with value: single for blockstate: {Name:"meadow:bench",Properties:{facing:"west",type:"single",waterlogged:"false"}}
[31Jul2026 21:35:39.229] [Worker-Main-1/WARN] [net.minecraft.nbt.NbtUtils/]: Unable to read property: type with value: single for blockstate: {Name:"meadow:bench",Properties:{facing:"south",type:"single",waterlogged:"false"}}
[31Jul2026 21:35:39.657] [Server thread/INFO] [net.minecraft.server.MinecraftServer/]: [XDraakDuivel: Set own game mode to Survival Mode]
[31Jul2026 21:35:51.033] [Server thread/INFO] [de.sarocesch.sarosclearlag.SarosClearlag/]: Cleared 57 entities
[31Jul2026 21:35:51.654] [Server thread/INFO] [net.minecraft.server.MinecraftServer/]: XDraakDuivel died from dehydration
[31Jul2026 21:35:52.978] [Server thread/INFO] [Scaling Health/]: Player lost 0.00 heart crystal(s)
[31Jul2026 21:35:52.978] [Server thread/INFO] [Scaling Health/]: Player lost -0.00 difficulty
[31Jul2026 21:35:54.566] [Server thread/INFO] [net.minecraft.server.MinecraftServer/]: [XDraakDuivel: Teleported XDraakDuivel to iAl3x2]
[31Jul2026 21:36:05.683] [Server thread/INFO] [net.minecraft.server.MinecraftServer/]: XDraakDuivel has made the advancement [Alex's Mobs]
[31Jul2026 21:36:41.350] [Worker-Main-2/ERROR] [net.minecraft.world.entity.decoration.HangingEntity/]: Hanging entity at invalid position: BlockPos{x=209, y=127, z=-99}
[31Jul2026 21:36:41.392] [Worker-Main-2/ERROR] [net.minecraft.world.entity.decoration.HangingEntity/]: Hanging entity at invalid position: BlockPos{x=209, y=127, z=-94}
[31Jul2026 21:36:41.814] [Worker-Main-2/WARN] [net.minecraft.world.level.levelgen.structure.pools.JigsawPlacement/]: Empty or non-existent pool: revampedvillages:outpost/points
[31Jul2026 21:36:41.831] [Worker-Main-2/WARN] [net.minecraft.world.level.levelgen.structure.pools.JigsawPlacement/]: Empty or non-existent pool: revampedvillages:outpost/points
[31Jul2026 21:36:41.963] [Worker-Main-2/WARN] [net.minecraft.world.level.levelgen.structure.pools.JigsawPlacement/]: Empty or non-existent pool: revampedvillages:outpost/points
[31Jul2026 21:36:43.793] [Worker-Main-1/ERROR] [net.minecraft.world.entity.decoration.HangingEntity/]: Hanging entity at invalid position: BlockPos{x=204, y=127, z=-91}
[31Jul2026 21:36:43.796] [Worker-Main-1/ERROR] [net.minecraft.world.entity.decoration.HangingEntity/]: Hanging entity at invalid position: BlockPos{x=205, y=132, z=-91}
[31Jul2026 21:36:43.875] [Worker-Main-1/ERROR] [net.minecraft.world.entity.decoration.HangingEntity/]: Hanging entity at invalid position: BlockPos{x=200, y=127, z=-98}
[31Jul2026 21:36:43.876] [Worker-Main-1/ERROR] [net.minecraft.world.entity.decoration.HangingEntity/]: Hanging entity at invalid position: BlockPos{x=200, y=127, z=-95}
[31Jul2026 21:36:43.904] [Worker-Main-1/ERROR] [net.minecraft.world.entity.decoration.HangingEntity/]: Hanging entity at invalid position: BlockPos{x=78, y=-57, z=-75}
[31Jul2026 21:36:43.904] [Worker-Main-1/ERROR] [net.minecraft.world.entity.decoration.HangingEntity/]: Hanging entity at invalid position: BlockPos{x=78, y=-57, z=-76}
[31Jul2026 21:36:44.876] [Server thread/WARN] [net.minecraft.world.level.entity.PersistentEntitySectionManager/]: UUID of added entity already exists: ItemFrame['Item Frame'/5495, l='ServerLevel[world]', x=-852.50, y=83.03, z=51.50]
[31Jul2026 21:36:44.877] [Server thread/WARN] [net.minecraft.world.level.entity.PersistentEntitySectionManager/]: UUID of added entity already exists: CultistEntity['Cultist'/5496, l='ServerLevel[world]', x=-851.50, y=69.94, z=53.50]
[31Jul2026 21:36:44.878] [Server thread/WARN] [net.minecraft.world.level.entity.PersistentEntitySectionManager/]: UUID of added entity already exists: PriestEntity['David'/5497, l='ServerLevel[world]', x=-851.50, y=82.00, z=50.50]
[31Jul2026 21:36:44.879] [Server thread/WARN] [net.minecraft.world.level.entity.PersistentEntitySectionManager/]: UUID of added entity already exists: ItemFrame['Item Frame'/5498, l='ServerLevel[world]', x=-851.50, y=88.03, z=51.50]
[31Jul2026 21:36:44.880] [Server thread/WARN] [net.minecraft.world.level.entity.PersistentEntitySectionManager/]: UUID of added entity already exists: PriestEntity['Daryl'/5499, l='ServerLevel[world]', x=-852.53, y=87.00, z=49.66]
[31Jul2026 21:36:45.061] [Server thread/WARN] [net.minecraft.world.level.entity.PersistentEntitySectionManager/]: UUID of added entity already exists: CultistEntity['Cultist'/5511, l='ServerLevel[world]', x=-862.50, y=69.94, z=45.50]
[31Jul2026 21:36:46.596] [Server thread/INFO] [net.minecraft.server.MinecraftServer/]: [XDraakDuivel: Teleported iAl3x2 to XDraakDuivel]
[31Jul2026 21:36:55.432] [Server thread/INFO] [net.minecraft.server.MinecraftServer/]: XDraakDuivel was slain by Evil Bat
[31Jul2026 21:36:56.613] [Server thread/INFO] [Scaling Health/]: Player lost 0.00 heart crystal(s)
[31Jul2026 21:36:56.613] [Server thread/INFO] [Scaling Health/]: Player lost 0.00 difficulty
[31Jul2026 21:36:58.119] [Server thread/INFO] [net.minecraft.server.MinecraftServer/]: [XDraakDuivel: Teleported XDraakDuivel to iAl3x2]
[31Jul2026 21:37:10.527] [Server thread/INFO] [net.minecraft.server.MinecraftServer/]: XDraakDuivel was slain by Evil Bat
[31Jul2026 21:37:11.831] [Server thread/INFO] [Scaling Health/]: Player lost 0.00 heart crystal(s)
[31Jul2026 21:37:11.832] [Server thread/INFO] [Scaling Health/]: Player lost -0.00 difficulty
[31Jul2026 21:37:12.561] [Server thread/INFO] [net.minecraft.server.MinecraftServer/]: iAl3x2 was killed by Cecaelia using magic
[31Jul2026 21:37:15.526] [Server thread/INFO] [Scaling Health/]: Player lost 0.00 heart crystal(s)
[31Jul2026 21:37:15.526] [Server thread/INFO] [Scaling Health/]: Player lost -0.00 difficulty
[31Jul2026 21:37:16.751] [Server thread/INFO] [net.minecraft.server.MinecraftServer/]: [XDraakDuivel: Teleported XDraakDuivel to iAl3x2]
[31Jul2026 21:37:22.408] [Server thread/INFO] [net.minecraft.server.MinecraftServer/]: [XDraakDuivel: Set own game mode to Spectator Mode]
[31Jul2026 21:37:34.620] [Server thread/INFO] [net.minecraft.server.MinecraftServer/]: [XDraakDuivel: Set own game mode to Survival Mode]
[31Jul2026 21:37:38.060] [Server thread/INFO] [net.minecraft.server.MinecraftServer/]: [XDraakDuivel: Teleported iAl3x2 to XDraakDuivel]
[31Jul2026 21:37:56.485] [Worker-Main-2/WARN] [net.minecraft.world.entity.ai.attributes.AttributeMap/]: Ignoring unknown attribute 'reach-entity-attributes:reach'
[31Jul2026 21:37:56.487] [Worker-Main-2/WARN] [net.minecraft.world.entity.ai.attributes.AttributeMap/]: Ignoring unknown attribute 'reach-entity-attributes:reach'
[31Jul2026 21:38:28.940] [Server thread/WARN] [net.minecraft.world.level.entity.PersistentEntitySectionManager/]: UUID of added entity already exists: BabyScorpionEntity['Baby Scorpion'/19762, l='ServerLevel[world]', x=-624.74, y=-3.00, z=85.87]
[31Jul2026 21:38:47.971] [Server thread/INFO] [net.minecraft.server.MinecraftServer/]: [XDraakDuivel: Set own game mode to Spectator Mode]
[31Jul2026 21:39:35.216] [Worker-Main-3/ERROR] [net.minecraft.world.entity.decoration.HangingEntity/]: Hanging entity at invalid position: BlockPos{x=143, y=127, z=151}
[31Jul2026 21:39:36.463] [Worker-Main-2/ERROR] [net.minecraft.world.entity.decoration.HangingEntity/]: Hanging entity at invalid position: BlockPos{x=151, y=128, z=165}
[31Jul2026 21:39:36.464] [Worker-Main-2/ERROR] [net.minecraft.world.entity.decoration.HangingEntity/]: Hanging entity at invalid position: BlockPos{x=156, y=128, z=165}
[31Jul2026 21:39:36.464] [Worker-Main-2/ERROR] [net.minecraft.world.entity.decoration.HangingEntity/]: Hanging entity at invalid position: BlockPos{x=154, y=134, z=165}
[31Jul2026 21:39:36.748] [Worker-Main-1/ERROR] [net.minecraft.world.entity.decoration.HangingEntity/]: Hanging entity at invalid position: BlockPos{x=143, y=127, z=148}
[31Jul2026 21:39:36.896] [Worker-Main-2/ERROR] [net.minecraft.world.entity.decoration.HangingEntity/]: Hanging entity at invalid position: BlockPos{x=155, y=127, z=133}
[31Jul2026 21:39:36.896] [Worker-Main-2/ERROR] [net.minecraft.world.entity.decoration.HangingEntity/]: Hanging entity at invalid position: BlockPos{x=150, y=128, z=137}
[31Jul2026 21:39:36.897] [Worker-Main-2/ERROR] [net.minecraft.world.entity.decoration.HangingEntity/]: Hanging entity at invalid position: BlockPos{x=153, y=134, z=133}
[31Jul2026 21:39:36.897] [Worker-Main-2/ERROR] [net.minecraft.world.entity.decoration.HangingEntity/]: Hanging entity at invalid position: BlockPos{x=150, y=127, z=133}
[31Jul2026 21:39:37.805] [Server thread/INFO] [net.minecraft.server.MinecraftServer/]: XDraakDuivel has made the advancement [Alpine Paradise]
[31Jul2026 21:39:41.279] [Worker-Main-2/ERROR] [net.minecraft.world.entity.decoration.HangingEntity/]: Hanging entity at invalid position: BlockPos{x=172, y=127, z=181}
[31Jul2026 21:39:41.279] [Worker-Main-2/ERROR] [net.minecraft.world.entity.decoration.HangingEntity/]: Hanging entity at invalid position: BlockPos{x=172, y=127, z=185}
[31Jul2026 21:39:41.279] [Worker-Main-2/ERROR] [net.minecraft.world.entity.decoration.HangingEntity/]: Hanging entity at invalid position: BlockPos{x=175, y=134, z=190}
[31Jul2026 21:39:41.553] [Worker-Main-3/ERROR] [net.minecraft.world.entity.decoration.HangingEntity/]: Hanging entity at invalid position: BlockPos{x=172, y=134, z=170}
[31Jul2026 21:39:41.553] [Worker-Main-3/ERROR] [net.minecraft.world.entity.decoration.HangingEntity/]: Hanging entity at invalid position: BlockPos{x=173, y=134, z=168}
[31Jul2026 21:39:43.252] [Worker-Main-3/ERROR] [net.minecraft.world.entity.decoration.HangingEntity/]: Hanging entity at invalid position: BlockPos{x=190, y=134, z=190}
[31Jul2026 21:39:43.252] [Worker-Main-3/ERROR] [net.minecraft.world.entity.decoration.HangingEntity/]: Hanging entity at invalid position: BlockPos{x=178, y=134, z=190}
[31Jul2026 21:39:43.253] [Worker-Main-3/ERROR] [net.minecraft.world.entity.decoration.HangingEntity/]: Hanging entity at invalid position: BlockPos{x=186, y=134, z=190}
[31Jul2026 21:39:43.253] [Worker-Main-3/ERROR] [net.minecraft.world.entity.decoration.HangingEntity/]: Hanging entity at invalid position: BlockPos{x=192, y=127, z=185}
[31Jul2026 21:39:43.254] [Worker-Main-3/ERROR] [net.minecraft.world.entity.decoration.HangingEntity/]: Hanging entity at invalid position: BlockPos{x=192, y=127, z=181}
[31Jul2026 21:39:44.730] [Worker-Main-1/ERROR] [net.minecraft.world.entity.decoration.HangingEntity/]: Hanging entity at invalid position: BlockPos{x=185, y=132, z=165}
[31Jul2026 21:39:44.730] [Worker-Main-1/ERROR] [net.minecraft.world.entity.decoration.HangingEntity/]: Hanging entity at invalid position: BlockPos{x=182, y=129, z=169}
[31Jul2026 21:39:44.730] [Worker-Main-1/ERROR] [net.minecraft.world.entity.decoration.HangingEntity/]: Hanging entity at invalid position: BlockPos{x=180, y=133, z=170}
[31Jul2026 21:39:44.731] [Worker-Main-1/ERROR] [net.minecraft.world.entity.decoration.HangingEntity/]: Hanging entity at invalid position: BlockPos{x=191, y=134, z=173}
[31Jul2026 21:39:44.731] [Worker-Main-1/ERROR] [net.minecraft.world.entity.decoration.HangingEntity/]: Hanging entity at invalid position: BlockPos{x=189, y=134, z=168}
[31Jul2026 21:39:44.731] [Worker-Main-1/ERROR] [net.minecraft.world.entity.decoration.HangingEntity/]: Hanging entity at invalid position: BlockPos{x=180, y=132, z=165}
[31Jul2026 21:39:44.731] [Worker-Main-1/ERROR] [net.minecraft.world.entity.decoration.HangingEntity/]: Hanging entity at invalid position: BlockPos{x=192, y=134, z=171}
[31Jul2026 21:39:44.840] [Worker-Main-1/ERROR] [net.minecraft.world.entity.decoration.HangingEntity/]: Hanging entity at invalid position: BlockPos{x=167, y=128, z=133}
[31Jul2026 21:39:44.841] [Worker-Main-1/ERROR] [net.minecraft.world.entity.decoration.HangingEntity/]: Hanging entity at invalid position: BlockPos{x=170, y=134, z=133}
[31Jul2026 21:39:44.933] [Worker-Main-3/ERROR] [net.minecraft.world.entity.decoration.HangingEntity/]: Hanging entity at invalid position: BlockPos{x=185, y=126, z=164}
[31Jul2026 21:39:44.933] [Worker-Main-3/ERROR] [net.minecraft.world.entity.decoration.HangingEntity/]: Hanging entity at invalid position: BlockPos{x=180, y=126, z=164}
[31Jul2026 21:39:45.138] [Worker-Main-3/ERROR] [net.minecraft.world.entity.decoration.HangingEntity/]: Hanging entity at invalid position: BlockPos{x=193, y=134, z=133}
[31Jul2026 21:39:45.377] [Worker-Main-3/ERROR] [net.minecraft.world.entity.decoration.HangingEntity/]: Hanging entity at invalid position: BlockPos{x=175, y=135, z=109}
[31Jul2026 21:39:45.631] [Worker-Main-1/ERROR] [net.minecraft.world.entity.decoration.HangingEntity/]: Hanging entity at invalid position: BlockPos{x=188, y=135, z=109}
[31Jul2026 21:39:48.255] [Worker-Main-2/ERROR] [net.minecraft.world.entity.decoration.HangingEntity/]: Hanging entity at invalid position: BlockPos{x=201, y=134, z=165}
[31Jul2026 21:39:51.589] [Worker-Main-1/ERROR] [net.minecraft.world.entity.decoration.HangingEntity/]: Hanging entity at invalid position: BlockPos{x=78, y=-57, z=-75}
[31Jul2026 21:39:51.589] [Worker-Main-1/ERROR] [net.minecraft.world.entity.decoration.HangingEntity/]: Hanging entity at invalid position: BlockPos{x=78, y=-57, z=-76}
[31Jul2026 21:39:53.108] [Worker-Main-3/ERROR] [net.minecraft.world.entity.decoration.HangingEntity/]: Hanging entity at invalid position: BlockPos{x=215, y=134, z=165}
[31Jul2026 21:39:53.245] [Worker-Main-3/ERROR] [net.minecraft.world.entity.decoration.HangingEntity/]: Hanging entity at invalid position: BlockPos{x=221, y=134, z=155}
[31Jul2026 21:39:53.316] [Server thread/WARN] [net.minecraft.server.MinecraftServer/]: Can't keep up! Is the server overloaded? Running 4382ms or 87 ticks behind
[31Jul2026 21:39:53.358] [Server thread/WARN] [net.minecraft.server.network.ServerGamePacketListenerImpl/]: XDraakDuivel moved too quickly! 7.403951694969578,0.0,9.238989657251295
[31Jul2026 21:39:53.390] [Server thread/WARN] [net.minecraft.world.level.entity.PersistentEntitySectionManager/]: UUID of added entity already exists: Painting['Painting'/20908, l='ServerLevel[world]', x=-553.00, y=90.50, z=1024.97]
[31Jul2026 21:40:00.818] [Worker-Main-1/ERROR] [net.minecraft.world.entity.decoration.HangingEntity/]: Hanging entity at invalid position: BlockPos{x=220, y=116, z=138}
[31Jul2026 21:40:00.819] [Worker-Main-1/ERROR] [net.minecraft.world.entity.decoration.HangingEntity/]: Hanging entity at invalid position: BlockPos{x=214, y=134, z=133}
[31Jul2026 21:40:00.820] [Worker-Main-1/ERROR] [net.minecraft.world.entity.decoration.HangingEntity/]: Hanging entity at invalid position: BlockPos{x=221, y=134, z=142}
[31Jul2026 21:40:03.753] [Server thread/WARN] [net.minecraft.server.network.ServerGamePacketListenerImpl/]: XDraakDuivel moved too quickly! -10.410781663593639,0.0,-2.337697726496117
[31Jul2026 21:40:31.030] [Server thread/INFO] [net.minecraft.server.MinecraftServer/]: [XDraakDuivel: Set own game mode to Survival Mode]
[31Jul2026 21:40:55.395] [Server thread/INFO] [de.sarocesch.sarosclearlag.SarosClearlag/]: Cleared 87 entities
[31Jul2026 21:40:55.486] [Server thread/INFO] [AllTheLeaks/]: Listing events...
[31Jul2026 21:40:55.486] [Server thread/INFO] [AllTheLeaks/]: Server Player Clone: 11
[31Jul2026 21:40:55.487] [Server thread/INFO] [AllTheLeaks/]: Listing memory leaks so far...
[31Jul2026 21:40:55.487] [Server thread/INFO] [AllTheLeaks/]: B: 1244MB / C: 2627MB / Diff: +1383MB
[31Jul2026 21:40:55.487] [Server thread/INFO] [AllTheLeaks/]: Memory Leaks detected: (/atl force_refresh to update)
[31Jul2026 21:40:55.487] [Server thread/INFO] [AllTheLeaks/]: | ChunkAccess:
[31Jul2026 21:40:55.487] [Server thread/INFO] [AllTheLeaks/]: |- LevelChunk (minecraft): 1235
[31Jul2026 21:40:55.487] [Server thread/INFO] [AllTheLeaks/]: | Player:
[31Jul2026 21:40:55.487] [Server thread/INFO] [AllTheLeaks/]: |- ServerPlayer (minecraft): 5
[31Jul2026 21:41:07.138] [Server thread/INFO] [net.minecraft.server.MinecraftServer/]: [XDraakDuivel: Set own game mode to Spectator Mode]
[31Jul2026 21:41:22.427] [Server thread/INFO] [net.minecraft.server.MinecraftServer/]: [XDraakDuivel: Set own game mode to Survival Mode]
[31Jul2026 21:41:44.114] [Worker-Main-3/ERROR] [net.minecraft.world.entity.decoration.HangingEntity/]: Hanging entity at invalid position: BlockPos{x=665, y=-20, z=-299}
[31Jul2026 21:41:44.118] [Worker-Main-3/ERROR] [net.minecraft.world.entity.decoration.HangingEntity/]: Hanging entity at invalid position: BlockPos{x=677, y=-20, z=-299}
[31Jul2026 21:41:51.470] [Server thread/INFO] [net.minecraft.server.MinecraftServer/]: [XDraakDuivel: Applied effect Regeneration to 2 targets]
[31Jul2026 21:42:08.295] [Server thread/WARN] [net.minecraft.server.MinecraftServer/]: Can't keep up! Is the server overloaded? Running 2060ms or 41 ticks behind
[31Jul2026 21:42:10.336] [Server thread/WARN] [net.minecraft.world.level.entity.PersistentEntitySectionManager/]: UUID of added entity already exists: Skeleton['Skeleton'/28455, l='ServerLevel[world]', x=-1587.50, y=17.00, z=683.50]
[31Jul2026 21:42:29.378] [Server thread/WARN] [net.minecraft.server.MinecraftServer/]: Can't keep up! Is the server overloaded? Running 6094ms or 121 ticks behind
[31Jul2026 21:42:36.811] [Server thread/INFO] [net.minecraft.server.MinecraftServer/]: [XDraakDuivel: Teleported iAl3x2 to XDraakDuivel]
[31Jul2026 21:42:37.939] [Server thread/WARN] [net.minecraft.world.level.entity.PersistentEntitySectionManager/]: UUID of added entity already exists: Zombie['Zombie'/28855, l='ServerLevel[world]', x=-1601.50, y=94.00, z=701.50]
[31Jul2026 21:43:04.109] [Server thread/INFO] [MobConversion/]: Checking target for detector: minecraft:villager. isStandardConvertible: true
[31Jul2026 21:43:04.110] [Server thread/INFO] [MobConversion/]: No neighbors found for villager minecraft:villager. Converting self.
[31Jul2026 21:43:20.089] [Server thread/INFO] [MobConversion/]: Checking target for detector: minecraft:villager. isStandardConvertible: true
[31Jul2026 21:43:20.090] [Server thread/INFO] [MobConversion/]: No neighbors found for villager minecraft:villager. Converting self.
[31Jul2026 21:44:17.834] [Server thread/INFO] [net.minecraft.server.MinecraftServer/]: [XDraakDuivel: Set own game mode to Creative Mode]
[31Jul2026 21:44:22.663] [Server thread/INFO] [net.minecraft.server.MinecraftServer/]: [XDraakDuivel: Set own game mode to Survival Mode]
[31Jul2026 21:44:54.655] [Server thread/INFO] [net.minecraft.server.MinecraftServer/]: [XDraakDuivel: Set own game mode to Spectator Mode]
[31Jul2026 21:45:16.710] [Server thread/INFO] [net.minecraft.server.MinecraftServer/]: [XDraakDuivel: Teleported iAl3x2 to XDraakDuivel]
[31Jul2026 21:45:18.230] [Server thread/INFO] [net.minecraft.server.MinecraftServer/]: [XDraakDuivel: Set own game mode to Survival Mode]
[31Jul2026 21:45:24.432] [Server thread/INFO] [net.minecraft.server.MinecraftServer/]: XDraakDuivel was slain by Vindicator
[31Jul2026 21:45:25.610] [Server thread/INFO] [Scaling Health/]: Player lost 0.00 heart crystal(s)
[31Jul2026 21:45:25.611] [Server thread/INFO] [Scaling Health/]: Player lost -0.00 difficulty
[31Jul2026 21:45:27.326] [Server thread/INFO] [net.minecraft.server.MinecraftServer/]: [XDraakDuivel: Teleported XDraakDuivel to iAl3x2]
[31Jul2026 21:45:48.325] [Server thread/INFO] [net.minecraft.server.MinecraftServer/]: XDraakDuivel was slain by Vindicator
[31Jul2026 21:45:49.571] [Server thread/INFO] [Scaling Health/]: Player lost 0.00 heart crystal(s)
[31Jul2026 21:45:49.572] [Server thread/INFO] [Scaling Health/]: Player gained 0.00 difficulty
[31Jul2026 21:45:52.098] [Server thread/INFO] [MobConversion/]: Checking target for detector: minecraft:villager. isStandardConvertible: true
[31Jul2026 21:45:52.098] [Server thread/INFO] [MobConversion/]: No neighbors found for villager minecraft:villager. Converting self.
[31Jul2026 21:45:52.218] [Server thread/INFO] [net.minecraft.server.MinecraftServer/]: [XDraakDuivel: Teleported XDraakDuivel to iAl3x2]
[31Jul2026 21:45:53.628] [Server thread/INFO] [MobConversion/]: Trigger entity minecraft:villager was hurt, checking for conversion...
[31Jul2026 21:45:53.629] [Server thread/INFO] [MobConversion/]: Checking target for detector: minecraft:villager. isStandardConvertible: true
[31Jul2026 21:45:53.629] [Server thread/INFO] [MobConversion/]: No neighbors found for villager minecraft:villager. Converting self.
[31Jul2026 21:45:56.094] [Server thread/INFO] [MobConversion/]: Checking target for detector: minecraft:villager. isStandardConvertible: true
[31Jul2026 21:45:56.095] [Server thread/INFO] [MobConversion/]: No neighbors found for villager minecraft:villager. Converting self.
[31Jul2026 21:46:00.096] [Server thread/INFO] [MobConversion/]: Checking target for detector: minecraft:villager. isStandardConvertible: true
[31Jul2026 21:46:00.096] [Server thread/INFO] [MobConversion/]: No neighbors found for villager minecraft:villager. Converting self.
[31Jul2026 21:46:03.486] [Server thread/INFO] [de.sarocesch.sarosclearlag.SarosClearlag/]: Cleared 115 entities
[31Jul2026 21:46:06.674] [Server thread/INFO] [net.minecraft.server.MinecraftServer/]: XDraakDuivel was slain by Vindicator
[31Jul2026 21:46:07.860] [Server thread/INFO] [Scaling Health/]: Player lost 0.00 heart crystal(s)
[31Jul2026 21:46:07.861] [Server thread/INFO] [Scaling Health/]: Player gained 0.00 difficulty
[31Jul2026 21:46:10.685] [Server thread/INFO] [net.minecraft.server.MinecraftServer/]: [XDraakDuivel: Teleported XDraakDuivel to iAl3x2]
[31Jul2026 21:46:12.092] [Server thread/INFO] [MobConversion/]: Checking target for detector: minecraft:villager. isStandardConvertible: true
[31Jul2026 21:46:12.092] [Server thread/INFO] [MobConversion/]: No neighbors found for villager minecraft:villager. Converting self.
[31Jul2026 21:46:13.602] [Server thread/INFO] [net.minecraft.server.MinecraftServer/]: iAl3x2 starved to death
[31Jul2026 21:46:14.961] [Server thread/INFO] [MobConversion/]: Trigger entity minecraft:villager was hurt, checking for conversion...
[31Jul2026 21:46:14.961] [Server thread/INFO] [MobConversion/]: Checking target for detector: minecraft:villager. isStandardConvertible: true
[31Jul2026 21:46:14.962] [Server thread/INFO] [MobConversion/]: No neighbors found for villager minecraft:villager. Converting self.
[31Jul2026 21:46:15.763] [Server thread/INFO] [Scaling Health/]: Player lost 0.00 heart crystal(s)
[31Jul2026 21:46:15.764] [Server thread/INFO] [Scaling Health/]: Player lost 0.00 difficulty
[31Jul2026 21:46:17.416] [Server thread/INFO] [net.minecraft.server.MinecraftServer/]: [XDraakDuivel: Teleported iAl3x2 to XDraakDuivel]
[31Jul2026 21:46:24.089] [Server thread/INFO] [MobConversion/]: Checking target for detector: minecraft:villager. isStandardConvertible: true
[31Jul2026 21:46:24.089] [Server thread/INFO] [MobConversion/]: No neighbors found for villager minecraft:villager. Converting self.
[31Jul2026 21:46:36.090] [Server thread/INFO] [MobConversion/]: Checking target for detector: minecraft:villager. isStandardConvertible: true
[31Jul2026 21:46:36.090] [Server thread/INFO] [MobConversion/]: No neighbors found for villager minecraft:villager. Converting self.
[31Jul2026 21:46:38.498] [Server thread/WARN] [net.minecraft.world.level.storage.loot.functions.SetItemDamageFunction/]: Couldn't set damage of loot item 0 air
[31Jul2026 21:46:40.090] [Server thread/INFO] [MobConversion/]: Checking target for detector: minecraft:villager. isStandardConvertible: true
[31Jul2026 21:46:40.090] [Server thread/INFO] [MobConversion/]: No neighbors found for villager minecraft:villager. Converting self.
[31Jul2026 21:46:48.090] [Server thread/INFO] [MobConversion/]: Checking target for detector: minecraft:villager. isStandardConvertible: true
[31Jul2026 21:46:48.090] [Server thread/INFO] [MobConversion/]: No neighbors found for villager minecraft:villager. Converting self.
[31Jul2026 21:46:51.035] [Server thread/INFO] [MobConversion/]: Trigger entity minecraft:villager was hurt, checking for conversion...
[31Jul2026 21:46:51.035] [Server thread/INFO] [MobConversion/]: Checking target for detector: minecraft:villager. isStandardConvertible: true
[31Jul2026 21:46:51.035] [Server thread/INFO] [MobConversion/]: No neighbors found for villager minecraft:villager. Converting self.
[31Jul2026 21:46:51.046] [Server thread/INFO] [net.minecraft.world.entity.npc.Villager/]: Villager Villager['Regan'/28116, l='ServerLevel[world]', x=-1706.60, y=104.00, z=691.13] died, message: 'Regan was slain by Silver Skeleton'
[31Jul2026 21:46:51.048] [Server thread/INFO] [net.minecraft.world.entity.LivingEntity/]: Named entity Villager['Regan'/28116, l='ServerLevel[world]', x=-1706.60, y=104.00, z=691.13] died: Regan was slain by Silver Skeleton
[31Jul2026 21:46:51.063] [Server thread/INFO] [MobConversion/]: Checking target for detector: minecraft:villager. isStandardConvertible: true
[31Jul2026 21:46:51.064] [Server thread/INFO] [MobConversion/]: No neighbors found for villager minecraft:villager. Converting self.
[31Jul2026 21:47:15.233] [Server thread/INFO] [net.minecraft.server.MinecraftServer/]: iAl3x2 has made the advancement [Voluntary Exile]
[31Jul2026 21:47:24.658] [Server thread/INFO] [net.minecraft.server.MinecraftServer/]: [XDraakDuivel: Applied effect Regeneration to 2 targets]
[31Jul2026 21:48:00.184] [Server thread/INFO] [net.minecraft.server.MinecraftServer/]: XDraakDuivel was slain by Vindicator
[31Jul2026 21:48:01.433] [Server thread/INFO] [Scaling Health/]: Player lost 0.00 heart crystal(s)
[31Jul2026 21:48:01.434] [Server thread/INFO] [Scaling Health/]: Player lost 0.00 difficulty
[31Jul2026 21:48:02.872] [Server thread/INFO] [net.minecraft.server.MinecraftServer/]: [XDraakDuivel: Teleported XDraakDuivel to iAl3x2]
[31Jul2026 21:48:27.502] [Server thread/INFO] [net.minecraft.server.MinecraftServer/]: [XDraakDuivel: Teleported iAl3x2 to XDraakDuivel]
[31Jul2026 21:48:37.502] [Server thread/INFO] [net.minecraft.server.MinecraftServer/]: [XDraakDuivel: Applied effect Regeneration to 2 targets]
[31Jul2026 21:48:50.028] [Server thread/INFO] [net.minecraft.server.MinecraftServer/]: XDraakDuivel was shot by Illusioner
[31Jul2026 21:48:51.250] [Server thread/INFO] [Scaling Health/]: Player lost 0.00 heart crystal(s)
[31Jul2026 21:48:51.251] [Server thread/INFO] [Scaling Health/]: Player lost -0.00 difficulty
[31Jul2026 21:48:51.988] [Server thread/WARN] [net.minecraft.world.level.entity.PersistentEntitySectionManager/]: UUID of added entity already exists: SilverSkeletonEntity['Silver Skeleton'/30499, l='ServerLevel[world]', x=-66.50, y=64.00, z=-62.50]
[31Jul2026 21:48:52.819] [Server thread/INFO] [net.minecraft.server.MinecraftServer/]: [XDraakDuivel: Teleported XDraakDuivel to iAl3x2]
[31Jul2026 21:50:03.263] [Server thread/WARN] [net.minecraft.server.MinecraftServer/]: Can't keep up! Is the server overloaded? Running 2078ms or 41 ticks behind
[31Jul2026 21:51:05.522] [Server thread/INFO] [de.sarocesch.sarosclearlag.SarosClearlag/]: Cleared 39 entities
[31Jul2026 21:51:05.608] [Server thread/INFO] [AllTheLeaks/]: Listing events...
[31Jul2026 21:51:05.608] [Server thread/INFO] [AllTheLeaks/]: Server Player Clone: 17
[31Jul2026 21:51:05.608] [Server thread/INFO] [AllTheLeaks/]: Listing memory leaks so far...
[31Jul2026 21:51:05.609] [Server thread/INFO] [AllTheLeaks/]: B: 1244MB / C: 2866MB / Diff: +1622MB
[31Jul2026 21:51:05.609] [Server thread/INFO] [AllTheLeaks/]: Memory Leaks detected: (/atl force_refresh to update)
[31Jul2026 21:51:05.609] [Server thread/INFO] [AllTheLeaks/]: | ChunkAccess:
[31Jul2026 21:51:05.609] [Server thread/INFO] [AllTheLeaks/]: |- LevelChunk (minecraft): 3208
[31Jul2026 21:51:05.609] [Server thread/INFO] [AllTheLeaks/]: | Player:
[31Jul2026 21:51:05.609] [Server thread/INFO] [AllTheLeaks/]: |- ServerPlayer (minecraft): 11
[31Jul2026 21:52:20.850] [Server thread/INFO] [net.minecraft.server.MinecraftServer/]: [XDraakDuivel: Set own game mode to Spectator Mode]
[31Jul2026 21:52:49.309] [Server thread/INFO] [net.minecraft.server.MinecraftServer/]: XDraakDuivel has made the advancement [Safe Haven]
[31Jul2026 21:53:00.336] [Worker-Main-2/ERROR] [net.minecraft.world.entity.decoration.HangingEntity/]: Hanging entity at invalid position: BlockPos{x=78, y=-57, z=-75}
[31Jul2026 21:53:00.337] [Worker-Main-2/ERROR] [net.minecraft.world.entity.decoration.HangingEntity/]: Hanging entity at invalid position: BlockPos{x=78, y=-57, z=-76}
[31Jul2026 21:53:03.030] [Server thread/INFO] [net.minecraft.server.MinecraftServer/]: [XDraakDuivel: Teleported iAl3x2 to XDraakDuivel]
[31Jul2026 21:53:04.306] [Server thread/INFO] [net.minecraft.server.MinecraftServer/]: [XDraakDuivel: Set own game mode to Survival Mode]
[31Jul2026 21:53:12.741] [Server thread/INFO] [MobConversion/]: Checking target for detector: minecraft:villager. isStandardConvertible: true
[31Jul2026 21:53:12.742] [Server thread/INFO] [MobConversion/]: Found potential neighbor target for minecraft:villager: minecraft:villager
[31Jul2026 21:53:12.742] [Server thread/INFO] [MobConversion/]: Selected nearest neighbor entity.minecraft.villager for conversion (detector: minecraft:villager)
[31Jul2026 21:53:12.748] [Server thread/INFO] [MobConversion/]: Selected entity guardvillagers:guard for conversion (chance: 1.0)
[31Jul2026 21:53:12.753] [Server thread/INFO] [MobConversion/]: Entity minecraft:villager converted/spawned into guardvillagers:guard at BlockPos{x=-1979, y=115, z=937}
[31Jul2026 21:53:16.742] [Server thread/INFO] [MobConversion/]: Checking target for detector: minecraft:villager. isStandardConvertible: true
[31Jul2026 21:53:16.743] [Server thread/INFO] [MobConversion/]: No neighbors found for villager minecraft:villager. Converting self.
[31Jul2026 21:53:17.763] [Server thread/INFO] [net.minecraft.server.MinecraftServer/]: [XDraakDuivel: Teleported iAl3x2 to XDraakDuivel]
[31Jul2026 21:53:17.817] [Server thread/INFO] [net.minecraft.server.MinecraftServer/]: iAl3x2 has made the advancement [Safe Haven]
[31Jul2026 21:53:20.747] [Server thread/INFO] [MobConversion/]: Checking target for detector: minecraft:villager. isStandardConvertible: true
[31Jul2026 21:53:20.747] [Server thread/INFO] [MobConversion/]: No neighbors found for villager minecraft:villager. Converting self.
[31Jul2026 21:53:21.795] [Server thread/INFO] [MobConversion/]: Trigger entity minecraft:villager was hurt, checking for conversion...
[31Jul2026 21:53:21.795] [Server thread/INFO] [MobConversion/]: Checking target for detector: minecraft:villager. isStandardConvertible: true
[31Jul2026 21:53:21.795] [Server thread/INFO] [MobConversion/]: No neighbors found for villager minecraft:villager. Converting self.
[31Jul2026 21:53:22.397] [Server thread/INFO] [MobConversion/]: Trigger entity minecraft:villager was hurt, checking for conversion...
[31Jul2026 21:53:22.397] [Server thread/INFO] [MobConversion/]: Checking target for detector: minecraft:villager. isStandardConvertible: true
[31Jul2026 21:53:22.397] [Server thread/INFO] [MobConversion/]: No neighbors found for villager minecraft:villager. Converting self.
[31Jul2026 21:53:22.748] [Server thread/INFO] [MobConversion/]: Trigger entity minecraft:villager was hurt, checking for conversion...
[31Jul2026 21:53:22.748] [Server thread/INFO] [MobConversion/]: Checking target for detector: minecraft:villager. isStandardConvertible: true
[31Jul2026 21:53:22.748] [Server thread/INFO] [MobConversion/]: No neighbors found for villager minecraft:villager. Converting self.
[31Jul2026 21:53:23.050] [Server thread/INFO] [MobConversion/]: Trigger entity minecraft:villager was hurt, checking for conversion...
[31Jul2026 21:53:23.051] [Server thread/INFO] [MobConversion/]: Checking target for detector: minecraft:villager. isStandardConvertible: true
[31Jul2026 21:53:23.051] [Server thread/INFO] [MobConversion/]: No neighbors found for villager minecraft:villager. Converting self.
[31Jul2026 21:53:23.099] [Server thread/INFO] [MobConversion/]: Trigger entity minecraft:villager was hurt, checking for conversion...
[31Jul2026 21:53:23.100] [Server thread/INFO] [MobConversion/]: Checking target for detector: minecraft:villager. isStandardConvertible: true
[31Jul2026 21:53:23.100] [Server thread/INFO] [MobConversion/]: No neighbors found for villager minecraft:villager. Converting self.
[31Jul2026 21:53:23.106] [Server thread/INFO] [net.minecraft.world.entity.npc.Villager/]: Villager Villager['Maurice'/30928, l='ServerLevel[world]', x=-1990.68, y=113.30, z=943.51] died, message: 'Maurice was slain by Zombie'
[31Jul2026 21:53:23.107] [Server thread/INFO] [net.minecraft.world.entity.LivingEntity/]: Named entity Villager['Maurice'/30928, l='ServerLevel[world]', x=-1990.68, y=113.30, z=943.51] died: Maurice was slain by Zombie
[31Jul2026 21:53:23.145] [Server thread/INFO] [MobConversion/]: Checking target for detector: minecraft:villager. isStandardConvertible: true
[31Jul2026 21:53:23.145] [Server thread/INFO] [MobConversion/]: No neighbors found for villager minecraft:villager. Converting self.
[31Jul2026 21:53:23.375] [Server thread/INFO] [net.minecraft.server.MinecraftServer/]: XDraakDuivel was slain by Zombie
[31Jul2026 21:53:24.675] [Server thread/INFO] [Scaling Health/]: Player lost 0.00 heart crystal(s)
[31Jul2026 21:53:24.675] [Server thread/INFO] [Scaling Health/]: Player gained 0.00 difficulty
[31Jul2026 21:53:26.159] [Server thread/INFO] [net.minecraft.server.MinecraftServer/]: [XDraakDuivel: Teleported XDraakDuivel to iAl3x2]
[31Jul2026 21:54:22.125] [Server thread/INFO] [net.minecraft.server.MinecraftServer/]: XDraakDuivel was slain by Zombie
[31Jul2026 21:54:23.230] [Server thread/INFO] [Scaling Health/]: Player lost 0.00 heart crystal(s)
[31Jul2026 21:54:23.230] [Server thread/INFO] [Scaling Health/]: Player lost 0.00 difficulty
[31Jul2026 21:54:24.744] [Server thread/INFO] [net.minecraft.server.MinecraftServer/]: [XDraakDuivel: Teleported XDraakDuivel to iAl3x2]
[31Jul2026 21:54:33.335] [Server thread/INFO] [net.minecraft.server.MinecraftServer/]: XDraakDuivel was slain by Zombie
[31Jul2026 21:54:34.525] [Server thread/INFO] [Scaling Health/]: Player lost 0.00 heart crystal(s)
[31Jul2026 21:54:34.528] [Server thread/INFO] [Scaling Health/]: Player lost 0.00 difficulty
[31Jul2026 21:54:36.193] [Server thread/INFO] [net.minecraft.server.MinecraftServer/]: [XDraakDuivel: Teleported XDraakDuivel to iAl3x2]
[31Jul2026 21:54:54.056] [Server thread/INFO] [net.minecraft.world.entity.LivingEntity/]: Named entity ZombieVillager['Floyd'/31327, l='ServerLevel[world]', x=-1953.04, y=112.00, z=944.14] died: Floyd burned to death
[31Jul2026 21:54:55.511] [Server thread/INFO] [net.minecraft.server.MinecraftServer/]: iAl3x2 was slain by Zombie
[31Jul2026 21:54:55.771] [Server thread/INFO] [net.minecraft.server.MinecraftServer/]: XDraakDuivel has made the advancement [Ol' Betsy]
[31Jul2026 21:54:55.921] [Server thread/INFO] [net.minecraft.server.MinecraftServer/]: XDraakDuivel has made the advancement [Take Aim]
[31Jul2026 21:54:57.782] [Server thread/INFO] [Scaling Health/]: Player lost 0.00 heart crystal(s)
[31Jul2026 21:54:57.782] [Server thread/INFO] [Scaling Health/]: Player lost 0.00 difficulty
[31Jul2026 21:54:59.933] [Server thread/WARN] [net.minecraft.server.level.ServerPlayerGameMode/]: Mismatch in destroy block pos: BlockPos{x=0, y=0, z=0} BlockPos{x=-31, y=72, z=-84}
[31Jul2026 21:55:01.723] [Server thread/WARN] [net.minecraft.server.level.ServerPlayerGameMode/]: Mismatch in destroy block pos: BlockPos{x=0, y=0, z=0} BlockPos{x=-31, y=73, z=-84}
[31Jul2026 21:55:03.228] [Server thread/WARN] [net.minecraft.server.level.ServerPlayerGameMode/]: Mismatch in destroy block pos: BlockPos{x=0, y=0, z=0} BlockPos{x=-31, y=72, z=-85}
[31Jul2026 21:55:07.895] [Server thread/WARN] [net.minecraft.server.level.ServerPlayerGameMode/]: Mismatch in destroy block pos: BlockPos{x=0, y=0, z=0} BlockPos{x=-24, y=77, z=-92}
[31Jul2026 21:55:08.436] [Server thread/INFO] [net.minecraft.server.MinecraftServer/]: [XDraakDuivel: Teleported iAl3x2 to XDraakDuivel]
[31Jul2026 21:56:05.533] [Server thread/INFO] [de.sarocesch.sarosclearlag.SarosClearlag/]: Cleared 136 entities
[31Jul2026 21:56:40.270] [Server thread/INFO] [net.minecraft.server.MinecraftServer/]: [XDraakDuivel: Applied effect Regeneration to 2 targets]
[31Jul2026 21:57:45.980] [Server thread/INFO] [net.minecraft.server.MinecraftServer/]: [XDraakDuivel: Applied effect Regeneration to 2 targets]
[31Jul2026 21:57:52.972] [Server thread/INFO] [net.minecraft.server.MinecraftServer/]: XDraakDuivel was slain by Harpy
[31Jul2026 21:57:54.172] [Server thread/INFO] [Scaling Health/]: Player lost 0.00 heart crystal(s)
[31Jul2026 21:57:54.172] [Server thread/INFO] [Scaling Health/]: Player lost 0.00 difficulty
[31Jul2026 21:57:56.000] [Server thread/INFO] [net.minecraft.server.MinecraftServer/]: [XDraakDuivel: Teleported XDraakDuivel to iAl3x2]
[31Jul2026 21:58:00.139] [Server thread/WARN] [net.minecraft.world.level.entity.PersistentEntitySectionManager/]: UUID of added entity already exists: BabyScorpionEntity['Baby Scorpion'/32387, l='ServerLevel[world]', x=-2046.55, y=78.00, z=914.32]
[31Jul2026 21:58:13.779] [Server thread/INFO] [net.minecraft.server.MinecraftServer/]: XDraakDuivel was slain by Harpy
[31Jul2026 21:58:14.906] [Server thread/INFO] [Scaling Health/]: Player lost 0.00 heart crystal(s)
[31Jul2026 21:58:14.906] [Server thread/INFO] [Scaling Health/]: Player lost 0.00 difficulty
[31Jul2026 21:58:16.584] [Server thread/INFO] [net.minecraft.server.MinecraftServer/]: [XDraakDuivel: Teleported XDraakDuivel to iAl3x2]
[31Jul2026 21:58:36.275] [Server thread/INFO] [net.minecraft.server.MinecraftServer/]: XDraakDuivel was slain by Harpy
[31Jul2026 21:58:37.453] [Server thread/INFO] [Scaling Health/]: Player lost 0.00 heart crystal(s)
[31Jul2026 21:58:37.453] [Server thread/INFO] [Scaling Health/]: Player lost 0.00 difficulty
[31Jul2026 21:58:39.449] [Server thread/INFO] [net.minecraft.server.MinecraftServer/]: [XDraakDuivel: Teleported XDraakDuivel to iAl3x2]
[31Jul2026 21:58:48.405] [Server thread/INFO] [net.minecraft.server.MinecraftServer/]: [XDraakDuivel: Teleported iAl3x2 to XDraakDuivel]
[31Jul2026 21:59:18.559] [Server thread/INFO] [net.minecraft.server.MinecraftServer/]: [XDraakDuivel: Applied effect Regeneration to 2 targets]
[31Jul2026 21:59:24.616] [Server thread/INFO] [net.minecraft.server.MinecraftServer/]: [XDraakDuivel: Set own game mode to Creative Mode]
[31Jul2026 21:59:48.177] [Server thread/INFO] [net.minecraft.server.MinecraftServer/]: XDraakDuivel has made the advancement [Iron Remote]
[31Jul2026 22:00:07.474] [Server thread/INFO] [net.minecraft.server.MinecraftServer/]: [XDraakDuivel: Teleported iAl3x2 to XDraakDuivel]
[31Jul2026 22:00:08.655] [Server thread/INFO] [net.minecraft.server.MinecraftServer/]: [XDraakDuivel: Set own game mode to Survival Mode]
[31Jul2026 22:00:44.325] [Server thread/INFO] [net.minecraft.server.MinecraftServer/]: [XDraakDuivel: Applied effect Regeneration to 2 targets]
[31Jul2026 22:01:05.486] [ForkJoinPool.commonPool-worker-1/ERROR] [net.minecraftforge.eventbus.EventSubclassTransformer/EVENTBUS]: Could not find parent com/google/gson/reflect/TypeToken for class com/yori3o/boss_checklist/common/server/data/BossChecklistJsonDataSaver$5 in classloader jdk.internal.loader.ClassLoaders$AppClassLoader@76ed5528 on thread Thread[ForkJoinPool.commonPool-worker-1,5,main]
[31Jul2026 22:01:05.486] [ForkJoinPool.commonPool-worker-1/ERROR] [net.minecraftforge.eventbus.EventSubclassTransformer/EVENTBUS]: An error occurred building event handler
java.lang.ClassNotFoundException: com.google.gson.reflect.TypeToken
	at jdk.internal.loader.BuiltinClassLoader.loadClass(BuiltinClassLoader.java:641) ~[?:?]
	at jdk.internal.loader.ClassLoaders$AppClassLoader.loadClass(ClassLoaders.java:188) ~[?:?]
	at java.lang.ClassLoader.loadClass(ClassLoader.java:525) ~[?:?]
	at net.minecraftforge.eventbus.EventSubclassTransformer.buildEvents(EventSubclassTransformer.java:75) ~[eventbus-6.2.33.jar%2352!/:?]
	at net.minecraftforge.eventbus.EventSubclassTransformer.transform(EventSubclassTransformer.java:31) ~[eventbus-6.2.33.jar%2352!/:?]
	at net.minecraftforge.eventbus.EventBusEngine.processClass(EventBusEngine.java:30) ~[eventbus-6.2.33.jar%2352!/:?]
	at net.minecraftforge.eventbus.service.ModLauncherService.processClassWithFlags(ModLauncherService.java:36) ~[eventbus-6.2.33.jar%2352!/:6.2.33]
	at cpw.mods.modlauncher.LaunchPluginHandler.offerClassNodeToPlugins(LaunchPluginHandler.java:88) ~[modlauncher-10.0.9.jar%2355!/:?]
	at cpw.mods.modlauncher.ClassTransformer.transform(ClassTransformer.java:120) ~[modlauncher-10.0.9.jar%2355!/:?]
	at cpw.mods.modlauncher.TransformingClassLoader.maybeTransformClassBytes(TransformingClassLoader.java:50) ~[modlauncher-10.0.9.jar%2355!/:?]
	at cpw.mods.cl.ModuleClassLoader.readerToClass(ModuleClassLoader.java:113) ~[securejarhandler-2.1.10.jar:?]
	at cpw.mods.cl.ModuleClassLoader.lambda$findClass$15(ModuleClassLoader.java:219) ~[securejarhandler-2.1.10.jar:?]
	at cpw.mods.cl.ModuleClassLoader.loadFromModule(ModuleClassLoader.java:229) ~[securejarhandler-2.1.10.jar:?]
	at cpw.mods.cl.ModuleClassLoader.findClass(ModuleClassLoader.java:219) ~[securejarhandler-2.1.10.jar:?]
	at cpw.mods.cl.ModuleClassLoader.loadClass(ModuleClassLoader.java:135) ~[securejarhandler-2.1.10.jar:?]
	at java.lang.ClassLoader.loadClass(ClassLoader.java:525) ~[?:?]
	at com.yori3o.boss_checklist.common.server.data.BossChecklistJsonDataSaver.saveDefeatedBosses(BossChecklistJsonDataSaver.java:66) ~[?:?]
	at net.minecraft.server.level.ServerLevel.saveData(ServerLevel.java:12164) ~[?:?]
	at net.minecraft.server.level.ServerLevel.md7b0246$lambda$saveBossChecklistData$0$2(ServerLevel.java:12153) ~[?:?]
	at java.util.concurrent.CompletableFuture$AsyncRun.run(CompletableFuture.java:1804) ~[?:?]
	at java.util.concurrent.CompletableFuture$AsyncRun.exec(CompletableFuture.java:1796) ~[?:?]
	at java.util.concurrent.ForkJoinTask.doExec(ForkJoinTask.java:373) ~[?:?]
	at java.util.concurrent.ForkJoinPool$WorkQueue.topLevelExec(ForkJoinPool.java:1182) ~[?:?]
	at java.util.concurrent.ForkJoinPool.scan(ForkJoinPool.java:1655) ~[?:?]
	at java.util.concurrent.ForkJoinPool.runWorker(ForkJoinPool.java:1622) ~[?:?]
	at java.util.concurrent.ForkJoinWorkerThread.run(ForkJoinWorkerThread.java:165) ~[?:?]
[31Jul2026 22:01:05.499] [ForkJoinPool.commonPool-worker-1/ERROR] [net.minecraftforge.eventbus.EventSubclassTransformer/EVENTBUS]: Could not find parent com/google/gson/reflect/TypeToken for class com/yori3o/boss_checklist/common/server/data/BossChecklistJsonDataSaver$3 in classloader jdk.internal.loader.ClassLoaders$AppClassLoader@76ed5528 on thread Thread[ForkJoinPool.commonPool-worker-1,5,main]
[31Jul2026 22:01:05.499] [ForkJoinPool.commonPool-worker-1/ERROR] [net.minecraftforge.eventbus.EventSubclassTransformer/EVENTBUS]: An error occurred building event handler
java.lang.ClassNotFoundException: com.google.gson.reflect.TypeToken
	at jdk.internal.loader.BuiltinClassLoader.loadClass(BuiltinClassLoader.java:641) ~[?:?]
	at jdk.internal.loader.ClassLoaders$AppClassLoader.loadClass(ClassLoaders.java:188) ~[?:?]
	at java.lang.ClassLoader.loadClass(ClassLoader.java:525) ~[?:?]
	at net.minecraftforge.eventbus.EventSubclassTransformer.buildEvents(EventSubclassTransformer.java:75) ~[eventbus-6.2.33.jar%2352!/:?]
	at net.minecraftforge.eventbus.EventSubclassTransformer.transform(EventSubclassTransformer.java:31) ~[eventbus-6.2.33.jar%2352!/:?]
	at net.minecraftforge.eventbus.EventBusEngine.processClass(EventBusEngine.java:30) ~[eventbus-6.2.33.jar%2352!/:?]
	at net.minecraftforge.eventbus.service.ModLauncherService.processClassWithFlags(ModLauncherService.java:36) ~[eventbus-6.2.33.jar%2352!/:6.2.33]
	at cpw.mods.modlauncher.LaunchPluginHandler.offerClassNodeToPlugins(LaunchPluginHandler.java:88) ~[modlauncher-10.0.9.jar%2355!/:?]
	at cpw.mods.modlauncher.ClassTransformer.transform(ClassTransformer.java:120) ~[modlauncher-10.0.9.jar%2355!/:?]
	at cpw.mods.modlauncher.TransformingClassLoader.maybeTransformClassBytes(TransformingClassLoader.java:50) ~[modlauncher-10.0.9.jar%2355!/:?]
	at cpw.mods.cl.ModuleClassLoader.readerToClass(ModuleClassLoader.java:113) ~[securejarhandler-2.1.10.jar:?]
	at cpw.mods.cl.ModuleClassLoader.lambda$findClass$15(ModuleClassLoader.java:219) ~[securejarhandler-2.1.10.jar:?]
	at cpw.mods.cl.ModuleClassLoader.loadFromModule(ModuleClassLoader.java:229) ~[securejarhandler-2.1.10.jar:?]
	at cpw.mods.cl.ModuleClassLoader.findClass(ModuleClassLoader.java:219) ~[securejarhandler-2.1.10.jar:?]
	at cpw.mods.cl.ModuleClassLoader.loadClass(ModuleClassLoader.java:135) ~[securejarhandler-2.1.10.jar:?]
	at java.lang.ClassLoader.loadClass(ClassLoader.java:525) ~[?:?]
	at com.yori3o.boss_checklist.common.server.data.BossChecklistJsonDataSaver.saveLatestBossBattles(BossChecklistJsonDataSaver.java:55) ~[?:?]
	at net.minecraft.server.level.ServerLevel.saveData(ServerLevel.java:12166) ~[?:?]
	at net.minecraft.server.level.ServerLevel.md7b0246$lambda$saveBossChecklistData$0$2(ServerLevel.java:12153) ~[?:?]
	at java.util.concurrent.CompletableFuture$AsyncRun.run(CompletableFuture.java:1804) ~[?:?]
	at java.util.concurrent.CompletableFuture$AsyncRun.exec(CompletableFuture.java:1796) ~[?:?]
	at java.util.concurrent.ForkJoinTask.doExec(ForkJoinTask.java:373) ~[?:?]
	at java.util.concurrent.ForkJoinPool$WorkQueue.topLevelExec(ForkJoinPool.java:1182) ~[?:?]
	at java.util.concurrent.ForkJoinPool.scan(ForkJoinPool.java:1655) ~[?:?]
	at java.util.concurrent.ForkJoinPool.runWorker(ForkJoinPool.java:1622) ~[?:?]
	at java.util.concurrent.ForkJoinWorkerThread.run(ForkJoinWorkerThread.java:165) ~[?:?]
[31Jul2026 22:01:05.501] [ForkJoinPool.commonPool-worker-1/ERROR] [net.minecraftforge.eventbus.EventSubclassTransformer/EVENTBUS]: Could not find parent com/google/gson/reflect/TypeToken for class com/yori3o/boss_checklist/common/server/data/BossChecklistJsonDataSaver$1 in classloader jdk.internal.loader.ClassLoaders$AppClassLoader@76ed5528 on thread Thread[ForkJoinPool.commonPool-worker-1,5,main]
[31Jul2026 22:01:05.501] [ForkJoinPool.commonPool-worker-1/ERROR] [net.minecraftforge.eventbus.EventSubclassTransformer/EVENTBUS]: An error occurred building event handler
java.lang.ClassNotFoundException: com.google.gson.reflect.TypeToken
	at jdk.internal.loader.BuiltinClassLoader.loadClass(BuiltinClassLoader.java:641) ~[?:?]
	at jdk.internal.loader.ClassLoaders$AppClassLoader.loadClass(ClassLoaders.java:188) ~[?:?]
	at java.lang.ClassLoader.loadClass(ClassLoader.java:525) ~[?:?]
	at net.minecraftforge.eventbus.EventSubclassTransformer.buildEvents(EventSubclassTransformer.java:75) ~[eventbus-6.2.33.jar%2352!/:?]
	at net.minecraftforge.eventbus.EventSubclassTransformer.transform(EventSubclassTransformer.java:31) ~[eventbus-6.2.33.jar%2352!/:?]
	at net.minecraftforge.eventbus.EventBusEngine.processClass(EventBusEngine.java:30) ~[eventbus-6.2.33.jar%2352!/:?]
	at net.minecraftforge.eventbus.service.ModLauncherService.processClassWithFlags(ModLauncherService.java:36) ~[eventbus-6.2.33.jar%2352!/:6.2.33]
	at cpw.mods.modlauncher.LaunchPluginHandler.offerClassNodeToPlugins(LaunchPluginHandler.java:88) ~[modlauncher-10.0.9.jar%2355!/:?]
	at cpw.mods.modlauncher.ClassTransformer.transform(ClassTransformer.java:120) ~[modlauncher-10.0.9.jar%2355!/:?]
	at cpw.mods.modlauncher.TransformingClassLoader.maybeTransformClassBytes(TransformingClassLoader.java:50) ~[modlauncher-10.0.9.jar%2355!/:?]
	at cpw.mods.cl.ModuleClassLoader.readerToClass(ModuleClassLoader.java:113) ~[securejarhandler-2.1.10.jar:?]
	at cpw.mods.cl.ModuleClassLoader.lambda$findClass$15(ModuleClassLoader.java:219) ~[securejarhandler-2.1.10.jar:?]
	at cpw.mods.cl.ModuleClassLoader.loadFromModule(ModuleClassLoader.java:229) ~[securejarhandler-2.1.10.jar:?]
	at cpw.mods.cl.ModuleClassLoader.findClass(ModuleClassLoader.java:219) ~[securejarhandler-2.1.10.jar:?]
	at cpw.mods.cl.ModuleClassLoader.loadClass(ModuleClassLoader.java:135) ~[securejarhandler-2.1.10.jar:?]
	at java.lang.ClassLoader.loadClass(ClassLoader.java:525) ~[?:?]
	at com.yori3o.boss_checklist.common.server.data.BossChecklistJsonDataSaver.saveGlobalStatistics(BossChecklistJsonDataSaver.java:44) ~[?:?]
	at net.minecraft.server.level.ServerLevel.saveData(ServerLevel.java:12167) ~[?:?]
	at net.minecraft.server.level.ServerLevel.md7b0246$lambda$saveBossChecklistData$0$2(ServerLevel.java:12153) ~[?:?]
	at java.util.concurrent.CompletableFuture$AsyncRun.run(CompletableFuture.java:1804) ~[?:?]
	at java.util.concurrent.CompletableFuture$AsyncRun.exec(CompletableFuture.java:1796) ~[?:?]
	at java.util.concurrent.ForkJoinTask.doExec(ForkJoinTask.java:373) ~[?:?]
	at java.util.concurrent.ForkJoinPool$WorkQueue.topLevelExec(ForkJoinPool.java:1182) ~[?:?]
	at java.util.concurrent.ForkJoinPool.scan(ForkJoinPool.java:1655) ~[?:?]
	at java.util.concurrent.ForkJoinPool.runWorker(ForkJoinPool.java:1622) ~[?:?]
	at java.util.concurrent.ForkJoinWorkerThread.run(ForkJoinWorkerThread.java:165) ~[?:?]
[31Jul2026 22:01:05.529] [Server thread/INFO] [de.sarocesch.sarosclearlag.SarosClearlag/]: Cleared 54 entities
[31Jul2026 22:01:05.666] [Server thread/INFO] [AllTheLeaks/]: Listing events...
[31Jul2026 22:01:05.666] [Server thread/INFO] [AllTheLeaks/]: Server Player Clone: 24
[31Jul2026 22:01:05.666] [Server thread/INFO] [AllTheLeaks/]: Listing memory leaks so far...
[31Jul2026 22:01:05.666] [Server thread/INFO] [AllTheLeaks/]: B: 1244MB / C: 3097MB / Diff: +1853MB
[31Jul2026 22:01:05.666] [Server thread/INFO] [AllTheLeaks/]: Memory Leaks detected: (/atl force_refresh to update)
[31Jul2026 22:01:05.667] [Server thread/INFO] [AllTheLeaks/]: | ChunkAccess:
[31Jul2026 22:01:05.667] [Server thread/INFO] [AllTheLeaks/]: |- LevelChunk (minecraft): 3902
[31Jul2026 22:01:05.667] [Server thread/INFO] [AllTheLeaks/]: | Player:
[31Jul2026 22:01:05.667] [Server thread/INFO] [AllTheLeaks/]: |- ServerPlayer (minecraft): 15
[31Jul2026 22:01:08.863] [Server thread/INFO] [net.minecraft.server.MinecraftServer/]: XDraakDuivel was slain by The Iron Colossus
[31Jul2026 22:01:10.019] [Server thread/INFO] [Scaling Health/]: Player lost 0.00 heart crystal(s)
[31Jul2026 22:01:10.019] [Server thread/INFO] [Scaling Health/]: Player lost -0.00 difficulty
[31Jul2026 22:01:11.505] [Server thread/INFO] [net.minecraft.server.MinecraftServer/]: [XDraakDuivel: Teleported XDraakDuivel to iAl3x2]
[31Jul2026 22:01:21.403] [Server thread/INFO] [net.minecraft.server.MinecraftServer/]: iAl3x2 has made the advancement [Iron Remote]
[31Jul2026 22:01:51.315] [Server thread/INFO] [net.minecraft.server.MinecraftServer/]: [XDraakDuivel: Teleported iAl3x2 to XDraakDuivel]
[31Jul2026 22:02:32.803] [Server thread/INFO] [net.minecraft.server.MinecraftServer/]: [XDraakDuivel: Set own game mode to Creative Mode]
[31Jul2026 22:02:39.172] [Server thread/INFO] [net.minecraft.server.MinecraftServer/]: [XDraakDuivel: Teleported iAl3x2 to XDraakDuivel]
[31Jul2026 22:02:45.519] [Server thread/INFO] [net.minecraft.server.MinecraftServer/]: XDraakDuivel was slain by The Iron Colossus
[31Jul2026 22:02:46.660] [Server thread/INFO] [Scaling Health/]: Player lost 0.00 heart crystal(s)
[31Jul2026 22:02:46.660] [Server thread/INFO] [Scaling Health/]: Player lost 0.00 difficulty
[31Jul2026 22:02:48.324] [Server thread/INFO] [net.minecraft.server.MinecraftServer/]: [XDraakDuivel: Teleported XDraakDuivel to iAl3x2]
[31Jul2026 22:03:19.152] [Server thread/INFO] [net.minecraft.server.MinecraftServer/]: [XDraakDuivel: Set own game mode to Survival Mode]
[31Jul2026 22:03:44.484] [Server thread/INFO] [net.minecraft.server.MinecraftServer/]: iAl3x2 was doomed to fall
[31Jul2026 22:03:46.780] [Server thread/INFO] [Scaling Health/]: Player lost 0.00 heart crystal(s)
[31Jul2026 22:03:46.781] [Server thread/INFO] [Scaling Health/]: Player gained 0.00 difficulty
[31Jul2026 22:03:55.439] [Server thread/WARN] [net.minecraft.world.level.entity.PersistentEntitySectionManager/]: UUID of added entity already exists: BabyScorpionEntity['Baby Scorpion'/33554, l='ServerLevel[world]', x=12.35, y=-32.00, z=-60.25]
[31Jul2026 22:03:55.441] [Server thread/WARN] [net.minecraft.world.level.entity.PersistentEntitySectionManager/]: UUID of added entity already exists: BabyScorpionEntity['Baby Scorpion'/33556, l='ServerLevel[world]', x=10.07, y=-32.00, z=-59.31]
[31Jul2026 22:03:55.713] [Server thread/INFO] [net.minecraft.server.MinecraftServer/]: [XDraakDuivel: Set own game mode to Creative Mode]
[31Jul2026 22:03:59.364] [Server thread/INFO] [net.minecraft.server.MinecraftServer/]: [XDraakDuivel: Teleported iAl3x2 to XDraakDuivel]
[31Jul2026 22:04:01.783] [Server thread/INFO] [net.minecraft.server.MinecraftServer/]: [XDraakDuivel: Set own game mode to Survival Mode]
[31Jul2026 22:04:25.807] [Server thread/INFO] [net.minecraft.server.MinecraftServer/]: [XDraakDuivel: Applied effect Regeneration to 2 targets]
[31Jul2026 22:04:35.126] [Server thread/INFO] [net.minecraft.server.MinecraftServer/]: [XDraakDuivel: Set own game mode to Creative Mode]
[31Jul2026 22:05:15.753] [Server thread/INFO] [net.minecraft.server.MinecraftServer/]: [XDraakDuivel: Set own game mode to Survival Mode]
[31Jul2026 22:05:22.457] [Server thread/INFO] [net.minecraft.server.MinecraftServer/]: [XDraakDuivel: Set own game mode to Creative Mode]
[31Jul2026 22:05:33.718] [Server thread/INFO] [net.minecraft.server.MinecraftServer/]: XDraakDuivel was slain by The Iron Colossus
[31Jul2026 22:05:34.829] [Server thread/INFO] [Scaling Health/]: Player lost 0.00 heart crystal(s)
[31Jul2026 22:05:34.829] [Server thread/INFO] [Scaling Health/]: Player lost 0.00 difficulty
[31Jul2026 22:05:36.459] [Server thread/INFO] [net.minecraft.server.MinecraftServer/]: [XDraakDuivel: Teleported XDraakDuivel to iAl3x2]
[31Jul2026 22:05:40.870] [Server thread/INFO] [net.minecraft.server.MinecraftServer/]: [XDraakDuivel: Teleported iAl3x2 to XDraakDuivel]
[31Jul2026 22:05:50.304] [Server thread/INFO] [net.minecraft.server.MinecraftServer/]: [XDraakDuivel: Set own game mode to Survival Mode]
[31Jul2026 22:05:56.690] [Server thread/INFO] [net.minecraft.server.MinecraftServer/]: [XDraakDuivel: Applied effect Regeneration to 2 targets]
[31Jul2026 22:06:02.976] [Server thread/INFO] [net.minecraft.server.MinecraftServer/]: [XDraakDuivel: Applied effect Saturation to 2 targets]
[31Jul2026 22:06:05.732] [Server thread/INFO] [de.sarocesch.sarosclearlag.SarosClearlag/]: Cleared 73 entities
[31Jul2026 22:06:32.173] [Server thread/INFO] [net.minecraft.server.MinecraftServer/]: [XDraakDuivel: Teleported iAl3x2 to XDraakDuivel]
[31Jul2026 22:06:37.634] [Server thread/INFO] [net.minecraft.server.MinecraftServer/]: [XDraakDuivel: Teleported iAl3x2 to XDraakDuivel]
[31Jul2026 22:07:08.768] [Server thread/INFO] [net.minecraft.server.MinecraftServer/]: [XDraakDuivel: Set own game mode to Creative Mode]
[31Jul2026 22:07:14.706] [Server thread/INFO] [net.minecraft.server.MinecraftServer/]: iAl3x2 died from dehydration
[31Jul2026 22:07:14.775] [Server thread/INFO] [net.minecraft.server.MinecraftServer/]: [XDraakDuivel: Teleported iAl3x2 to XDraakDuivel]
[31Jul2026 22:07:19.356] [Server thread/INFO] [net.minecraft.server.MinecraftServer/]: [XDraakDuivel: Teleported iAl3x2 to XDraakDuivel]
[31Jul2026 22:07:24.217] [Server thread/INFO] [net.minecraft.server.MinecraftServer/]: [XDraakDuivel: Teleported iAl3x2 to XDraakDuivel]
[31Jul2026 22:07:25.079] [Server thread/INFO] [net.minecraft.server.MinecraftServer/]: [XDraakDuivel: Teleported iAl3x2 to XDraakDuivel]
[31Jul2026 22:07:25.553] [Server thread/INFO] [net.minecraft.server.MinecraftServer/]: [XDraakDuivel: Teleported iAl3x2 to XDraakDuivel]
[31Jul2026 22:07:25.968] [Server thread/INFO] [net.minecraft.server.MinecraftServer/]: [XDraakDuivel: Teleported iAl3x2 to XDraakDuivel]
[31Jul2026 22:07:26.334] [Server thread/INFO] [net.minecraft.server.MinecraftServer/]: [XDraakDuivel: Teleported iAl3x2 to XDraakDuivel]
[31Jul2026 22:07:26.725] [Server thread/INFO] [net.minecraft.server.MinecraftServer/]: [XDraakDuivel: Teleported iAl3x2 to XDraakDuivel]
[31Jul2026 22:07:26.880] [Server thread/INFO] [Scaling Health/]: Player lost 0.00 heart crystal(s)
[31Jul2026 22:07:26.880] [Server thread/INFO] [Scaling Health/]: Player lost 0.00 difficulty
[31Jul2026 22:07:27.312] [Server thread/INFO] [net.minecraft.server.MinecraftServer/]: [XDraakDuivel: Teleported iAl3x2 to XDraakDuivel]
[31Jul2026 22:07:27.756] [Server thread/INFO] [net.minecraft.server.MinecraftServer/]: [XDraakDuivel: Teleported iAl3x2 to XDraakDuivel]
[31Jul2026 22:07:30.532] [Server thread/INFO] [net.minecraft.server.MinecraftServer/]: [XDraakDuivel: Set own game mode to Survival Mode]
[31Jul2026 22:07:43.869] [Server thread/INFO] [net.minecraft.server.MinecraftServer/]: [XDraakDuivel: Set own game mode to Spectator Mode]
[31Jul2026 22:07:55.461] [Server thread/INFO] [net.minecraft.server.MinecraftServer/]: [XDraakDuivel: Teleported iAl3x2 to XDraakDuivel]
[31Jul2026 22:08:07.456] [Server thread/INFO] [net.minecraft.server.MinecraftServer/]: [XDraakDuivel: Teleported iAl3x2 to XDraakDuivel]
[31Jul2026 22:08:08.753] [Server thread/INFO] [net.minecraft.server.MinecraftServer/]: [XDraakDuivel: Set own game mode to Survival Mode]
[31Jul2026 22:08:42.504] [Server thread/INFO] [net.minecraft.server.MinecraftServer/]: XDraakDuivel has reached the goal [Troubled Boy]
[31Jul2026 22:08:49.332] [Server thread/INFO] [net.minecraft.server.MinecraftServer/]: [XDraakDuivel: Teleported iAl3x2 to XDraakDuivel]
[31Jul2026 22:09:23.267] [Server thread/INFO] [net.minecraft.server.MinecraftServer/]: XDraakDuivel was doomed to fall
[31Jul2026 22:09:24.381] [Server thread/INFO] [Scaling Health/]: Player lost 0.00 heart crystal(s)
[31Jul2026 22:09:24.381] [Server thread/INFO] [Scaling Health/]: Player lost 0.00 difficulty
[31Jul2026 22:09:26.112] [Server thread/INFO] [net.minecraft.server.MinecraftServer/]: [XDraakDuivel: Teleported XDraakDuivel to iAl3x2]
[31Jul2026 22:09:29.620] [Server thread/INFO] [net.minecraft.server.MinecraftServer/]: [XDraakDuivel: Set own game mode to Spectator Mode]
[31Jul2026 22:09:33.602] [Server thread/INFO] [net.minecraft.server.MinecraftServer/]: [XDraakDuivel: Set own game mode to Creative Mode]
[31Jul2026 22:09:39.328] [Server thread/INFO] [net.minecraft.server.MinecraftServer/]: [XDraakDuivel: Set own game mode to Spectator Mode]
[31Jul2026 22:09:48.690] [Server thread/WARN] [net.minecraft.world.level.entity.PersistentEntitySectionManager/]: UUID of added entity already exists: BabyScorpionEntity['Baby Scorpion'/34980, l='ServerLevel[world]', x=-1956.45, y=113.00, z=846.30]
[31Jul2026 22:10:12.268] [Worker-Main-3/WARN] [net.minecraft.world.level.levelgen.structure.pools.JigsawPlacement/]: Empty or non-existent pool: minecraft:
[31Jul2026 22:10:12.268] [Worker-Main-3/WARN] [net.minecraft.world.level.levelgen.structure.pools.JigsawPlacement/]: Empty or non-existent pool: minecraft:
[31Jul2026 22:10:12.471] [Worker-Main-1/WARN] [net.minecraft.world.level.levelgen.structure.pools.JigsawPlacement/]: Empty or non-existent pool: revampedvillages:outpost/points
[31Jul2026 22:10:12.533] [Worker-Main-1/WARN] [net.minecraft.world.level.levelgen.structure.pools.JigsawPlacement/]: Empty or non-existent pool: revampedvillages:outpost/points
[31Jul2026 22:10:12.581] [Worker-Main-1/WARN] [net.minecraft.world.level.levelgen.structure.pools.JigsawPlacement/]: Empty or non-existent pool: revampedvillages:outpost/points
[31Jul2026 22:10:15.089] [Worker-Main-1/ERROR] [net.minecraft.world.entity.decoration.HangingEntity/]: Hanging entity at invalid position: BlockPos{x=-67, y=5, z=289}
[31Jul2026 22:10:16.944] [Worker-Main-2/ERROR] [net.minecraft.world.entity.decoration.HangingEntity/]: Hanging entity at invalid position: BlockPos{x=-67, y=5, z=289}
[31Jul2026 22:10:47.150] [Server thread/INFO] [net.minecraft.server.commands.LocateCommand/]: Locating element alexscaves:primordial_caves took 5291 ms
[31Jul2026 22:10:47.150] [Server thread/WARN] [net.minecraft.server.MinecraftServer/]: Can't keep up! Is the server overloaded? Running 5266ms or 105 ticks behind
[31Jul2026 22:10:47.193] [Server thread/WARN] [net.minecraft.server.network.ServerGamePacketListenerImpl/]: XDraakDuivel moved too quickly! -11.431447898840815,0.0,0.5460836909483078
[31Jul2026 22:10:56.522] [Server thread/INFO] [net.minecraft.server.MinecraftServer/]: [XDraakDuivel: Teleported iAl3x2 to XDraakDuivel]
[31Jul2026 22:10:57.846] [Server thread/INFO] [net.minecraft.server.MinecraftServer/]: iAl3x2 was slain by Banshee
[31Jul2026 22:10:58.879] [Server thread/INFO] [net.minecraft.server.MinecraftServer/]: [XDraakDuivel: Set own game mode to Survival Mode]
[31Jul2026 22:11:00.480] [Server thread/INFO] [net.minecraft.server.MinecraftServer/]: [XDraakDuivel: Teleported iAl3x2 to XDraakDuivel]
[31Jul2026 22:11:01.960] [Server thread/INFO] [net.minecraft.server.MinecraftServer/]: [XDraakDuivel: Teleported iAl3x2 to XDraakDuivel]
[31Jul2026 22:11:02.353] [Server thread/INFO] [net.minecraft.server.MinecraftServer/]: [XDraakDuivel: Teleported iAl3x2 to XDraakDuivel]
[31Jul2026 22:11:02.660] [Server thread/INFO] [net.minecraft.server.MinecraftServer/]: [XDraakDuivel: Teleported iAl3x2 to XDraakDuivel]
[31Jul2026 22:11:02.970] [Server thread/INFO] [net.minecraft.server.MinecraftServer/]: [XDraakDuivel: Teleported iAl3x2 to XDraakDuivel]
[31Jul2026 22:11:03.268] [Server thread/INFO] [net.minecraft.server.MinecraftServer/]: [XDraakDuivel: Teleported iAl3x2 to XDraakDuivel]
[31Jul2026 22:11:03.559] [Server thread/INFO] [Scaling Health/]: Player lost 0.00 heart crystal(s)
[31Jul2026 22:11:03.559] [Server thread/INFO] [Scaling Health/]: Player lost 0.00 difficulty
[31Jul2026 22:11:03.587] [Server thread/INFO] [net.minecraft.server.MinecraftServer/]: [XDraakDuivel: Teleported iAl3x2 to XDraakDuivel]
[31Jul2026 22:11:03.936] [Server thread/INFO] [net.minecraft.server.MinecraftServer/]: [XDraakDuivel: Teleported iAl3x2 to XDraakDuivel]
[31Jul2026 22:11:10.826] [Server thread/INFO] [de.sarocesch.sarosclearlag.SarosClearlag/]: Cleared 90 entities
[31Jul2026 22:11:10.951] [Server thread/INFO] [AllTheLeaks/]: Listing events...
[31Jul2026 22:11:10.951] [Server thread/INFO] [AllTheLeaks/]: Server Player Clone: 31
[31Jul2026 22:11:10.951] [Server thread/INFO] [AllTheLeaks/]: Listing memory leaks so far...
[31Jul2026 22:11:10.952] [Server thread/INFO] [AllTheLeaks/]: B: 1244MB / C: 3474MB / Diff: +2230MB
[31Jul2026 22:11:10.952] [Server thread/INFO] [AllTheLeaks/]: Memory Leaks detected: (/atl force_refresh to update)
[31Jul2026 22:11:10.952] [Server thread/INFO] [AllTheLeaks/]: | ChunkAccess:
[31Jul2026 22:11:10.952] [Server thread/INFO] [AllTheLeaks/]: |- LevelChunk (minecraft): 4741
[31Jul2026 22:11:10.952] [Server thread/INFO] [AllTheLeaks/]: | Player:
[31Jul2026 22:11:10.952] [Server thread/INFO] [AllTheLeaks/]: |- ServerPlayer (minecraft): 21
[31Jul2026 22:11:58.398] [Server thread/INFO] [net.minecraft.server.MinecraftServer/]: [XDraakDuivel: Set own game mode to Spectator Mode]
[31Jul2026 22:12:05.180] [Server thread/INFO] [net.minecraft.server.MinecraftServer/]: [XDraakDuivel: Teleported XDraakDuivel to -4719.500000, 8.000000, -2222.500000]
[31Jul2026 22:12:05.184] [Server thread/WARN] [net.minecraft.server.MinecraftServer/]: Can't keep up! Is the server overloaded? Running 3050ms or 61 ticks behind
[31Jul2026 22:12:05.810] [Server thread/INFO] [net.minecraft.server.MinecraftServer/]: XDraakDuivel has reached the goal [The Cave That Time Forgot]
[31Jul2026 22:12:24.726] [Server thread/INFO] [net.minecraft.server.MinecraftServer/]: [XDraakDuivel: Set the time to 0]
[31Jul2026 22:12:26.674] [Server thread/INFO] [net.minecraft.server.MinecraftServer/]: [XDraakDuivel: Set own game mode to Survival Mode]
[31Jul2026 22:12:29.271] [Server thread/INFO] [net.minecraft.server.MinecraftServer/]: [XDraakDuivel: Teleported iAl3x2 to XDraakDuivel]
[31Jul2026 22:12:29.619] [Server thread/INFO] [net.minecraft.server.MinecraftServer/]: iAl3x2 has reached the goal [The Cave That Time Forgot]
[31Jul2026 22:12:58.863] [Server thread/INFO] [net.minecraft.server.MinecraftServer/]: [XDraakDuivel: Applied effect Saturation to 2 targets]
[31Jul2026 22:12:58.864] [Server thread/WARN] [net.minecraft.server.MinecraftServer/]: Can't keep up! Is the server overloaded? Running 4829ms or 96 ticks behind
[31Jul2026 22:14:33.880] [Server thread/INFO] [net.minecraft.server.MinecraftServer/]: [XDraakDuivel: Set own game mode to Creative Mode]
[31Jul2026 22:14:54.572] [Server thread/INFO] [net.minecraft.server.MinecraftServer/]: [XDraakDuivel: Set own game mode to Spectator Mode]
[31Jul2026 22:15:03.407] [Server thread/INFO] [net.minecraft.server.MinecraftServer/]: [XDraakDuivel: Summoned new Faceless]
[31Jul2026 22:15:10.055] [Server thread/INFO] [net.minecraft.server.MinecraftServer/]: [XDraakDuivel: Summoned new Faceless]
[31Jul2026 22:15:16.268] [Server thread/INFO] [net.minecraft.server.MinecraftServer/]: [XDraakDuivel: Set own game mode to Survival Mode]
[31Jul2026 22:15:34.563] [Server thread/WARN] [net.minecraft.world.level.entity.PersistentEntitySectionManager/]: UUID of added entity already exists: BabyScorpionEntity['Baby Scorpion'/37315, l='ServerLevel[world]', x=-4691.48, y=-46.00, z=-2136.61]
[31Jul2026 22:16:18.639] [Server thread/INFO] [de.sarocesch.sarosclearlag.SarosClearlag/]: Cleared 155 entities
[31Jul2026 22:16:31.413] [Server thread/INFO] [net.minecraft.server.MinecraftServer/]: iAl3x2 was slain by Chort
[31Jul2026 22:16:32.906] [Server thread/INFO] [Scaling Health/]: Player lost 0.00 heart crystal(s)
[31Jul2026 22:16:32.907] [Server thread/INFO] [Scaling Health/]: Player lost 0.00 difficulty
[31Jul2026 22:16:33.209] [Server thread/INFO] [net.minecraft.server.MinecraftServer/]: XDraakDuivel was slain by Vallumraptor
[31Jul2026 22:16:34.459] [Server thread/INFO] [Scaling Health/]: Player lost 0.00 heart crystal(s)
[31Jul2026 22:16:34.459] [Server thread/INFO] [Scaling Health/]: Player gained 0.00 difficulty
[31Jul2026 22:16:36.349] [Server thread/INFO] [net.minecraft.server.MinecraftServer/]: [XDraakDuivel: Teleported XDraakDuivel to iAl3x2]
[31Jul2026 22:16:37.908] [Server thread/INFO] [net.minecraft.server.MinecraftServer/]: [XDraakDuivel: Set own game mode to Spectator Mode]
[31Jul2026 22:16:45.112] [Server thread/INFO] [net.minecraft.server.MinecraftServer/]: [XDraakDuivel: Set the weather to clear]
[31Jul2026 22:16:46.532] [Server thread/INFO] [net.minecraft.server.MinecraftServer/]: [XDraakDuivel: Set own game mode to Creative Mode]
[31Jul2026 22:16:55.809] [Server thread/WARN] [net.minecraft.server.level.ServerPlayerGameMode/]: Mismatch in destroy block pos: BlockPos{x=0, y=0, z=0} BlockPos{x=-30, y=69, z=-82}
[31Jul2026 22:16:59.756] [Server thread/WARN] [net.minecraft.server.level.ServerPlayerGameMode/]: Mismatch in destroy block pos: BlockPos{x=0, y=0, z=0} BlockPos{x=-30, y=68, z=-83}
[31Jul2026 22:17:00.102] [Server thread/WARN] [net.minecraft.server.level.ServerPlayerGameMode/]: Mismatch in destroy block pos: BlockPos{x=0, y=0, z=0} BlockPos{x=-29, y=63, z=-79}
[31Jul2026 22:17:19.200] [Server thread/WARN] [net.minecraft.server.level.ServerPlayerGameMode/]: Mismatch in destroy block pos: BlockPos{x=0, y=0, z=0} BlockPos{x=-28, y=63, z=-81}
[31Jul2026 22:17:46.777] [Server thread/INFO] [net.minecraft.server.MinecraftServer/]: [XDraakDuivel: Teleported iAl3x2 to XDraakDuivel]
[31Jul2026 22:17:46.996] [Server thread/WARN] [net.minecraft.server.network.ServerGamePacketListenerImpl/]: iAl3x2 moved too quickly! -21.18570425319232,7.125027054066706,0.03250962748126085
[31Jul2026 22:17:47.161] [Server thread/WARN] [net.minecraft.server.network.ServerGamePacketListenerImpl/]: iAl3x2 moved too quickly! -21.18570425319232,7.125027054066706,0.03250962748126085
[31Jul2026 22:17:47.186] [Server thread/WARN] [net.minecraft.server.level.ServerLevel/]: Tried to add entity mutantmore:icicle_spike but it was marked as removed already
[31Jul2026 22:17:47.251] [Server thread/WARN] [net.minecraft.server.level.ServerLevel/]: Tried to add entity mutantmore:icicle_spike but it was marked as removed already
[31Jul2026 22:17:47.268] [Server thread/WARN] [net.minecraft.server.level.ServerLevel/]: Tried to add entity mutantmore:icicle_spike but it was marked as removed already
[31Jul2026 22:17:47.318] [Server thread/WARN] [net.minecraft.server.level.ServerLevel/]: Tried to add entity mutantmore:icicle_spike but it was marked as removed already
[31Jul2026 22:17:47.329] [Server thread/WARN] [net.minecraft.server.level.ServerLevel/]: Tried to add entity mutantmore:icicle_spike but it was marked as removed already
[31Jul2026 22:17:47.472] [Server thread/WARN] [net.minecraft.server.network.ServerGamePacketListenerImpl/]: iAl3x2 moved too quickly! -21.18570425319232,7.125027054066706,0.03250962748126085
[31Jul2026 22:17:47.714] [Server thread/WARN] [net.minecraft.server.network.ServerGamePacketListenerImpl/]: iAl3x2 moved too quickly! -21.18570425319232,7.125027054066706,0.03250962748126085
[31Jul2026 22:17:47.892] [Server thread/WARN] [net.minecraft.server.network.ServerGamePacketListenerImpl/]: iAl3x2 moved too quickly! -21.18570425319232,7.125027054066706,0.03250962748126085
[31Jul2026 22:17:48.049] [Server thread/WARN] [net.minecraft.server.network.ServerGamePacketListenerImpl/]: iAl3x2 moved too quickly! -21.18570425319232,7.125027054066706,0.03250962748126085
[31Jul2026 22:17:48.326] [Server thread/WARN] [net.minecraft.server.network.ServerGamePacketListenerImpl/]: iAl3x2 moved too quickly! -21.18570425319232,7.125027054066706,0.03250962748126085
[31Jul2026 22:17:48.539] [Server thread/WARN] [net.minecraft.server.network.ServerGamePacketListenerImpl/]: iAl3x2 moved too quickly! -21.18570425319232,7.125027054066706,0.03250962748126085
[31Jul2026 22:17:48.791] [Server thread/WARN] [net.minecraft.server.network.ServerGamePacketListenerImpl/]: iAl3x2 moved too quickly! -21.18570425319232,7.125027054066706,0.03250962748126085
[31Jul2026 22:17:49.026] [Server thread/WARN] [net.minecraft.server.network.ServerGamePacketListenerImpl/]: iAl3x2 moved too quickly! -21.18570425319232,7.125027054066706,0.03250962748126085
[31Jul2026 22:18:17.003] [Server thread/INFO] [net.minecraft.server.MinecraftServer/]: [XDraakDuivel: Teleported iAl3x2 to XDraakDuivel]
[31Jul2026 22:18:22.559] [Server thread/WARN] [net.minecraft.server.MinecraftServer/]: Can't keep up! Is the server overloaded? Running 5525ms or 110 ticks behind
[31Jul2026 22:18:22.612] [Server thread/INFO] [net.minecraft.server.MinecraftServer/]: [XDraakDuivel: Teleported iAl3x2 to XDraakDuivel]
[31Jul2026 22:18:22.615] [Server thread/INFO] [net.minecraft.server.MinecraftServer/]: [XDraakDuivel: Teleported iAl3x2 to XDraakDuivel]
[31Jul2026 22:18:22.617] [Server thread/INFO] [net.minecraft.server.MinecraftServer/]: [XDraakDuivel: Teleported iAl3x2 to XDraakDuivel]
[31Jul2026 22:18:22.618] [Server thread/WARN] [net.minecraft.server.network.ServerGamePacketListenerImpl/]: XDraakDuivel moved too quickly! -7.638185819203898,-1.8697721687210986,-6.179341989725373
[31Jul2026 22:18:22.907] [Server thread/WARN] [net.minecraft.server.level.ServerLevel/]: Tried to add entity mutantmore:icicle_spike but it was marked as removed already
[31Jul2026 22:18:22.922] [Server thread/WARN] [net.minecraft.server.level.ServerLevel/]: Tried to add entity mutantmore:icicle_spike but it was marked as removed already
[31Jul2026 22:18:22.923] [Server thread/WARN] [net.minecraft.server.level.ServerLevel/]: Tried to add entity mutantmore:icicle_spike but it was marked as removed already
[31Jul2026 22:18:22.991] [Server thread/WARN] [net.minecraft.server.level.ServerLevel/]: Tried to add entity mutantmore:icicle_spike but it was marked as removed already
[31Jul2026 22:18:45.498] [Server thread/WARN] [net.minecraft.server.level.ServerLevel/]: Tried to add entity mutantmore:icicle_spike but it was marked as removed already
[31Jul2026 22:18:45.504] [Server thread/WARN] [net.minecraft.server.level.ServerLevel/]: Tried to add entity mutantmore:icicle_spike but it was marked as removed already
[31Jul2026 22:18:45.534] [Server thread/WARN] [net.minecraft.server.level.ServerLevel/]: Tried to add entity mutantmore:icicle_spike but it was marked as removed already
[31Jul2026 22:18:45.537] [Server thread/WARN] [net.minecraft.server.level.ServerLevel/]: Tried to add entity mutantmore:icicle_spike but it was marked as removed already
[31Jul2026 22:18:45.540] [Server thread/WARN] [net.minecraft.server.level.ServerLevel/]: Tried to add entity mutantmore:icicle_spike but it was marked as removed already
[31Jul2026 22:18:45.601] [Server thread/WARN] [net.minecraft.server.level.ServerLevel/]: Tried to add entity mutantmore:icicle_spike but it was marked as removed already
[31Jul2026 22:18:50.238] [Server thread/WARN] [net.minecraft.world.level.entity.PersistentEntitySectionManager/]: UUID of added entity already exists: BabyScorpionEntity['Baby Scorpion'/42261, l='ServerLevel[world]', x=-65.75, y=35.00, z=-52.95]
[31Jul2026 22:19:03.355] [Server thread/INFO] [net.minecraft.server.MinecraftServer/]: [XDraakDuivel: Gave 5000 experience points to iAl3x2]
[31Jul2026 22:19:05.902] [Server thread/INFO] [net.minecraft.server.MinecraftServer/]: [XDraakDuivel: Gave 5000 experience points to iAl3x2]
[31Jul2026 22:19:09.218] [Server thread/INFO] [net.minecraft.server.MinecraftServer/]: [XDraakDuivel: Gave 5000 experience points to iAl3x2]
[31Jul2026 22:19:11.699] [Server thread/WARN] [net.minecraft.server.level.ServerLevel/]: Tried to add entity mutantmore:icicle_spike but it was marked as removed already
[31Jul2026 22:19:11.715] [Server thread/WARN] [net.minecraft.server.level.ServerLevel/]: Tried to add entity mutantmore:icicle_spike but it was marked as removed already
[31Jul2026 22:19:11.737] [Server thread/WARN] [net.minecraft.server.level.ServerLevel/]: Tried to add entity mutantmore:icicle_spike but it was marked as removed already
[31Jul2026 22:19:11.743] [Server thread/WARN] [net.minecraft.server.level.ServerLevel/]: Tried to add entity mutantmore:icicle_spike but it was marked as removed already
[31Jul2026 22:19:11.773] [Server thread/WARN] [net.minecraft.server.level.ServerLevel/]: Tried to add entity mutantmore:icicle_spike but it was marked as removed already
[31Jul2026 22:19:11.811] [Server thread/WARN] [net.minecraft.server.level.ServerLevel/]: Tried to add entity mutantmore:icicle_spike but it was marked as removed already
[31Jul2026 22:19:45.171] [Server thread/INFO] [net.minecraft.server.MinecraftServer/]: [XDraakDuivel: Applied effect Regeneration to iAl3x2]
[31Jul2026 22:19:47.775] [Server thread/INFO] [net.minecraft.server.MinecraftServer/]: [XDraakDuivel: Applied effect Regeneration to iAl3x2]
[31Jul2026 22:19:50.865] [Server thread/INFO] [net.minecraft.server.MinecraftServer/]: iAl3x2 has completed the challenge [Overkill]
[31Jul2026 22:19:53.736] [Server thread/WARN] [net.minecraft.server.level.ServerLevel/]: Tried to add entity mutantmore:icicle_spike but it was marked as removed already
[31Jul2026 22:19:53.771] [Server thread/WARN] [net.minecraft.server.level.ServerLevel/]: Tried to add entity mutantmore:icicle_spike but it was marked as removed already
[31Jul2026 22:19:53.772] [Server thread/WARN] [net.minecraft.server.level.ServerLevel/]: Tried to add entity mutantmore:icicle_spike but it was marked as removed already
[31Jul2026 22:19:53.772] [Server thread/WARN] [net.minecraft.server.level.ServerLevel/]: Tried to add entity mutantmore:icicle_spike but it was marked as removed already
[31Jul2026 22:19:53.793] [Server thread/WARN] [net.minecraft.server.level.ServerLevel/]: Tried to add entity mutantmore:icicle_spike but it was marked as removed already
[31Jul2026 22:19:53.794] [Server thread/WARN] [net.minecraft.server.level.ServerLevel/]: Tried to add entity mutantmore:icicle_spike but it was marked as removed already
[31Jul2026 22:19:53.796] [Server thread/WARN] [net.minecraft.server.level.ServerLevel/]: Tried to add entity mutantmore:icicle_spike but it was marked as removed already
[31Jul2026 22:19:55.583] [Server thread/INFO] [net.minecraft.server.MinecraftServer/]: [XDraakDuivel: Applied effect Regeneration to iAl3x2]
[31Jul2026 22:19:59.669] [Server thread/INFO] [net.minecraft.server.MinecraftServer/]: [XDraakDuivel: Applied effect Regeneration to iAl3x2]
[31Jul2026 22:20:34.242] [Server thread/WARN] [net.minecraft.server.level.ServerLevel/]: Tried to add entity mutantmore:icicle_spike but it was marked as removed already
[31Jul2026 22:20:34.276] [Server thread/WARN] [net.minecraft.server.level.ServerLevel/]: Tried to add entity mutantmore:icicle_spike but it was marked as removed already
[31Jul2026 22:20:34.296] [Server thread/WARN] [net.minecraft.server.level.ServerLevel/]: Tried to add entity mutantmore:icicle_spike but it was marked as removed already
[31Jul2026 22:20:52.068] [Server thread/INFO] [net.minecraft.server.MinecraftServer/]: [XDraakDuivel: Teleported XDraakDuivel to iAl3x2]
[31Jul2026 22:21:00.728] [Server thread/INFO] [net.minecraft.server.MinecraftServer/]: [XDraakDuivel: Applied effect Regeneration to iAl3x2]
[31Jul2026 22:21:12.371] [Server thread/INFO] [net.minecraft.server.MinecraftServer/]: iAl3x2 was slain by Zombie
[31Jul2026 22:21:13.700] [Server thread/INFO] [Scaling Health/]: Player lost 0.00 heart crystal(s)
[31Jul2026 22:21:13.701] [Server thread/INFO] [Scaling Health/]: Player lost 0.00 difficulty
[31Jul2026 22:21:16.008] [Server thread/INFO] [net.minecraft.server.MinecraftServer/]: [XDraakDuivel: Teleported iAl3x2 to XDraakDuivel]
[31Jul2026 22:21:24.116] [Server thread/INFO] [de.sarocesch.sarosclearlag.SarosClearlag/]: Cleared 77 entities
[31Jul2026 22:21:24.357] [Server thread/INFO] [AllTheLeaks/]: Listing events...
[31Jul2026 22:21:24.357] [Server thread/INFO] [AllTheLeaks/]: Server Player Clone: 34
[31Jul2026 22:21:24.357] [Server thread/INFO] [AllTheLeaks/]: Listing memory leaks so far...
[31Jul2026 22:21:24.357] [Server thread/INFO] [AllTheLeaks/]: B: 1244MB / C: 4181MB / Diff: +2937MB
[31Jul2026 22:21:24.357] [Server thread/INFO] [AllTheLeaks/]: Memory Leaks detected: (/atl force_refresh to update)
[31Jul2026 22:21:24.358] [Server thread/INFO] [AllTheLeaks/]: | ChunkAccess:
[31Jul2026 22:21:24.358] [Server thread/INFO] [AllTheLeaks/]: |- LevelChunk (minecraft): 6224
[31Jul2026 22:21:24.358] [Server thread/INFO] [AllTheLeaks/]: | Player:
[31Jul2026 22:21:24.358] [Server thread/INFO] [AllTheLeaks/]: |- ServerPlayer (minecraft): 24
[31Jul2026 22:21:36.340] [Server thread/WARN] [net.minecraft.server.level.ServerLevel/]: Tried to add entity mutantmore:icicle_spike but it was marked as removed already
[31Jul2026 22:21:36.405] [Server thread/WARN] [net.minecraft.server.level.ServerLevel/]: Tried to add entity mutantmore:icicle_spike but it was marked as removed already
[31Jul2026 22:21:50.715] [Server thread/WARN] [net.minecraft.server.level.ServerLevel/]: Tried to add entity mutantmore:icicle_spike but it was marked as removed already
[31Jul2026 22:21:50.721] [Server thread/WARN] [net.minecraft.server.level.ServerLevel/]: Tried to add entity mutantmore:icicle_spike but it was marked as removed already
[31Jul2026 22:21:50.732] [Server thread/WARN] [net.minecraft.server.level.ServerLevel/]: Tried to add entity mutantmore:icicle_spike but it was marked as removed already
[31Jul2026 22:21:50.775] [Server thread/WARN] [net.minecraft.server.level.ServerLevel/]: Tried to add entity mutantmore:icicle_spike but it was marked as removed already
[31Jul2026 22:22:21.753] [Server thread/INFO] [net.minecraft.server.MinecraftServer/]: [XDraakDuivel: Teleported XDraakDuivel to iAl3x2]
[31Jul2026 22:22:30.549] [Server thread/INFO] [net.minecraft.server.MinecraftServer/]: [XDraakDuivel: Applied effect Regeneration to iAl3x2]
[31Jul2026 22:22:38.959] [Server thread/INFO] [net.minecraft.server.MinecraftServer/]: [XDraakDuivel: Applied effect Regeneration to iAl3x2]
[31Jul2026 22:22:42.427] [Server thread/INFO] [net.minecraft.server.MinecraftServer/]: [XDraakDuivel: Teleported iAl3x2 to XDraakDuivel]
[31Jul2026 22:22:46.735] [Server thread/WARN] [net.minecraft.server.level.ServerLevel/]: Tried to add entity mutantmore:icicle_spike but it was marked as removed already
[31Jul2026 22:22:46.745] [Server thread/WARN] [net.minecraft.server.level.ServerLevel/]: Tried to add entity mutantmore:icicle_spike but it was marked as removed already
[31Jul2026 22:22:46.789] [Server thread/WARN] [net.minecraft.server.level.ServerLevel/]: Tried to add entity mutantmore:icicle_spike but it was marked as removed already
[31Jul2026 22:22:46.799] [Server thread/WARN] [net.minecraft.server.level.ServerLevel/]: Tried to add entity mutantmore:icicle_spike but it was marked as removed already
[31Jul2026 22:22:49.434] [Server thread/INFO] [net.minecraft.server.MinecraftServer/]: [XDraakDuivel: Applied effect Regeneration to iAl3x2]
[31Jul2026 22:22:59.657] [Server thread/INFO] [net.minecraft.server.MinecraftServer/]: [XDraakDuivel: Applied effect Regeneration to iAl3x2]
[31Jul2026 22:23:00.907] [Server thread/INFO] [net.minecraft.server.MinecraftServer/]: [XDraakDuivel: Applied effect Regeneration to iAl3x2]
[31Jul2026 22:23:11.308] [Server thread/INFO] [net.minecraft.server.MinecraftServer/]: [XDraakDuivel: Gave 1000000 experience points to iAl3x2]
[31Jul2026 22:23:15.438] [Server thread/WARN] [net.minecraft.world.level.entity.PersistentEntitySectionManager/]: UUID of added entity already exists: BabyScorpionEntity['Baby Scorpion'/50242, l='ServerLevel[world]', x=-229.57, y=5.00, z=-27.50]
[31Jul2026 22:23:17.017] [Server thread/INFO] [net.minecraft.server.MinecraftServer/]: [XDraakDuivel: Applied effect Regeneration to iAl3x2]
[31Jul2026 22:23:26.746] [Server thread/WARN] [net.minecraft.server.level.ServerLevel/]: Tried to add entity mutantmore:icicle_spike but it was marked as removed already
[31Jul2026 22:23:26.747] [Server thread/WARN] [net.minecraft.server.level.ServerLevel/]: Tried to add entity mutantmore:icicle_spike but it was marked as removed already
[31Jul2026 22:23:26.756] [Server thread/WARN] [net.minecraft.server.level.ServerLevel/]: Tried to add entity mutantmore:icicle_spike but it was marked as removed already
[31Jul2026 22:23:53.539] [Server thread/WARN] [net.minecraft.world.level.entity.PersistentEntitySectionManager/]: UUID of added entity already exists: BabyScorpionEntity['Baby Scorpion'/51964, l='ServerLevel[world]', x=-338.62, y=6.00, z=-1.36]
[31Jul2026 22:23:59.729] [Server thread/WARN] [net.minecraft.server.level.ServerLevel/]: Tried to add entity mutantmore:icicle_spike but it was marked as removed already
[31Jul2026 22:23:59.729] [Server thread/WARN] [net.minecraft.server.level.ServerLevel/]: Tried to add entity mutantmore:icicle_spike but it was marked as removed already
[31Jul2026 22:24:09.108] [Server thread/INFO] [net.minecraft.server.MinecraftServer/]: [XDraakDuivel: Applied effect Regeneration to iAl3x2]
[31Jul2026 22:24:16.404] [Server thread/WARN] [net.minecraft.server.level.ServerLevel/]: Tried to add entity mutantmore:icicle_spike but it was marked as removed already
[31Jul2026 22:24:16.421] [Server thread/WARN] [net.minecraft.server.level.ServerLevel/]: Tried to add entity mutantmore:icicle_spike but it was marked as removed already
[31Jul2026 22:24:16.429] [Server thread/WARN] [net.minecraft.server.level.ServerLevel/]: Tried to add entity mutantmore:icicle_spike but it was marked as removed already
[31Jul2026 22:24:16.429] [Server thread/WARN] [net.minecraft.server.level.ServerLevel/]: Tried to add entity mutantmore:icicle_spike but it was marked as removed already
[31Jul2026 22:24:16.429] [Server thread/WARN] [net.minecraft.server.level.ServerLevel/]: Tried to add entity mutantmore:icicle_spike but it was marked as removed already
[31Jul2026 22:24:24.251] [Server thread/INFO] [net.minecraft.server.MinecraftServer/]: [XDraakDuivel: Applied effect Regeneration to iAl3x2]
[31Jul2026 22:24:27.582] [Server thread/INFO] [net.minecraft.server.MinecraftServer/]: [XDraakDuivel: Applied effect Regeneration to iAl3x2]
[31Jul2026 22:24:45.877] [Server thread/WARN] [net.minecraft.server.level.ServerLevel/]: Tried to add entity mutantmore:icicle_spike but it was marked as removed already
[31Jul2026 22:24:45.882] [Server thread/WARN] [net.minecraft.server.level.ServerLevel/]: Tried to add entity mutantmore:icicle_spike but it was marked as removed already
[31Jul2026 22:24:45.910] [Server thread/WARN] [net.minecraft.server.level.ServerLevel/]: Tried to add entity mutantmore:icicle_spike but it was marked as removed already
[31Jul2026 22:24:45.923] [Server thread/WARN] [net.minecraft.server.level.ServerLevel/]: Tried to add entity mutantmore:icicle_spike but it was marked as removed already
[31Jul2026 22:24:47.165] [Server thread/INFO] [net.minecraft.server.MinecraftServer/]: iAl3x2 has reached the goal [Mutant Hunter]
[31Jul2026 22:24:47.166] [Server thread/INFO] [net.minecraft.server.MinecraftServer/]: iAl3x2 has made the advancement [Avalanche!]
[31Jul2026 22:24:58.980] [Server thread/INFO] [net.minecraft.server.MinecraftServer/]: [XDraakDuivel: Applied effect Regeneration to iAl3x2]
[31Jul2026 22:25:16.081] [Server thread/INFO] [net.minecraft.server.MinecraftServer/]: [XDraakDuivel: The difficulty has been set to Peaceful]
[31Jul2026 22:25:49.598] [Server thread/INFO] [net.minecraft.server.MinecraftServer/]: XDraakDuivel has reached the goal [The Road Home]
[31Jul2026 22:25:52.498] [Server thread/INFO] [net.minecraft.server.MinecraftServer/]: iAl3x2 has reached the goal [The Road Home]
[31Jul2026 22:26:24.115] [Server thread/INFO] [de.sarocesch.sarosclearlag.SarosClearlag/]: Cleared 22 entities
[31Jul2026 22:26:33.654] [Server thread/INFO] [net.minecraft.server.MinecraftServer/]: [XDraakDuivel: Teleported iAl3x2 to XDraakDuivel]
[31Jul2026 22:26:40.942] [Server thread/INFO] [net.minecraft.server.MinecraftServer/]: [XDraakDuivel: The difficulty has been set to Hard]
[31Jul2026 22:26:47.172] [Server thread/INFO] [net.minecraft.server.MinecraftServer/]: [XDraakDuivel: Set own game mode to Spectator Mode]
[31Jul2026 22:26:58.214] [Server thread/INFO] [net.minecraft.server.MinecraftServer/]: iAl3x2 has reached the goal [Exorcism]
[31Jul2026 22:27:04.749] [Server thread/INFO] [net.minecraft.server.MinecraftServer/]: [XDraakDuivel: Set own game mode to Creative Mode]
[31Jul2026 22:27:15.568] [Server thread/INFO] [net.minecraft.server.MinecraftServer/]: [XDraakDuivel: Applied effect Regeneration to iAl3x2]
[31Jul2026 22:27:22.532] [Server thread/INFO] [net.minecraft.server.MinecraftServer/]: [XDraakDuivel: Applied effect Regeneration to iAl3x2]
[31Jul2026 22:27:24.800] [Server thread/INFO] [net.minecraft.server.MinecraftServer/]: [XDraakDuivel: Applied effect Regeneration to iAl3x2]
[31Jul2026 22:27:26.129] [Server thread/INFO] [net.minecraft.server.MinecraftServer/]: [XDraakDuivel: Applied effect Regeneration to iAl3x2]
[31Jul2026 22:27:28.803] [Server thread/INFO] [net.minecraft.server.MinecraftServer/]: [XDraakDuivel: Applied effect Regeneration to iAl3x2]
[31Jul2026 22:27:31.302] [Server thread/INFO] [net.minecraft.server.MinecraftServer/]: [XDraakDuivel: Applied effect Regeneration to iAl3x2]
[31Jul2026 22:27:33.764] [Server thread/INFO] [net.minecraft.server.MinecraftServer/]: [XDraakDuivel: Applied effect Regeneration to iAl3x2]
[31Jul2026 22:28:38.960] [Server thread/INFO] [net.minecraft.server.MinecraftServer/]: [XDraakDuivel: Applied effect Regeneration to iAl3x2]
[31Jul2026 22:28:48.972] [Server thread/INFO] [net.minecraft.server.MinecraftServer/]: [XDraakDuivel: Teleported iAl3x2 to XDraakDuivel]
[31Jul2026 22:29:11.921] [Server thread/INFO] [net.minecraft.server.MinecraftServer/]: [XDraakDuivel: Teleported iAl3x2 to XDraakDuivel]
[31Jul2026 22:29:13.568] [Server thread/INFO] [net.minecraft.server.MinecraftServer/]: [XDraakDuivel: Applied effect Regeneration to iAl3x2]
[31Jul2026 22:29:16.292] [Server thread/INFO] [net.minecraft.server.MinecraftServer/]: [XDraakDuivel: Applied effect Regeneration to iAl3x2]
[31Jul2026 22:29:44.258] [Server thread/INFO] [net.minecraft.server.MinecraftServer/]: [XDraakDuivel: Applied effect Regeneration to iAl3x2]
[31Jul2026 22:29:47.304] [Server thread/INFO] [net.minecraft.server.MinecraftServer/]: iAl3x2 has made the advancement [Welcome to the Jungle]
[31Jul2026 22:29:48.366] [Server thread/INFO] [net.minecraft.server.MinecraftServer/]: [XDraakDuivel: Applied effect Regeneration to iAl3x2]
[31Jul2026 22:29:50.008] [Server thread/INFO] [net.minecraft.server.MinecraftServer/]: iAl3x2 has made the advancement [Dark Metallurgy]
[31Jul2026 22:29:51.577] [Server thread/INFO] [net.minecraft.server.MinecraftServer/]: iAl3x2 has made the advancement [Life turned out to be a comedy]
[31Jul2026 22:29:52.161] [Server thread/INFO] [net.minecraft.server.MinecraftServer/]: [XDraakDuivel: Applied effect Regeneration to iAl3x2]
[31Jul2026 22:30:00.614] [Server thread/INFO] [net.minecraft.server.MinecraftServer/]: [XDraakDuivel: Teleported iAl3x2 to XDraakDuivel]
[31Jul2026 22:30:02.933] [Server thread/INFO] [net.minecraft.server.MinecraftServer/]: [XDraakDuivel: Teleported iAl3x2 to XDraakDuivel]
[31Jul2026 22:30:08.673] [Server thread/INFO] [net.minecraft.server.MinecraftServer/]: [XDraakDuivel: Applied effect Regeneration to iAl3x2]
[31Jul2026 22:30:37.948] [Server thread/INFO] [net.minecraft.server.MinecraftServer/]: [XDraakDuivel: The difficulty has been set to Peaceful]
[31Jul2026 22:30:41.896] [Server thread/INFO] [net.minecraft.server.MinecraftServer/]: [XDraakDuivel: Teleported iAl3x2 to XDraakDuivel]
[31Jul2026 22:31:01.946] [Server thread/INFO] [net.minecraft.server.MinecraftServer/]: XDraakDuivel has made the advancement [Dark Metallurgy]
[31Jul2026 22:31:19.944] [Server thread/INFO] [net.minecraft.server.MinecraftServer/]: iAl3x2 has made the advancement [Relic of the Forge God]
[31Jul2026 22:31:24.115] [Server thread/INFO] [de.sarocesch.sarosclearlag.SarosClearlag/]: Cleared 59 entities
[31Jul2026 22:31:24.397] [Server thread/INFO] [AllTheLeaks/]: Listing events...
[31Jul2026 22:31:24.397] [Server thread/INFO] [AllTheLeaks/]: Server Player Clone: 34
[31Jul2026 22:31:24.397] [Server thread/INFO] [AllTheLeaks/]: Listing memory leaks so far...
[31Jul2026 22:31:24.397] [Server thread/INFO] [AllTheLeaks/]: B: 1244MB / C: 4310MB / Diff: +3066MB
[31Jul2026 22:31:24.397] [Server thread/INFO] [AllTheLeaks/]: Memory Leaks detected: (/atl force_refresh to update)
[31Jul2026 22:31:24.397] [Server thread/INFO] [AllTheLeaks/]: | ChunkAccess:
[31Jul2026 22:31:24.397] [Server thread/INFO] [AllTheLeaks/]: |- LevelChunk (minecraft): 6311
[31Jul2026 22:31:24.397] [Server thread/INFO] [AllTheLeaks/]: | Player:
[31Jul2026 22:31:24.398] [Server thread/INFO] [AllTheLeaks/]: |- ServerPlayer (minecraft): 24
[31Jul2026 22:31:43.796] [Server thread/INFO] [net.minecraft.server.MinecraftServer/]: iAl3x2 has made the advancement [No Longer Short-Staffed]
[31Jul2026 22:31:43.797] [Server thread/INFO] [net.minecraft.server.MinecraftServer/]: iAl3x2 has made the advancement [Quite the Walking Stick]
[31Jul2026 22:33:34.147] [Server thread/INFO] [net.minecraft.server.MinecraftServer/]: [XDraakDuivel: Teleported iAl3x2 to XDraakDuivel]
[31Jul2026 22:33:36.658] [Server thread/INFO] [net.minecraft.server.MinecraftServer/]: [XDraakDuivel: The difficulty has been set to Hard]
[31Jul2026 22:33:44.806] [Server thread/INFO] [net.minecraft.server.MinecraftServer/]: [XDraakDuivel: Applied effect Regeneration to iAl3x2]
[31Jul2026 22:34:07.655] [Server thread/INFO] [net.minecraft.server.MinecraftServer/]: iAl3x2 has completed the challenge [You Won't Like Him When He's Angry]
[31Jul2026 22:34:20.929] [Server thread/INFO] [net.minecraft.server.MinecraftServer/]: [XDraakDuivel: Applied effect Regeneration to iAl3x2]
[31Jul2026 22:35:06.059] [Server thread/INFO] [net.minecraft.server.MinecraftServer/]: [XDraakDuivel: Applied effect Regeneration to iAl3x2]
[31Jul2026 22:35:12.809] [Server thread/INFO] [net.minecraft.server.MinecraftServer/]: [XDraakDuivel: Applied effect Regeneration to iAl3x2]
[31Jul2026 22:35:14.188] [Server thread/WARN] [net.minecraft.world.level.entity.PersistentEntitySectionManager/]: UUID of added entity already exists: BabyScorpionEntity['Baby Scorpion'/59315, l='ServerLevel[world]', x=-265.82, y=31.00, z=-156.46]
[31Jul2026 22:35:14.683] [Server thread/INFO] [net.minecraft.server.MinecraftServer/]: [XDraakDuivel: Applied effect Regeneration to iAl3x2]
[31Jul2026 22:35:15.461] [Server thread/INFO] [net.minecraft.server.MinecraftServer/]: [XDraakDuivel: Applied effect Regeneration to iAl3x2]
[31Jul2026 22:35:17.603] [Server thread/INFO] [net.minecraft.server.MinecraftServer/]: [XDraakDuivel: Applied effect Regeneration to iAl3x2]
[31Jul2026 22:35:31.222] [Server thread/INFO] [net.minecraft.server.MinecraftServer/]: [XDraakDuivel: Teleported iAl3x2 to XDraakDuivel]
[31Jul2026 22:36:24.174] [Server thread/INFO] [de.sarocesch.sarosclearlag.SarosClearlag/]: Cleared 125 entities
[31Jul2026 22:36:49.813] [Server thread/INFO] [net.minecraft.server.MinecraftServer/]: [XDraakDuivel: Applied effect Regeneration to iAl3x2]
[31Jul2026 22:36:58.954] [Server thread/INFO] [net.minecraft.server.MinecraftServer/]: [XDraakDuivel: Applied effect Regeneration to iAl3x2]
[31Jul2026 22:38:04.400] [Server thread/INFO] [net.minecraft.server.MinecraftServer/]: [XDraakDuivel: Applied effect Regeneration to iAl3x2]
[31Jul2026 22:38:11.220] [Server thread/INFO] [net.minecraft.server.MinecraftServer/]: [XDraakDuivel: Applied effect Regeneration to iAl3x2]
[31Jul2026 22:38:18.922] [Server thread/INFO] [net.minecraft.server.MinecraftServer/]: [XDraakDuivel: Applied effect Regeneration to iAl3x2]
[31Jul2026 22:38:21.462] [Server thread/INFO] [net.minecraft.server.MinecraftServer/]: [XDraakDuivel: Applied effect Regeneration to iAl3x2]
[31Jul2026 22:38:24.102] [Server thread/INFO] [net.minecraft.server.MinecraftServer/]: iAl3x2 has made the advancement [Shell Shock]
[31Jul2026 22:40:27.564] [Server thread/INFO] [net.minecraft.server.MinecraftServer/]: [XDraakDuivel: Teleported iAl3x2 to XDraakDuivel]
[31Jul2026 22:40:33.825] [Server thread/INFO] [net.minecraft.server.MinecraftServer/]: [XDraakDuivel: Teleported iAl3x2 to XDraakDuivel]
[31Jul2026 22:41:24.259] [Server thread/INFO] [de.sarocesch.sarosclearlag.SarosClearlag/]: Cleared 157 entities
[31Jul2026 22:41:24.490] [Server thread/INFO] [AllTheLeaks/]: Listing events...
[31Jul2026 22:41:24.491] [Server thread/INFO] [AllTheLeaks/]: Server Player Clone: 34
[31Jul2026 22:41:24.491] [Server thread/INFO] [AllTheLeaks/]: Listing memory leaks so far...
[31Jul2026 22:41:24.491] [Server thread/INFO] [AllTheLeaks/]: B: 1244MB / C: 4349MB / Diff: +3105MB
[31Jul2026 22:41:24.491] [Server thread/INFO] [AllTheLeaks/]: Memory Leaks detected: (/atl force_refresh to update)
[31Jul2026 22:41:24.491] [Server thread/INFO] [AllTheLeaks/]: | ChunkAccess:
[31Jul2026 22:41:24.491] [Server thread/INFO] [AllTheLeaks/]: |- LevelChunk (minecraft): 6332
[31Jul2026 22:41:24.491] [Server thread/INFO] [AllTheLeaks/]: | Player:
[31Jul2026 22:41:24.491] [Server thread/INFO] [AllTheLeaks/]: |- ServerPlayer (minecraft): 24
[31Jul2026 22:41:37.821] [Server thread/INFO] [MobConversion/]: Checking target for detector: minecraft:villager. isStandardConvertible: true
[31Jul2026 22:41:37.822] [Server thread/INFO] [MobConversion/]: No neighbors found for villager minecraft:villager. Converting self.
[31Jul2026 22:42:24.948] [Server thread/INFO] [net.minecraft.server.MinecraftServer/]: [XDraakDuivel: Teleported iAl3x2 to XDraakDuivel]
[31Jul2026 22:42:35.101] [Server thread/INFO] [net.minecraft.server.MinecraftServer/]: [XDraakDuivel: Applied effect Regeneration to iAl3x2]
[31Jul2026 22:42:38.066] [Server thread/INFO] [net.minecraft.server.MinecraftServer/]: [XDraakDuivel: Teleported iAl3x2 to XDraakDuivel]
[31Jul2026 22:42:43.051] [Server thread/INFO] [net.minecraft.server.MinecraftServer/]: [XDraakDuivel: Teleported iAl3x2 to XDraakDuivel]
[31Jul2026 22:42:43.818] [Server thread/INFO] [net.minecraft.server.MinecraftServer/]: [XDraakDuivel: Teleported iAl3x2 to XDraakDuivel]
[31Jul2026 22:42:44.176] [Server thread/INFO] [net.minecraft.server.MinecraftServer/]: [XDraakDuivel: Teleported iAl3x2 to XDraakDuivel]
[31Jul2026 22:42:49.382] [Server thread/INFO] [net.minecraft.server.MinecraftServer/]: [XDraakDuivel: Teleported iAl3x2 to XDraakDuivel]
[31Jul2026 22:42:50.064] [Server thread/INFO] [net.minecraft.server.MinecraftServer/]: [XDraakDuivel: Teleported iAl3x2 to XDraakDuivel]
[31Jul2026 22:42:50.316] [Server thread/INFO] [net.minecraft.server.MinecraftServer/]: [XDraakDuivel: Teleported iAl3x2 to XDraakDuivel]
[31Jul2026 22:42:50.957] [Server thread/INFO] [net.minecraft.server.MinecraftServer/]: [XDraakDuivel: Teleported iAl3x2 to XDraakDuivel]
[31Jul2026 22:42:51.680] [Server thread/INFO] [net.minecraft.server.MinecraftServer/]: [XDraakDuivel: Teleported iAl3x2 to XDraakDuivel]
[31Jul2026 22:42:52.003] [Server thread/INFO] [net.minecraft.server.MinecraftServer/]: [XDraakDuivel: Teleported iAl3x2 to XDraakDuivel]
[31Jul2026 22:42:52.275] [Server thread/INFO] [net.minecraft.server.MinecraftServer/]: [XDraakDuivel: Teleported iAl3x2 to XDraakDuivel]
[31Jul2026 22:42:52.546] [Server thread/INFO] [net.minecraft.server.MinecraftServer/]: [XDraakDuivel: Teleported iAl3x2 to XDraakDuivel]
[31Jul2026 22:42:59.400] [Server thread/INFO] [net.minecraft.server.MinecraftServer/]: [XDraakDuivel: Teleported iAl3x2 to XDraakDuivel]
[31Jul2026 22:43:02.475] [Server thread/INFO] [net.minecraft.server.MinecraftServer/]: [XDraakDuivel: Set the time to 0]
[31Jul2026 22:43:12.999] [Server thread/INFO] [net.minecraft.server.MinecraftServer/]: XDraakDuivel has made the advancement [Magery]
[31Jul2026 22:43:43.976] [Server thread/INFO] [net.minecraft.server.MinecraftServer/]: [XDraakDuivel: Teleported iAl3x2 to XDraakDuivel]
[31Jul2026 22:43:44.040] [Server thread/WARN] [net.minecraft.world.level.entity.PersistentEntitySectionManager/]: UUID of added entity already exists: BabyScorpionEntity['Baby Scorpion'/62072, l='ServerLevel[world]', x=-264.07, y=-22.00, z=-9.02]
[31Jul2026 22:43:44.040] [Server thread/WARN] [net.minecraft.world.level.entity.PersistentEntitySectionManager/]: UUID of added entity already exists: BabyScorpionEntity['Baby Scorpion'/62073, l='ServerLevel[world]', x=-264.47, y=-22.00, z=-8.52]
[31Jul2026 22:44:52.254] [Server thread/INFO] [net.minecraft.server.MinecraftServer/]: [XDraakDuivel: Applied effect Regeneration to iAl3x2]
[31Jul2026 22:44:55.883] [Server thread/INFO] [net.minecraft.server.MinecraftServer/]: [XDraakDuivel: Applied effect Regeneration to iAl3x2]
[31Jul2026 22:45:08.919] [Server thread/INFO] [net.minecraft.server.MinecraftServer/]: [XDraakDuivel: Applied effect Regeneration to iAl3x2]
[31Jul2026 22:45:15.902] [Server thread/INFO] [net.minecraft.server.MinecraftServer/]: [XDraakDuivel: Teleported iAl3x2 to XDraakDuivel]
[31Jul2026 22:45:23.529] [Server thread/INFO] [net.minecraft.server.MinecraftServer/]: [XDraakDuivel: Teleported iAl3x2 to XDraakDuivel]
[31Jul2026 22:45:28.701] [Server thread/INFO] [net.minecraft.server.MinecraftServer/]: [XDraakDuivel: Teleported iAl3x2 to XDraakDuivel]
[31Jul2026 22:46:13.072] [Server thread/WARN] [net.minecraft.world.level.entity.PersistentEntitySectionManager/]: UUID of added entity already exists: Bird['Robin'/62874, l='ServerLevel[world]', x=-258.00, y=66.00, z=-350.00]
[31Jul2026 22:46:13.073] [Server thread/WARN] [net.minecraft.world.level.entity.PersistentEntitySectionManager/]: UUID of added entity already exists: Bird['Robin'/62875, l='ServerLevel[world]', x=-261.00, y=66.00, z=-350.00]
[31Jul2026 22:46:13.073] [Server thread/WARN] [net.minecraft.world.level.entity.PersistentEntitySectionManager/]: UUID of added entity already exists: Bird['Robin'/62876, l='ServerLevel[world]', x=-264.00, y=66.00, z=-351.00]
[31Jul2026 22:46:13.074] [Server thread/WARN] [net.minecraft.world.level.entity.PersistentEntitySectionManager/]: UUID of added entity already exists: Bird['Robin'/62877, l='ServerLevel[world]', x=-264.00, y=66.00, z=-350.00]
[31Jul2026 22:46:14.647] [Server thread/WARN] [net.minecraft.world.level.entity.PersistentEntitySectionManager/]: UUID of added entity already exists: Bird['Sparrow'/62927, l='ServerLevel[world]', x=-319.00, y=76.00, z=-343.00]
[31Jul2026 22:46:14.647] [Server thread/WARN] [net.minecraft.world.level.entity.PersistentEntitySectionManager/]: UUID of added entity already exists: Bird['Sparrow'/62928, l='ServerLevel[world]', x=-319.50, y=76.00, z=-342.00]
[31Jul2026 22:46:14.648] [Server thread/WARN] [net.minecraft.world.level.entity.PersistentEntitySectionManager/]: UUID of added entity already exists: Bird['Sparrow'/62929, l='ServerLevel[world]', x=-317.00, y=76.00, z=-339.00]
[31Jul2026 22:46:15.813] [Server thread/WARN] [net.minecraft.world.level.entity.PersistentEntitySectionManager/]: UUID of added entity already exists: Pillager['Pillager'/62945, l='ServerLevel[world]', x=-438.50, y=84.00, z=-278.50]
[31Jul2026 22:46:15.814] [Server thread/WARN] [net.minecraft.world.level.entity.PersistentEntitySectionManager/]: UUID of added entity already exists: Pillager['Pillager'/62946, l='ServerLevel[world]', x=-438.50, y=84.00, z=-278.50]
[31Jul2026 22:46:15.814] [Server thread/WARN] [net.minecraft.world.level.entity.PersistentEntitySectionManager/]: UUID of added entity already exists: Pillager['Pillager'/62947, l='ServerLevel[world]', x=-438.50, y=84.00, z=-278.50]
[31Jul2026 22:46:15.815] [Server thread/WARN] [net.minecraft.world.level.entity.PersistentEntitySectionManager/]: UUID of added entity already exists: Pillager['Pillager'/62948, l='ServerLevel[world]', x=-438.50, y=84.00, z=-278.50]
[31Jul2026 22:46:17.270] [Server thread/WARN] [net.minecraft.world.level.entity.PersistentEntitySectionManager/]: UUID of added entity already exists: Bird['Canary'/62968, l='ServerLevel[world]', x=-401.00, y=79.00, z=-319.00]
[31Jul2026 22:46:17.271] [Server thread/WARN] [net.minecraft.world.level.entity.PersistentEntitySectionManager/]: UUID of added entity already exists: Bird['Canary'/62969, l='ServerLevel[world]', x=-403.00, y=79.00, z=-319.00]
[31Jul2026 22:46:17.271] [Server thread/WARN] [net.minecraft.world.level.entity.PersistentEntitySectionManager/]: UUID of added entity already exists: Bird['Canary'/62970, l='ServerLevel[world]', x=-402.00, y=80.00, z=-317.00]
[31Jul2026 22:46:20.909] [Server thread/WARN] [net.minecraft.world.level.entity.PersistentEntitySectionManager/]: UUID of added entity already exists: EntityRaccoon['Raccoon'/63011, l='ServerLevel[world]', x=-190.00, y=68.00, z=-371.00]
[31Jul2026 22:46:20.910] [Server thread/WARN] [net.minecraft.world.level.entity.PersistentEntitySectionManager/]: UUID of added entity already exists: EntityRaccoon['Raccoon'/63012, l='ServerLevel[world]', x=-188.00, y=69.00, z=-371.00]
[31Jul2026 22:46:20.910] [Server thread/WARN] [net.minecraft.world.level.entity.PersistentEntitySectionManager/]: UUID of added entity already exists: EntityRaccoon['Raccoon'/63013, l='ServerLevel[world]', x=-189.00, y=68.00, z=-370.00]
[31Jul2026 22:46:21.653] [Server thread/WARN] [net.minecraft.world.level.entity.PersistentEntitySectionManager/]: UUID of added entity already exists: Butterfly['Butterfly'/63057, l='ServerLevel[world]', x=-488.00, y=92.00, z=-271.00]
[31Jul2026 22:46:21.653] [Server thread/WARN] [net.minecraft.world.level.entity.PersistentEntitySectionManager/]: UUID of added entity already exists: Butterfly['Butterfly'/63058, l='ServerLevel[world]', x=-489.00, y=92.00, z=-271.00]
[31Jul2026 22:46:21.654] [Server thread/WARN] [net.minecraft.world.level.entity.PersistentEntitySectionManager/]: UUID of added entity already exists: Butterfly['Butterfly'/63059, l='ServerLevel[world]', x=-492.00, y=90.00, z=-271.30]
[31Jul2026 22:46:21.655] [Server thread/WARN] [net.minecraft.world.level.entity.PersistentEntitySectionManager/]: UUID of added entity already exists: Butterfly['Butterfly'/63060, l='ServerLevel[world]', x=-487.00, y=92.00, z=-271.00]
[31Jul2026 22:46:21.821] [Server thread/WARN] [net.minecraft.world.level.entity.PersistentEntitySectionManager/]: UUID of added entity already exists: Bear['Bear'/63064, l='ServerLevel[world]', x=-515.00, y=67.00, z=-209.40]
[31Jul2026 22:46:22.529] [Server thread/INFO] [net.minecraft.server.MinecraftServer/]: [XDraakDuivel: Applied effect Regeneration to iAl3x2]
[31Jul2026 22:46:23.314] [Server thread/INFO] [net.minecraft.server.MinecraftServer/]: [XDraakDuivel: Applied effect Regeneration to iAl3x2]
[31Jul2026 22:46:24.919] [Server thread/WARN] [net.minecraft.server.MinecraftServer/]: Can't keep up! Is the server overloaded? Running 2035ms or 40 ticks behind
[31Jul2026 22:46:25.396] [Server thread/WARN] [net.minecraft.world.level.entity.PersistentEntitySectionManager/]: UUID of added entity already exists: Sheep['Sheep'/63077, l='ServerLevel[world]', x=-191.00, y=67.00, z=-399.10]
[31Jul2026 22:46:25.397] [Server thread/WARN] [net.minecraft.world.level.entity.PersistentEntitySectionManager/]: UUID of added entity already exists: Sheep['Sheep'/63078, l='ServerLevel[world]', x=-189.00, y=67.00, z=-397.00]
[31Jul2026 22:46:25.620] [Server thread/WARN] [net.minecraft.world.level.entity.PersistentEntitySectionManager/]: UUID of added entity already exists: Butterfly['Butterfly'/63086, l='ServerLevel[world]', x=-538.00, y=67.00, z=-223.00]
[31Jul2026 22:46:25.620] [Server thread/WARN] [net.minecraft.world.level.entity.PersistentEntitySectionManager/]: UUID of added entity already exists: Butterfly['Butterfly'/63087, l='ServerLevel[world]', x=-539.00, y=67.00, z=-222.00]
[31Jul2026 22:46:25.621] [Server thread/WARN] [net.minecraft.world.level.entity.PersistentEntitySectionManager/]: UUID of added entity already exists: Butterfly['Butterfly'/63088, l='ServerLevel[world]', x=-540.00, y=67.00, z=-222.00]
[31Jul2026 22:46:26.739] [Server thread/INFO] [de.sarocesch.sarosclearlag.SarosClearlag/]: Cleared 63 entities
[31Jul2026 22:46:29.495] [Server thread/WARN] [net.minecraft.world.level.entity.PersistentEntitySectionManager/]: UUID of added entity already exists: Sheep['Sheep'/63169, l='ServerLevel[world]', x=-199.00, y=67.00, z=-415.00]
[31Jul2026 22:46:29.496] [Server thread/WARN] [net.minecraft.world.level.entity.PersistentEntitySectionManager/]: UUID of added entity already exists: Sheep['Sheep'/63170, l='ServerLevel[world]', x=-200.00, y=67.00, z=-414.00]
[31Jul2026 22:46:29.496] [Server thread/WARN] [net.minecraft.world.level.entity.PersistentEntitySectionManager/]: UUID of added entity already exists: Sheep['Sheep'/63171, l='ServerLevel[world]', x=-197.00, y=68.00, z=-414.00]
[31Jul2026 22:46:29.497] [Server thread/WARN] [net.minecraft.world.level.entity.PersistentEntitySectionManager/]: UUID of added entity already exists: Sheep['Sheep'/63172, l='ServerLevel[world]', x=-198.00, y=67.00, z=-415.00]
[31Jul2026 22:46:31.401] [Server thread/WARN] [net.minecraft.world.level.entity.PersistentEntitySectionManager/]: UUID of added entity already exists: Cow['Cow'/63245, l='ServerLevel[world]', x=-79.00, y=101.00, z=-377.00]
[31Jul2026 22:46:31.401] [Server thread/WARN] [net.minecraft.world.level.entity.PersistentEntitySectionManager/]: UUID of added entity already exists: Cow['Cow'/63246, l='ServerLevel[world]', x=-78.00, y=101.00, z=-374.00]
[31Jul2026 22:46:31.402] [Server thread/WARN] [net.minecraft.world.level.entity.PersistentEntitySectionManager/]: UUID of added entity already exists: Cow['Cow'/63247, l='ServerLevel[world]', x=-76.00, y=101.00, z=-375.00]
[31Jul2026 22:46:31.403] [Server thread/WARN] [net.minecraft.world.level.entity.PersistentEntitySectionManager/]: UUID of added entity already exists: Cow['Cow'/63248, l='ServerLevel[world]', x=-72.00, y=99.00, z=-377.00]
[31Jul2026 22:46:36.784] [Server thread/WARN] [net.minecraft.world.level.entity.PersistentEntitySectionManager/]: UUID of added entity already exists: Bird['Sparrow'/63279, l='ServerLevel[world]', x=-325.00, y=63.00, z=-420.00]
[31Jul2026 22:46:36.785] [Server thread/WARN] [net.minecraft.world.level.entity.PersistentEntitySectionManager/]: UUID of added entity already exists: Bird['Sparrow'/63280, l='ServerLevel[world]', x=-325.00, y=63.00, z=-420.00]
[31Jul2026 22:46:37.271] [Server thread/WARN] [net.minecraft.world.level.entity.PersistentEntitySectionManager/]: UUID of added entity already exists: Villager['Nelia'/63304, l='ServerLevel[world]', x=94.69, y=63.06, z=122.45]
[31Jul2026 22:46:37.272] [Server thread/WARN] [net.minecraft.world.level.entity.PersistentEntitySectionManager/]: UUID of added entity already exists: Zombie['Zombie'/63305, l='ServerLevel[world]', x=94.15, y=68.00, z=126.42]
[31Jul2026 22:46:37.272] [Server thread/WARN] [net.minecraft.world.level.entity.PersistentEntitySectionManager/]: UUID of added entity already exists: Zombie['Zombie'/63306, l='ServerLevel[world]', x=94.81, y=67.00, z=125.46]
[31Jul2026 22:46:38.011] [Server thread/WARN] [net.minecraft.world.level.entity.PersistentEntitySectionManager/]: UUID of added entity already exists: Snail['Snail'/63314, l='ServerLevel[world]', x=-425.00, y=67.00, z=-393.00]
[31Jul2026 22:46:38.011] [Server thread/WARN] [net.minecraft.world.level.entity.PersistentEntitySectionManager/]: UUID of added entity already exists: Snail['Snail'/63315, l='ServerLevel[world]', x=-422.00, y=68.00, z=-389.00]
[31Jul2026 22:46:38.012] [Server thread/WARN] [net.minecraft.world.level.entity.PersistentEntitySectionManager/]: UUID of added entity already exists: Snail['Snail'/63316, l='ServerLevel[world]', x=-423.00, y=68.00, z=-389.00]
[31Jul2026 22:46:39.256] [Server thread/WARN] [net.minecraft.world.level.entity.PersistentEntitySectionManager/]: UUID of added entity already exists: EntityCrow['Crow'/63327, l='ServerLevel[world]', x=-204.00, y=66.00, z=-447.00]
[31Jul2026 22:46:39.257] [Server thread/WARN] [net.minecraft.world.level.entity.PersistentEntitySectionManager/]: UUID of added entity already exists: EntityCrow['Crow'/63328, l='ServerLevel[world]', x=-205.00, y=66.00, z=-447.00]
[31Jul2026 22:46:39.257] [Server thread/WARN] [net.minecraft.world.level.entity.PersistentEntitySectionManager/]: UUID of added entity already exists: EntityCrow['Crow'/63329, l='ServerLevel[world]', x=-203.00, y=66.00, z=-445.00]
[31Jul2026 22:46:39.258] [Server thread/WARN] [net.minecraft.world.level.entity.PersistentEntitySectionManager/]: UUID of added entity already exists: Snake['Snake'/63330, l='ServerLevel[world]', x=-207.40, y=65.00, z=-433.00]
[31Jul2026 22:46:39.793] [Server thread/WARN] [net.minecraft.world.level.entity.PersistentEntitySectionManager/]: UUID of added entity already exists: Bear['Bear'/63334, l='ServerLevel[world]', x=-606.00, y=63.00, z=-190.00]
[31Jul2026 22:46:40.075] [Server thread/WARN] [net.minecraft.world.level.entity.PersistentEntitySectionManager/]: UUID of added entity already exists: Villager['Leonardo'/63343, l='ServerLevel[world]', x=94.70, y=63.06, z=129.50]
[31Jul2026 22:46:40.076] [Server thread/WARN] [net.minecraft.world.level.entity.PersistentEntitySectionManager/]: UUID of added entity already exists: Zombie['Zombie'/63344, l='ServerLevel[world]', x=92.09, y=79.67, z=142.70]
[31Jul2026 22:46:40.076] [Server thread/WARN] [net.minecraft.world.level.entity.PersistentEntitySectionManager/]: UUID of added entity already exists: Zombie['Zombie'/63345, l='ServerLevel[world]', x=92.79, y=79.80, z=142.70]
[31Jul2026 22:46:40.077] [Server thread/WARN] [net.minecraft.world.level.entity.PersistentEntitySectionManager/]: UUID of added entity already exists: Zombie['Zombie'/63346, l='ServerLevel[world]', x=92.18, y=81.56, z=141.28]
[31Jul2026 22:46:40.639] [Server thread/WARN] [net.minecraft.world.level.entity.PersistentEntitySectionManager/]: UUID of added entity already exists: Sheep['Sheep'/63356, l='ServerLevel[world]', x=58.00, y=66.00, z=-309.00]
[31Jul2026 22:46:40.639] [Server thread/WARN] [net.minecraft.world.level.entity.PersistentEntitySectionManager/]: UUID of added entity already exists: Sheep['Sheep'/63357, l='ServerLevel[world]', x=60.00, y=67.00, z=-312.00]
[31Jul2026 22:46:40.640] [Server thread/WARN] [net.minecraft.world.level.entity.PersistentEntitySectionManager/]: UUID of added entity already exists: Sheep['Sheep'/63358, l='ServerLevel[world]', x=60.00, y=67.00, z=-312.00]
[31Jul2026 22:46:40.640] [Server thread/WARN] [net.minecraft.world.level.entity.PersistentEntitySectionManager/]: UUID of added entity already exists: Sheep['Sheep'/63359, l='ServerLevel[world]', x=62.00, y=67.00, z=-311.00]
[31Jul2026 22:46:41.078] [Server thread/WARN] [net.minecraft.world.level.entity.PersistentEntitySectionManager/]: UUID of added entity already exists: Bird['Robin'/63368, l='ServerLevel[world]', x=-522.00, y=94.00, z=-333.00]
[31Jul2026 22:46:41.078] [Server thread/WARN] [net.minecraft.world.level.entity.PersistentEntitySectionManager/]: UUID of added entity already exists: Bird['Robin'/63369, l='ServerLevel[world]', x=-524.00, y=94.00, z=-334.00]
[31Jul2026 22:46:41.079] [Server thread/WARN] [net.minecraft.world.level.entity.PersistentEntitySectionManager/]: UUID of added entity already exists: Bird['Robin'/63370, l='ServerLevel[world]', x=-526.00, y=93.00, z=-334.00]
[31Jul2026 22:46:41.079] [Server thread/WARN] [net.minecraft.world.level.entity.PersistentEntitySectionManager/]: UUID of added entity already exists: Bird['Robin'/63371, l='ServerLevel[world]', x=-527.00, y=93.00, z=-334.00]
[31Jul2026 22:46:41.776] [Server thread/WARN] [net.minecraft.world.level.entity.PersistentEntitySectionManager/]: UUID of added entity already exists: WanderingGardenerEntity['Wandering Gardener'/63373, l='ServerLevel[world]', x=78.21, y=66.00, z=-297.53]
[31Jul2026 22:46:42.094] [Server thread/WARN] [net.minecraft.world.level.entity.PersistentEntitySectionManager/]: UUID of added entity already exists: Villager['Karolyn'/63384, l='ServerLevel[world]', x=103.30, y=63.06, z=122.50]
[31Jul2026 22:46:42.094] [Server thread/WARN] [net.minecraft.world.level.entity.PersistentEntitySectionManager/]: UUID of added entity already exists: Zombie['Zombie'/63385, l='ServerLevel[world]', x=105.50, y=71.17, z=124.51]
[31Jul2026 22:46:42.095] [Server thread/WARN] [net.minecraft.world.level.entity.PersistentEntitySectionManager/]: UUID of added entity already exists: Villager['Asuncion'/63386, l='ServerLevel[world]', x=100.23, y=63.06, z=123.48]
[31Jul2026 22:46:42.096] [Server thread/WARN] [net.minecraft.world.level.entity.PersistentEntitySectionManager/]: UUID of added entity already exists: Zombie['Zombie'/63387, l='ServerLevel[world]', x=97.22, y=63.00, z=125.55]
[31Jul2026 22:46:42.097] [Server thread/WARN] [net.minecraft.world.level.entity.PersistentEntitySectionManager/]: UUID of added entity already exists: Zombie['Zombie'/63388, l='ServerLevel[world]', x=101.48, y=75.00, z=122.72]
[31Jul2026 22:46:42.764] [Server thread/WARN] [net.minecraft.world.level.entity.PersistentEntitySectionManager/]: UUID of added entity already exists: Zombie['Zombie'/63394, l='ServerLevel[world]', x=87.51, y=66.00, z=147.49]
[31Jul2026 22:46:44.929] [Server thread/WARN] [net.minecraft.world.level.entity.PersistentEntitySectionManager/]: UUID of added entity already exists: Cow['Cow'/63424, l='ServerLevel[world]', x=73.00, y=66.00, z=-306.00]
[31Jul2026 22:46:44.929] [Server thread/WARN] [net.minecraft.world.level.entity.PersistentEntitySectionManager/]: UUID of added entity already exists: Cow['Cow'/63425, l='ServerLevel[world]', x=75.00, y=66.00, z=-307.00]
[31Jul2026 22:46:44.930] [Server thread/WARN] [net.minecraft.world.level.entity.PersistentEntitySectionManager/]: UUID of added entity already exists: Cow['Cow'/63426, l='ServerLevel[world]', x=78.00, y=66.00, z=-306.00]
[31Jul2026 22:46:44.930] [Server thread/WARN] [net.minecraft.world.level.entity.PersistentEntitySectionManager/]: UUID of added entity already exists: Cow['Cow'/63427, l='ServerLevel[world]', x=73.00, y=66.00, z=-305.00]
[31Jul2026 22:46:45.036] [Server thread/WARN] [net.minecraft.world.level.entity.PersistentEntitySectionManager/]: UUID of added entity already exists: Villager['Hugh'/63449, l='ServerLevel[world]', x=103.07, y=63.06, z=128.90]
[31Jul2026 22:46:45.036] [Server thread/WARN] [net.minecraft.world.level.entity.PersistentEntitySectionManager/]: UUID of added entity already exists: Zombie['Zombie'/63450, l='ServerLevel[world]', x=111.81, y=64.00, z=138.51]
[31Jul2026 22:46:45.037] [Server thread/WARN] [net.minecraft.world.level.entity.PersistentEntitySectionManager/]: UUID of added entity already exists: Zombie['Zombie'/63451, l='ServerLevel[world]', x=110.42, y=67.00, z=143.51]
[31Jul2026 22:46:45.037] [Server thread/WARN] [net.minecraft.world.level.entity.PersistentEntitySectionManager/]: UUID of added entity already exists: Zombie['Zombie'/63452, l='ServerLevel[world]', x=105.54, y=67.00, z=132.30]
[31Jul2026 22:46:45.038] [Server thread/WARN] [net.minecraft.world.level.entity.PersistentEntitySectionManager/]: UUID of added entity already exists: Zombie['Zombie'/63453, l='ServerLevel[world]', x=107.74, y=76.00, z=141.53]
[31Jul2026 22:46:45.038] [Server thread/WARN] [net.minecraft.world.level.entity.PersistentEntitySectionManager/]: UUID of added entity already exists: Zombie['Zombie'/63454, l='ServerLevel[world]', x=104.97, y=67.00, z=132.68]
[31Jul2026 22:46:45.039] [Server thread/WARN] [net.minecraft.world.level.entity.PersistentEntitySectionManager/]: UUID of added entity already exists: Zombie['Zombie'/63455, l='ServerLevel[world]', x=109.45, y=66.00, z=136.50]
[31Jul2026 22:46:45.039] [Server thread/WARN] [net.minecraft.world.level.entity.PersistentEntitySectionManager/]: UUID of added entity already exists: Zombie['Zombie'/63456, l='ServerLevel[world]', x=110.56, y=74.00, z=136.49]
[31Jul2026 22:46:45.040] [Server thread/WARN] [net.minecraft.world.level.entity.PersistentEntitySectionManager/]: UUID of added entity already exists: Zombie['Zombie'/63457, l='ServerLevel[world]', x=108.50, y=81.00, z=139.81]
[31Jul2026 22:46:45.040] [Server thread/WARN] [net.minecraft.world.level.entity.PersistentEntitySectionManager/]: UUID of added entity already exists: Zombie['Zombie'/63458, l='ServerLevel[world]', x=108.30, y=85.00, z=139.30]
[31Jul2026 22:46:45.041] [Server thread/WARN] [net.minecraft.world.level.entity.PersistentEntitySectionManager/]: UUID of added entity already exists: Zombie['Zombie'/63459, l='ServerLevel[world]', x=108.82, y=89.00, z=139.50]
[31Jul2026 22:46:45.041] [Server thread/WARN] [net.minecraft.world.level.entity.PersistentEntitySectionManager/]: UUID of added entity already exists: Zombie['Zombie'/63460, l='ServerLevel[world]', x=111.33, y=89.00, z=140.16]
[31Jul2026 22:46:45.042] [Server thread/WARN] [net.minecraft.world.level.entity.PersistentEntitySectionManager/]: UUID of added entity already exists: Zombie['Zombie'/63461, l='ServerLevel[world]', x=108.73, y=89.00, z=143.46]
[31Jul2026 22:46:45.042] [Server thread/WARN] [net.minecraft.world.level.entity.PersistentEntitySectionManager/]: UUID of added entity already exists: Zombie['Zombie'/63462, l='ServerLevel[world]', x=99.31, y=70.00, z=133.78]
[31Jul2026 22:46:45.043] [Server thread/WARN] [net.minecraft.world.level.entity.PersistentEntitySectionManager/]: UUID of added entity already exists: Zombie['Zombie'/63463, l='ServerLevel[world]', x=99.22, y=76.00, z=143.52]
[31Jul2026 22:46:45.043] [Server thread/WARN] [net.minecraft.world.level.entity.PersistentEntitySectionManager/]: UUID of added entity already exists: Zombie['Zombie'/63464, l='ServerLevel[world]', x=98.82, y=67.00, z=143.49]
[31Jul2026 22:46:45.044] [Server thread/WARN] [net.minecraft.world.level.entity.PersistentEntitySectionManager/]: UUID of added entity already exists: Zombie['Zombie'/63465, l='ServerLevel[world]', x=97.50, y=70.00, z=135.70]
[31Jul2026 22:46:45.044] [Server thread/WARN] [net.minecraft.world.level.entity.PersistentEntitySectionManager/]: UUID of added entity already exists: Zombie['Zombie'/63466, l='ServerLevel[world]', x=96.79, y=63.00, z=139.22]
[31Jul2026 22:46:45.045] [Server thread/WARN] [net.minecraft.world.level.entity.PersistentEntitySectionManager/]: UUID of added entity already exists: Zombie['Zombie'/63467, l='ServerLevel[world]', x=97.28, y=75.00, z=130.48]
[31Jul2026 22:46:45.045] [Server thread/WARN] [net.minecraft.world.level.entity.PersistentEntitySectionManager/]: UUID of added entity already exists: Zombie['Zombie'/63468, l='ServerLevel[world]', x=102.30, y=70.00, z=139.52]
[31Jul2026 22:46:45.381] [Server thread/WARN] [net.minecraft.world.level.entity.PersistentEntitySectionManager/]: UUID of added entity already exists: EntityPotoo['Potoo'/63474, l='ServerLevel[world]', x=-76.00, y=112.00, z=-420.00]
[31Jul2026 22:46:46.234] [Server thread/WARN] [net.minecraft.world.level.entity.PersistentEntitySectionManager/]: UUID of added entity already exists: Cow['Cow'/63487, l='ServerLevel[world]', x=-606.00, y=66.00, z=-230.00]
[31Jul2026 22:46:46.235] [Server thread/WARN] [net.minecraft.world.level.entity.PersistentEntitySectionManager/]: UUID of added entity already exists: Deer['Deer'/63488, l='ServerLevel[world]', x=-603.00, y=66.00, z=-238.00]
[31Jul2026 22:46:46.235] [Server thread/WARN] [net.minecraft.world.level.entity.PersistentEntitySectionManager/]: UUID of added entity already exists: Deer['Deer'/63489, l='ServerLevel[world]', x=-604.00, y=66.00, z=-238.00]
[31Jul2026 22:46:46.236] [Server thread/WARN] [net.minecraft.world.level.entity.PersistentEntitySectionManager/]: UUID of added entity already exists: Deer['Deer'/63490, l='ServerLevel[world]', x=-605.00, y=66.00, z=-238.70]
[31Jul2026 22:46:46.236] [Server thread/WARN] [net.minecraft.world.level.entity.PersistentEntitySectionManager/]: UUID of added entity already exists: Deer['Deer'/63491, l='ServerLevel[world]', x=-604.00, y=66.00, z=-238.00]
[31Jul2026 22:46:46.236] [Server thread/WARN] [net.minecraft.world.level.entity.PersistentEntitySectionManager/]: UUID of added entity already exists: Deer['Deer'/63492, l='ServerLevel[world]', x=-605.00, y=66.00, z=-238.70]
[31Jul2026 22:46:47.832] [Server thread/WARN] [net.minecraft.world.level.entity.PersistentEntitySectionManager/]: UUID of added entity already exists: Zombie['Zombie'/63509, l='ServerLevel[world]', x=103.44, y=73.50, z=144.48]
[31Jul2026 22:46:47.832] [Server thread/WARN] [net.minecraft.world.level.entity.PersistentEntitySectionManager/]: UUID of added entity already exists: Zombie['Zombie'/63510, l='ServerLevel[world]', x=105.50, y=71.02, z=144.50]
[31Jul2026 22:46:47.833] [Server thread/WARN] [net.minecraft.world.level.entity.PersistentEntitySectionManager/]: UUID of added entity already exists: Zombie['Zombie'/63511, l='ServerLevel[world]', x=100.50, y=65.00, z=153.30]
[31Jul2026 22:46:47.833] [Server thread/WARN] [net.minecraft.world.level.entity.PersistentEntitySectionManager/]: UUID of added entity already exists: Zombie['Zombie'/63512, l='ServerLevel[world]', x=99.15, y=81.00, z=147.50]
[31Jul2026 22:46:48.152] [Server thread/WARN] [net.minecraft.world.level.entity.PersistentEntitySectionManager/]: UUID of added entity already exists: EntityRaccoon['Raccoon'/63518, l='ServerLevel[world]', x=-24.00, y=89.00, z=-415.00]
[31Jul2026 22:46:49.091] [Server thread/WARN] [net.minecraft.server.MinecraftServer/]: Can't keep up! Is the server overloaded? Running 9206ms or 184 ticks behind
[31Jul2026 22:46:49.447] [Server thread/WARN] [net.minecraft.world.level.entity.PersistentEntitySectionManager/]: UUID of added entity already exists: Sheep['Sheep'/63528, l='ServerLevel[world]', x=-520.00, y=96.00, z=-358.00]
[31Jul2026 22:46:50.127] [Server thread/WARN] [net.minecraft.world.level.entity.PersistentEntitySectionManager/]: UUID of added entity already exists: Zombie['Zombie'/63553, l='ServerLevel[world]', x=118.48, y=65.00, z=128.42]
[31Jul2026 22:46:50.128] [Server thread/WARN] [net.minecraft.world.level.entity.PersistentEntitySectionManager/]: UUID of added entity already exists: Zombie['Zombie'/63554, l='ServerLevel[world]', x=112.49, y=70.00, z=143.27]
[31Jul2026 22:46:50.128] [Server thread/WARN] [net.minecraft.world.level.entity.PersistentEntitySectionManager/]: UUID of added entity already exists: Zombie['Zombie'/63555, l='ServerLevel[world]', x=112.52, y=76.00, z=140.08]
[31Jul2026 22:46:50.129] [Server thread/WARN] [net.minecraft.world.level.entity.PersistentEntitySectionManager/]: UUID of added entity already exists: Zombie['Zombie'/63556, l='ServerLevel[world]', x=117.30, y=67.00, z=136.55]
[31Jul2026 22:46:50.129] [Server thread/WARN] [net.minecraft.world.level.entity.PersistentEntitySectionManager/]: UUID of added entity already exists: Drowned['Drowned'/63557, l='ServerLevel[world]', x=112.00, y=89.00, z=140.41]
[31Jul2026 22:46:50.634] [Server thread/WARN] [net.minecraft.world.level.entity.PersistentEntitySectionManager/]: UUID of added entity already exists: Horse['Horse'/63565, l='ServerLevel[world]', x=-238.00, y=66.00, z=-478.60]
[31Jul2026 22:46:50.635] [Server thread/WARN] [net.minecraft.world.level.entity.PersistentEntitySectionManager/]: UUID of added entity already exists: Horse['Horse'/63566, l='ServerLevel[world]', x=-235.00, y=66.00, z=-478.00]
[31Jul2026 22:46:51.284] [Server thread/WARN] [net.minecraft.world.level.entity.PersistentEntitySectionManager/]: UUID of added entity already exists: Butterfly['Butterfly'/63587, l='ServerLevel[world]', x=-569.00, y=81.00, z=-309.00]
[31Jul2026 22:46:51.285] [Server thread/WARN] [net.minecraft.world.level.entity.PersistentEntitySectionManager/]: UUID of added entity already exists: Butterfly['Butterfly'/63588, l='ServerLevel[world]', x=-568.00, y=80.00, z=-307.00]
[31Jul2026 22:46:52.301] [Server thread/WARN] [net.minecraft.world.level.entity.PersistentEntitySectionManager/]: UUID of added entity already exists: Silverfish['Silverfish'/63614, l='ServerLevel[world]', x=-110.11, y=46.00, z=-458.45]
[31Jul2026 22:46:52.302] [Server thread/WARN] [net.minecraft.world.level.entity.PersistentEntitySectionManager/]: UUID of added entity already exists: Silverfish['Silverfish'/63615, l='ServerLevel[world]', x=-99.35, y=46.00, z=-450.51]
[31Jul2026 22:46:52.302] [Server thread/WARN] [net.minecraft.world.level.entity.PersistentEntitySectionManager/]: UUID of added entity already exists: Silverfish['Silverfish'/63616, l='ServerLevel[world]', x=-106.89, y=46.00, z=-450.11]
[31Jul2026 22:46:52.303] [Server thread/WARN] [net.minecraft.world.level.entity.PersistentEntitySectionManager/]: UUID of added entity already exists: Silverfish['Silverfish'/63617, l='ServerLevel[world]', x=-99.47, y=45.88, z=-455.06]
[31Jul2026 22:46:53.548] [Server thread/WARN] [net.minecraft.world.level.entity.PersistentEntitySectionManager/]: UUID of added entity already exists: Zombie['Zombie'/63627, l='ServerLevel[world]', x=113.06, y=67.00, z=148.05]
[31Jul2026 22:46:54.207] [Server thread/WARN] [net.minecraft.world.level.entity.PersistentEntitySectionManager/]: UUID of added entity already exists: Bird['Sparrow'/63652, l='ServerLevel[world]', x=-520.00, y=94.00, z=-379.00]
[31Jul2026 22:46:54.208] [Server thread/WARN] [net.minecraft.world.level.entity.PersistentEntitySectionManager/]: UUID of added entity already exists: Bird['Sparrow'/63653, l='ServerLevel[world]', x=-521.00, y=92.00, z=-382.00]
[31Jul2026 22:46:54.208] [Server thread/WARN] [net.minecraft.world.level.entity.PersistentEntitySectionManager/]: UUID of added entity already exists: Bird['Sparrow'/63654, l='ServerLevel[world]', x=-523.00, y=87.00, z=-383.50]
[31Jul2026 22:46:55.750] [Server thread/INFO] [net.minecraft.server.MinecraftServer/]: [XDraakDuivel: Teleported iAl3x2 to XDraakDuivel]
[31Jul2026 22:46:57.686] [Server thread/WARN] [net.minecraft.world.level.entity.PersistentEntitySectionManager/]: UUID of added entity already exists: Butterfly['Butterfly'/63694, l='ServerLevel[world]', x=-649.00, y=69.00, z=-178.00]
[31Jul2026 22:46:57.686] [Server thread/WARN] [net.minecraft.world.level.entity.PersistentEntitySectionManager/]: UUID of added entity already exists: Butterfly['Butterfly'/63695, l='ServerLevel[world]', x=-647.00, y=68.00, z=-183.00]
[31Jul2026 22:46:57.687] [Server thread/WARN] [net.minecraft.world.level.entity.PersistentEntitySectionManager/]: UUID of added entity already exists: Butterfly['Butterfly'/63696, l='ServerLevel[world]', x=-647.00, y=68.00, z=-183.00]
[31Jul2026 22:46:57.687] [Server thread/WARN] [net.minecraft.world.level.entity.PersistentEntitySectionManager/]: UUID of added entity already exists: Butterfly['Butterfly'/63697, l='ServerLevel[world]', x=-644.00, y=68.00, z=-180.00]
[31Jul2026 22:46:57.687] [Server thread/WARN] [net.minecraft.world.level.entity.PersistentEntitySectionManager/]: UUID of added entity already exists: Butterfly['Butterfly'/63698, l='ServerLevel[world]', x=-643.00, y=68.00, z=-181.00]
[31Jul2026 22:47:04.101] [Server thread/INFO] [net.minecraft.server.MinecraftServer/]: [XDraakDuivel: Applied effect Regeneration to iAl3x2]
[31Jul2026 22:47:06.977] [Server thread/INFO] [net.minecraft.server.MinecraftServer/]: [XDraakDuivel: Applied effect Regeneration to iAl3x2]
[31Jul2026 22:47:37.115] [Server thread/INFO] [net.minecraft.server.MinecraftServer/]: [XDraakDuivel: Applied effect Regeneration to iAl3x2]
[31Jul2026 22:48:10.955] [Server thread/INFO] [net.minecraft.server.MinecraftServer/]: iAl3x2 has made the advancement [Lost in the Snow]
[31Jul2026 22:48:23.464] [Server thread/INFO] [net.minecraft.server.MinecraftServer/]: iAl3x2 has made the advancement [Crisis Adverted]
[31Jul2026 22:48:48.072] [Server thread/INFO] [net.minecraft.server.MinecraftServer/]: iAl3x2 didn't duck and cover
[31Jul2026 22:48:52.250] [Server thread/INFO] [Scaling Health/]: Player lost 0.00 heart crystal(s)
[31Jul2026 22:48:52.250] [Server thread/INFO] [Scaling Health/]: Player lost -0.00 difficulty
[31Jul2026 22:48:59.362] [Server thread/INFO] [net.minecraft.server.MinecraftServer/]: [XDraakDuivel: Teleported iAl3x2 to XDraakDuivel]
[31Jul2026 22:49:48.630] [Server thread/INFO] [net.minecraft.server.MinecraftServer/]: [XDraakDuivel: Applied effect Regeneration to iAl3x2]
[31Jul2026 22:50:07.574] [Server thread/INFO] [net.minecraft.server.MinecraftServer/]: [XDraakDuivel: Teleported iAl3x2 to XDraakDuivel]
[31Jul2026 22:50:13.266] [Server thread/INFO] [net.minecraft.server.MinecraftServer/]: [XDraakDuivel: Gave 100000 experience points to iAl3x2]
[31Jul2026 22:50:14.552] [Server thread/INFO] [net.minecraft.server.MinecraftServer/]: [XDraakDuivel: Gave 100000 experience points to iAl3x2]
[31Jul2026 22:50:15.367] [Server thread/INFO] [net.minecraft.server.MinecraftServer/]: [XDraakDuivel: Gave 100000 experience points to iAl3x2]
[31Jul2026 22:50:15.707] [Server thread/INFO] [net.minecraft.server.MinecraftServer/]: [XDraakDuivel: Gave 100000 experience points to iAl3x2]
[31Jul2026 22:50:16.029] [Server thread/INFO] [net.minecraft.server.MinecraftServer/]: [XDraakDuivel: Gave 100000 experience points to iAl3x2]
[31Jul2026 22:50:16.303] [Server thread/INFO] [net.minecraft.server.MinecraftServer/]: [XDraakDuivel: Gave 100000 experience points to iAl3x2]
[31Jul2026 22:50:16.606] [Server thread/INFO] [net.minecraft.server.MinecraftServer/]: [XDraakDuivel: Gave 100000 experience points to iAl3x2]
[31Jul2026 22:50:17.004] [Server thread/INFO] [net.minecraft.server.MinecraftServer/]: [XDraakDuivel: Gave 100000 experience points to iAl3x2]
[31Jul2026 22:50:17.430] [Server thread/INFO] [net.minecraft.server.MinecraftServer/]: [XDraakDuivel: Gave 100000 experience points to iAl3x2]
[31Jul2026 22:50:17.771] [Server thread/INFO] [net.minecraft.server.MinecraftServer/]: [XDraakDuivel: Gave 100000 experience points to iAl3x2]
[31Jul2026 22:50:18.169] [Server thread/INFO] [net.minecraft.server.MinecraftServer/]: [XDraakDuivel: Gave 100000 experience points to iAl3x2]
[31Jul2026 22:50:18.421] [Server thread/INFO] [net.minecraft.server.MinecraftServer/]: [XDraakDuivel: Gave 100000 experience points to iAl3x2]
[31Jul2026 22:50:18.710] [Server thread/INFO] [net.minecraft.server.MinecraftServer/]: [XDraakDuivel: Gave 100000 experience points to iAl3x2]
[31Jul2026 22:50:18.975] [Server thread/INFO] [net.minecraft.server.MinecraftServer/]: [XDraakDuivel: Gave 100000 experience points to iAl3x2]
[31Jul2026 22:50:19.328] [Server thread/INFO] [net.minecraft.server.MinecraftServer/]: [XDraakDuivel: Gave 100000 experience points to iAl3x2]
[31Jul2026 22:51:35.321] [Server thread/INFO] [de.sarocesch.sarosclearlag.SarosClearlag/]: Cleared 63 entities
[31Jul2026 22:51:35.703] [Server thread/INFO] [AllTheLeaks/]: Listing events...
[31Jul2026 22:51:35.703] [Server thread/INFO] [AllTheLeaks/]: Server Player Clone: 35
[31Jul2026 22:51:35.703] [Server thread/INFO] [AllTheLeaks/]: Listing memory leaks so far...
[31Jul2026 22:51:35.703] [Server thread/INFO] [AllTheLeaks/]: B: 1244MB / C: 4424MB / Diff: +3180MB
[31Jul2026 22:51:35.703] [Server thread/INFO] [AllTheLeaks/]: Memory Leaks detected: (/atl force_refresh to update)
[31Jul2026 22:51:35.703] [Server thread/INFO] [AllTheLeaks/]: | ChunkAccess:
[31Jul2026 22:51:35.703] [Server thread/INFO] [AllTheLeaks/]: |- LevelChunk (minecraft): 6670
[31Jul2026 22:51:35.703] [Server thread/INFO] [AllTheLeaks/]: | Player:
[31Jul2026 22:51:35.704] [Server thread/INFO] [AllTheLeaks/]: |- ServerPlayer (minecraft): 25
[31Jul2026 22:51:54.553] [Server thread/INFO] [net.minecraft.server.MinecraftServer/]: [XDraakDuivel: Applied effect Strength to XDraakDuivel]
[31Jul2026 22:52:00.180] [Server thread/INFO] [net.minecraft.server.MinecraftServer/]: XDraakDuivel has completed the challenge [Overkill]
